ISO-10303-21;
HEADER;
/* Generated by software containing ST-Developer
 * from STEP Tools, Inc. (www.steptools.com) 
 */

FILE_DESCRIPTION(
/* description */ (''),
/* implementation_level */ '2;1');

FILE_NAME(
/* name */ 'hackpad case.step',
/* time_stamp */ '2026-08-26T20:08:05+02:00',
/* author */ (''),
/* organization */ (''),
/* preprocessor_version */ 'ST-DEVELOPER v20.1',
/* originating_system */ 'Autodesk Translation Framework v15.8.0.0',
/* authorisation */ '');

FILE_SCHEMA (('AUTOMOTIVE_DESIGN { 1 0 10303 214 3 1 1 }'));
ENDSEC;

DATA;
#10=MECHANICAL_DESIGN_GEOMETRIC_PRESENTATION_REPRESENTATION('',(#51,#52),
#3021);
#11=SHAPE_REPRESENTATION_RELATIONSHIP('SRR','None',#3028,#12);
#12=ADVANCED_BREP_SHAPE_REPRESENTATION('',(#53,#54),#3020);
#13=SPHERICAL_SURFACE('',#1637,1.);
#14=SPHERICAL_SURFACE('',#1647,1.);
#15=SPHERICAL_SURFACE('',#1652,1.);
#16=SPHERICAL_SURFACE('',#1656,1.);
#17=B_SPLINE_CURVE_WITH_KNOTS('',3,(#2322,#2323,#2324,#2325,#2326,#2327,
#2328,#2329),.UNSPECIFIED.,.F.,.F.,(4,1,1,1,1,4),(-0.214358160065804,-0.153112971475574,
-0.122490377180459,-0.0918677828853445,-0.0612451885902297,0.),
 .UNSPECIFIED.);
#18=B_SPLINE_CURVE_WITH_KNOTS('',3,(#2331,#2332,#2333,#2334,#2335,#2336),
 .UNSPECIFIED.,.F.,.F.,(4,1,1,4),(0.,0.0612451885902297,0.0918677828853445,
0.107180179846874),.UNSPECIFIED.);
#19=B_SPLINE_CURVE_WITH_KNOTS('',3,(#2337,#2338,#2339,#2340,#2341,#2342),
 .UNSPECIFIED.,.F.,.F.,(4,1,1,4),(0.107180179846874,0.122490377180459,0.153112971475574,
0.214358160065804),.UNSPECIFIED.);
#20=B_SPLINE_CURVE_WITH_KNOTS('',3,(#2391,#2392,#2393,#2394,#2395,#2396,
#2397,#2398),.UNSPECIFIED.,.F.,.F.,(4,1,1,1,1,4),(-0.214358160065801,-0.153112971475573,
-0.122490377180458,-0.0918677828853438,-0.0612451885902293,-5.08700653716134E-16),
 .UNSPECIFIED.);
#21=B_SPLINE_CURVE_WITH_KNOTS('',3,(#2399,#2400,#2401,#2402,#2403,#2404,
#2405,#2406),.UNSPECIFIED.,.F.,.F.,(4,1,1,1,1,4),(5.08700653716134E-16,
0.0612451885902293,0.0918677828853438,0.122490377180458,0.153112971475573,
0.214358160065801),.UNSPECIFIED.);
#22=B_SPLINE_CURVE_WITH_KNOTS('',3,(#2411,#2412,#2413,#2414,#2415,#2416,
#2417,#2418),.UNSPECIFIED.,.F.,.F.,(4,1,1,1,1,4),(-0.214358160065803,-0.153112971475574,
-0.122490377180459,-0.0918677828853443,-0.0612451885902296,0.),
 .UNSPECIFIED.);
#23=B_SPLINE_CURVE_WITH_KNOTS('',3,(#2524,#2525,#2526,#2527,#2528,#2529,
#2530,#2531),.UNSPECIFIED.,.F.,.F.,(4,1,1,1,1,4),(-0.214358160065802,-0.153112971475573,
-0.122490377180458,-0.0918677828853438,-0.0612451885902292,0.),
 .UNSPECIFIED.);
#24=B_SPLINE_CURVE_WITH_KNOTS('',3,(#2532,#2533,#2534,#2535,#2536,#2537,
#2538,#2539),.UNSPECIFIED.,.F.,.F.,(4,1,1,1,1,4),(0.,0.0612451885902292,
0.0918677828853438,0.122490377180458,0.153112971475573,0.214358160065802),
 .UNSPECIFIED.);
#25=B_SPLINE_CURVE_WITH_KNOTS('',3,(#2581,#2582,#2583,#2584,#2585,#2586),
 .UNSPECIFIED.,.F.,.F.,(4,1,1,4),(0.,0.0612451885902296,0.0918677828853443,
0.107180179846875),.UNSPECIFIED.);
#26=B_SPLINE_CURVE_WITH_KNOTS('',3,(#2587,#2588,#2589,#2590,#2591,#2592),
 .UNSPECIFIED.,.F.,.F.,(4,1,1,4),(0.107180179846875,0.122490377180459,0.153112971475574,
0.214358160065803),.UNSPECIFIED.);
#27=B_SPLINE_CURVE_WITH_KNOTS('',3,(#2595,#2596,#2597,#2598,#2599,#2600,
#2601,#2602),.UNSPECIFIED.,.F.,.F.,(4,1,1,1,1,4),(-0.214358160065798,-0.15311297147557,
-0.122490377180456,-0.0918677828853425,-0.0612451885902286,-8.40006578154397E-16),
 .UNSPECIFIED.);
#28=B_SPLINE_CURVE_WITH_KNOTS('',3,(#2679,#2680,#2681,#2682,#2683,#2684,
#2685,#2686),.UNSPECIFIED.,.F.,.F.,(4,1,1,1,1,4),(-0.2143581600658,-0.153112971475572,
-0.122490377180457,-0.091867782885343,-0.0612451885902286,0.),
 .UNSPECIFIED.);
#29=B_SPLINE_CURVE_WITH_KNOTS('',3,(#2687,#2688,#2689,#2690,#2691,#2692,
#2693,#2694),.UNSPECIFIED.,.F.,.F.,(4,1,1,1,1,4),(0.,0.0612451885902286,
0.091867782885343,0.122490377180457,0.153112971475572,0.2143581600658),
 .UNSPECIFIED.);
#30=B_SPLINE_CURVE_WITH_KNOTS('',3,(#2743,#2744,#2745,#2746,#2747,#2748,
#2749,#2750),.UNSPECIFIED.,.F.,.F.,(4,1,1,1,1,4),(8.40006578154397E-16,
0.0612451885902286,0.0918677828853425,0.122490377180456,0.15311297147557,
0.214358160065798),.UNSPECIFIED.);
#31=B_SPLINE_CURVE_WITH_KNOTS('',3,(#2753,#2754,#2755,#2756,#2757,#2758,
#2759,#2760),.UNSPECIFIED.,.F.,.F.,(4,1,1,1,1,4),(-0.2143581600658,-0.153112971475571,
-0.122490377180457,-0.0918677828853429,-0.0612451885902287,-3.98074001646186E-16),
 .UNSPECIFIED.);
#32=B_SPLINE_CURVE_WITH_KNOTS('',3,(#2837,#2838,#2839,#2840,#2841,#2842,
#2843,#2844),.UNSPECIFIED.,.F.,.F.,(4,1,1,1,1,4),(-0.214358160065797,-0.153112971475569,
-0.122490377180455,-0.0918677828853414,-0.0612451885902276,0.),
 .UNSPECIFIED.);
#33=B_SPLINE_CURVE_WITH_KNOTS('',3,(#2845,#2846,#2847,#2848,#2849,#2850,
#2851,#2852),.UNSPECIFIED.,.F.,.F.,(4,1,1,1,1,4),(0.,0.0612451885902276,
0.0918677828853414,0.122490377180455,0.153112971475569,0.214358160065797),
 .UNSPECIFIED.);
#34=B_SPLINE_CURVE_WITH_KNOTS('',3,(#2901,#2902,#2903,#2904,#2905,#2906,
#2907,#2908),.UNSPECIFIED.,.F.,.F.,(4,1,1,1,1,4),(3.98074001646186E-16,
0.0612451885902287,0.0918677828853429,0.122490377180457,0.153112971475571,
0.2143581600658),.UNSPECIFIED.);
#35=B_SPLINE_SURFACE_WITH_KNOTS('',3,3,((#2274,#2275,#2276,#2277,#2278,
#2279,#2280,#2281),(#2282,#2283,#2284,#2285,#2286,#2287,#2288,#2289),(#2290,
#2291,#2292,#2293,#2294,#2295,#2296,#2297),(#2298,#2299,#2300,#2301,#2302,
#2303,#2304,#2305),(#2306,#2307,#2308,#2309,#2310,#2311,#2312,#2313),(#2314,
#2315,#2316,#2317,#2318,#2319,#2320,#2321)),.UNSPECIFIED.,.F.,.F.,.F.,(4,
1,1,4),(4,1,1,1,1,4),(0.,0.285714285714286,0.5,1.),(0.,0.0612451885902297,
0.0918677828853445,0.122490377180459,0.153112971475574,0.214358160065804),
 .UNSPECIFIED.);
#36=B_SPLINE_SURFACE_WITH_KNOTS('',3,3,((#2343,#2344,#2345,#2346,#2347,
#2348,#2349,#2350),(#2351,#2352,#2353,#2354,#2355,#2356,#2357,#2358),(#2359,
#2360,#2361,#2362,#2363,#2364,#2365,#2366),(#2367,#2368,#2369,#2370,#2371,
#2372,#2373,#2374),(#2375,#2376,#2377,#2378,#2379,#2380,#2381,#2382),(#2383,
#2384,#2385,#2386,#2387,#2388,#2389,#2390)),.UNSPECIFIED.,.F.,.F.,.F.,(4,
1,1,4),(4,1,1,1,1,4),(0.,0.285714285714286,0.5,1.),(5.08700653716134E-16,
0.0612451885902293,0.0918677828853438,0.122490377180458,0.153112971475573,
0.214358160065801),.UNSPECIFIED.);
#37=B_SPLINE_SURFACE_WITH_KNOTS('',3,3,((#2484,#2485,#2486,#2487,#2488,
#2489,#2490,#2491),(#2492,#2493,#2494,#2495,#2496,#2497,#2498,#2499),(#2500,
#2501,#2502,#2503,#2504,#2505,#2506,#2507),(#2508,#2509,#2510,#2511,#2512,
#2513,#2514,#2515),(#2516,#2517,#2518,#2519,#2520,#2521,#2522,#2523)),
 .UNSPECIFIED.,.F.,.F.,.F.,(4,1,4),(4,1,1,1,1,4),(0.,0.5,1.),(0.,0.0612451885902292,
0.0918677828853438,0.122490377180458,0.153112971475573,0.214358160065802),
 .UNSPECIFIED.);
#38=B_SPLINE_SURFACE_WITH_KNOTS('',3,3,((#2540,#2541,#2542,#2543,#2544,
#2545,#2546,#2547),(#2548,#2549,#2550,#2551,#2552,#2553,#2554,#2555),(#2556,
#2557,#2558,#2559,#2560,#2561,#2562,#2563),(#2564,#2565,#2566,#2567,#2568,
#2569,#2570,#2571),(#2572,#2573,#2574,#2575,#2576,#2577,#2578,#2579)),
 .UNSPECIFIED.,.F.,.F.,.F.,(4,1,4),(4,1,1,1,1,4),(0.,0.5,1.),(0.,0.0612451885902296,
0.0918677828853443,0.122490377180459,0.153112971475574,0.214358160065803),
 .UNSPECIFIED.);
#39=B_SPLINE_SURFACE_WITH_KNOTS('',3,3,((#2631,#2632,#2633,#2634,#2635,
#2636,#2637,#2638),(#2639,#2640,#2641,#2642,#2643,#2644,#2645,#2646),(#2647,
#2648,#2649,#2650,#2651,#2652,#2653,#2654),(#2655,#2656,#2657,#2658,#2659,
#2660,#2661,#2662),(#2663,#2664,#2665,#2666,#2667,#2668,#2669,#2670),(#2671,
#2672,#2673,#2674,#2675,#2676,#2677,#2678)),.UNSPECIFIED.,.F.,.F.,.F.,(4,
1,1,4),(4,1,1,1,1,4),(0.,0.285714285714286,0.5,1.),(0.,0.0612451885902286,
0.091867782885343,0.122490377180457,0.153112971475572,0.2143581600658),
 .UNSPECIFIED.);
#40=B_SPLINE_SURFACE_WITH_KNOTS('',3,3,((#2695,#2696,#2697,#2698,#2699,
#2700,#2701,#2702),(#2703,#2704,#2705,#2706,#2707,#2708,#2709,#2710),(#2711,
#2712,#2713,#2714,#2715,#2716,#2717,#2718),(#2719,#2720,#2721,#2722,#2723,
#2724,#2725,#2726),(#2727,#2728,#2729,#2730,#2731,#2732,#2733,#2734),(#2735,
#2736,#2737,#2738,#2739,#2740,#2741,#2742)),.UNSPECIFIED.,.F.,.F.,.F.,(4,
1,1,4),(4,1,1,1,1,4),(0.,0.285714285714286,0.5,1.),(8.40006578154397E-16,
0.0612451885902286,0.0918677828853425,0.122490377180456,0.15311297147557,
0.214358160065798),.UNSPECIFIED.);
#41=B_SPLINE_SURFACE_WITH_KNOTS('',3,3,((#2789,#2790,#2791,#2792,#2793,
#2794,#2795,#2796),(#2797,#2798,#2799,#2800,#2801,#2802,#2803,#2804),(#2805,
#2806,#2807,#2808,#2809,#2810,#2811,#2812),(#2813,#2814,#2815,#2816,#2817,
#2818,#2819,#2820),(#2821,#2822,#2823,#2824,#2825,#2826,#2827,#2828),(#2829,
#2830,#2831,#2832,#2833,#2834,#2835,#2836)),.UNSPECIFIED.,.F.,.F.,.F.,(4,
1,1,4),(4,1,1,1,1,4),(0.,0.5,0.785714285714286,1.),(0.,0.0612451885902276,
0.0918677828853414,0.122490377180455,0.153112971475569,0.214358160065797),
 .UNSPECIFIED.);
#42=B_SPLINE_SURFACE_WITH_KNOTS('',3,3,((#2853,#2854,#2855,#2856,#2857,
#2858,#2859,#2860),(#2861,#2862,#2863,#2864,#2865,#2866,#2867,#2868),(#2869,
#2870,#2871,#2872,#2873,#2874,#2875,#2876),(#2877,#2878,#2879,#2880,#2881,
#2882,#2883,#2884),(#2885,#2886,#2887,#2888,#2889,#2890,#2891,#2892),(#2893,
#2894,#2895,#2896,#2897,#2898,#2899,#2900)),.UNSPECIFIED.,.F.,.F.,.F.,(4,
1,1,4),(4,1,1,1,1,4),(0.,0.5,0.785714285714286,1.),(3.98074001646186E-16,
0.0612451885902287,0.0918677828853429,0.122490377180457,0.153112971475571,
0.2143581600658),.UNSPECIFIED.);
#43=TOROIDAL_SURFACE('',#1569,2.25,0.25);
#44=TOROIDAL_SURFACE('',#1574,2.25,0.25);
#45=TOROIDAL_SURFACE('',#1589,2.25,0.25);
#46=TOROIDAL_SURFACE('',#1594,2.25,0.25);
#47=TOROIDAL_SURFACE('',#1603,2.24999999999999,0.25);
#48=TOROIDAL_SURFACE('',#1608,2.24999999999999,0.25);
#49=TOROIDAL_SURFACE('',#1618,2.24999999999999,0.25);
#50=TOROIDAL_SURFACE('',#1623,2.24999999999999,0.25);
#51=STYLED_ITEM('',(#3037),#53);
#52=STYLED_ITEM('',(#3037),#54);
#53=MANIFOLD_SOLID_BREP('Body1',#1500);
#54=MANIFOLD_SOLID_BREP('Body2',#1501);
#55=FACE_BOUND('',#213,.T.);
#56=FACE_BOUND('',#215,.T.);
#57=FACE_BOUND('',#216,.T.);
#58=FACE_BOUND('',#217,.T.);
#59=FACE_BOUND('',#218,.T.);
#60=FACE_BOUND('',#219,.T.);
#61=FACE_BOUND('',#238,.T.);
#62=FACE_BOUND('',#239,.T.);
#63=FACE_BOUND('',#240,.T.);
#64=FACE_BOUND('',#267,.T.);
#65=FACE_BOUND('',#268,.T.);
#66=FACE_BOUND('',#269,.T.);
#67=FACE_BOUND('',#270,.T.);
#68=FACE_BOUND('',#271,.T.);
#69=FACE_BOUND('',#272,.T.);
#70=FACE_BOUND('',#273,.T.);
#71=PLANE('',#1518);
#72=PLANE('',#1522);
#73=PLANE('',#1526);
#74=PLANE('',#1530);
#75=PLANE('',#1534);
#76=PLANE('',#1538);
#77=PLANE('',#1542);
#78=PLANE('',#1549);
#79=PLANE('',#1550);
#80=PLANE('',#1556);
#81=PLANE('',#1559);
#82=PLANE('',#1562);
#83=PLANE('',#1563);
#84=PLANE('',#1564);
#85=PLANE('',#1565);
#86=PLANE('',#1566);
#87=PLANE('',#1567);
#88=PLANE('',#1568);
#89=PLANE('',#1582);
#90=PLANE('',#1633);
#91=PLANE('',#1634);
#92=PLANE('',#1635);
#93=PLANE('',#1636);
#94=PLANE('',#1641);
#95=PLANE('',#1646);
#96=PLANE('',#1653);
#97=PLANE('',#1657);
#98=PLANE('',#1658);
#99=PLANE('',#1660);
#100=PLANE('',#1661);
#101=PLANE('',#1662);
#102=PLANE('',#1663);
#103=PLANE('',#1664);
#104=PLANE('',#1665);
#105=PLANE('',#1666);
#106=PLANE('',#1667);
#107=PLANE('',#1668);
#108=PLANE('',#1669);
#109=PLANE('',#1670);
#110=PLANE('',#1671);
#111=FACE_OUTER_BOUND('',#196,.T.);
#112=FACE_OUTER_BOUND('',#197,.T.);
#113=FACE_OUTER_BOUND('',#198,.T.);
#114=FACE_OUTER_BOUND('',#199,.T.);
#115=FACE_OUTER_BOUND('',#200,.T.);
#116=FACE_OUTER_BOUND('',#201,.T.);
#117=FACE_OUTER_BOUND('',#202,.T.);
#118=FACE_OUTER_BOUND('',#203,.T.);
#119=FACE_OUTER_BOUND('',#204,.T.);
#120=FACE_OUTER_BOUND('',#205,.T.);
#121=FACE_OUTER_BOUND('',#206,.T.);
#122=FACE_OUTER_BOUND('',#207,.T.);
#123=FACE_OUTER_BOUND('',#208,.T.);
#124=FACE_OUTER_BOUND('',#209,.T.);
#125=FACE_OUTER_BOUND('',#210,.T.);
#126=FACE_OUTER_BOUND('',#211,.T.);
#127=FACE_OUTER_BOUND('',#212,.T.);
#128=FACE_OUTER_BOUND('',#214,.T.);
#129=FACE_OUTER_BOUND('',#220,.T.);
#130=FACE_OUTER_BOUND('',#221,.T.);
#131=FACE_OUTER_BOUND('',#222,.T.);
#132=FACE_OUTER_BOUND('',#223,.T.);
#133=FACE_OUTER_BOUND('',#224,.T.);
#134=FACE_OUTER_BOUND('',#225,.T.);
#135=FACE_OUTER_BOUND('',#226,.T.);
#136=FACE_OUTER_BOUND('',#227,.T.);
#137=FACE_OUTER_BOUND('',#228,.T.);
#138=FACE_OUTER_BOUND('',#229,.T.);
#139=FACE_OUTER_BOUND('',#230,.T.);
#140=FACE_OUTER_BOUND('',#231,.T.);
#141=FACE_OUTER_BOUND('',#232,.T.);
#142=FACE_OUTER_BOUND('',#233,.T.);
#143=FACE_OUTER_BOUND('',#234,.T.);
#144=FACE_OUTER_BOUND('',#235,.T.);
#145=FACE_OUTER_BOUND('',#236,.T.);
#146=FACE_OUTER_BOUND('',#237,.T.);
#147=FACE_OUTER_BOUND('',#241,.T.);
#148=FACE_OUTER_BOUND('',#242,.T.);
#149=FACE_OUTER_BOUND('',#243,.T.);
#150=FACE_OUTER_BOUND('',#244,.T.);
#151=FACE_OUTER_BOUND('',#245,.T.);
#152=FACE_OUTER_BOUND('',#246,.T.);
#153=FACE_OUTER_BOUND('',#247,.T.);
#154=FACE_OUTER_BOUND('',#248,.T.);
#155=FACE_OUTER_BOUND('',#249,.T.);
#156=FACE_OUTER_BOUND('',#250,.T.);
#157=FACE_OUTER_BOUND('',#251,.T.);
#158=FACE_OUTER_BOUND('',#252,.T.);
#159=FACE_OUTER_BOUND('',#253,.T.);
#160=FACE_OUTER_BOUND('',#254,.T.);
#161=FACE_OUTER_BOUND('',#255,.T.);
#162=FACE_OUTER_BOUND('',#256,.T.);
#163=FACE_OUTER_BOUND('',#257,.T.);
#164=FACE_OUTER_BOUND('',#258,.T.);
#165=FACE_OUTER_BOUND('',#259,.T.);
#166=FACE_OUTER_BOUND('',#260,.T.);
#167=FACE_OUTER_BOUND('',#261,.T.);
#168=FACE_OUTER_BOUND('',#262,.T.);
#169=FACE_OUTER_BOUND('',#263,.T.);
#170=FACE_OUTER_BOUND('',#264,.T.);
#171=FACE_OUTER_BOUND('',#265,.T.);
#172=FACE_OUTER_BOUND('',#266,.T.);
#173=FACE_OUTER_BOUND('',#274,.T.);
#174=FACE_OUTER_BOUND('',#275,.T.);
#175=FACE_OUTER_BOUND('',#276,.T.);
#176=FACE_OUTER_BOUND('',#277,.T.);
#177=FACE_OUTER_BOUND('',#278,.T.);
#178=FACE_OUTER_BOUND('',#279,.T.);
#179=FACE_OUTER_BOUND('',#280,.T.);
#180=FACE_OUTER_BOUND('',#281,.T.);
#181=FACE_OUTER_BOUND('',#282,.T.);
#182=FACE_OUTER_BOUND('',#283,.T.);
#183=FACE_OUTER_BOUND('',#284,.T.);
#184=FACE_OUTER_BOUND('',#285,.T.);
#185=FACE_OUTER_BOUND('',#286,.T.);
#186=FACE_OUTER_BOUND('',#287,.T.);
#187=FACE_OUTER_BOUND('',#288,.T.);
#188=FACE_OUTER_BOUND('',#289,.T.);
#189=FACE_OUTER_BOUND('',#290,.T.);
#190=FACE_OUTER_BOUND('',#291,.T.);
#191=FACE_OUTER_BOUND('',#292,.T.);
#192=FACE_OUTER_BOUND('',#293,.T.);
#193=FACE_OUTER_BOUND('',#294,.T.);
#194=FACE_OUTER_BOUND('',#295,.T.);
#195=FACE_OUTER_BOUND('',#296,.T.);
#196=EDGE_LOOP('',(#960,#961,#962,#963));
#197=EDGE_LOOP('',(#964));
#198=EDGE_LOOP('',(#965,#966,#967,#968));
#199=EDGE_LOOP('',(#969));
#200=EDGE_LOOP('',(#970,#971,#972,#973));
#201=EDGE_LOOP('',(#974));
#202=EDGE_LOOP('',(#975,#976,#977,#978));
#203=EDGE_LOOP('',(#979));
#204=EDGE_LOOP('',(#980,#981,#982,#983));
#205=EDGE_LOOP('',(#984,#985,#986,#987));
#206=EDGE_LOOP('',(#988,#989,#990,#991));
#207=EDGE_LOOP('',(#992,#993,#994,#995,#996,#997,#998,#999));
#208=EDGE_LOOP('',(#1000,#1001,#1002,#1003));
#209=EDGE_LOOP('',(#1004,#1005,#1006,#1007));
#210=EDGE_LOOP('',(#1008,#1009,#1010,#1011));
#211=EDGE_LOOP('',(#1012,#1013,#1014,#1015));
#212=EDGE_LOOP('',(#1016,#1017,#1018,#1019));
#213=EDGE_LOOP('',(#1020,#1021,#1022,#1023,#1024,#1025,#1026,#1027));
#214=EDGE_LOOP('',(#1028,#1029,#1030,#1031,#1032,#1033,#1034,#1035));
#215=EDGE_LOOP('',(#1036,#1037,#1038,#1039));
#216=EDGE_LOOP('',(#1040));
#217=EDGE_LOOP('',(#1041));
#218=EDGE_LOOP('',(#1042));
#219=EDGE_LOOP('',(#1043));
#220=EDGE_LOOP('',(#1044,#1045,#1046,#1047));
#221=EDGE_LOOP('',(#1048,#1049,#1050,#1051));
#222=EDGE_LOOP('',(#1052,#1053,#1054,#1055));
#223=EDGE_LOOP('',(#1056,#1057,#1058,#1059));
#224=EDGE_LOOP('',(#1060,#1061,#1062,#1063));
#225=EDGE_LOOP('',(#1064,#1065,#1066,#1067));
#226=EDGE_LOOP('',(#1068,#1069,#1070,#1071,#1072,#1073,#1074,#1075,#1076,
#1077,#1078,#1079));
#227=EDGE_LOOP('',(#1080,#1081,#1082,#1083));
#228=EDGE_LOOP('',(#1084,#1085,#1086,#1087));
#229=EDGE_LOOP('',(#1088,#1089,#1090,#1091));
#230=EDGE_LOOP('',(#1092,#1093,#1094,#1095));
#231=EDGE_LOOP('',(#1096,#1097,#1098,#1099,#1100,#1101,#1102,#1103));
#232=EDGE_LOOP('',(#1104,#1105,#1106,#1107));
#233=EDGE_LOOP('',(#1108,#1109,#1110,#1111));
#234=EDGE_LOOP('',(#1112,#1113,#1114,#1115,#1116));
#235=EDGE_LOOP('',(#1117,#1118,#1119,#1120));
#236=EDGE_LOOP('',(#1121,#1122,#1123,#1124,#1125,#1126,#1127,#1128));
#237=EDGE_LOOP('',(#1129,#1130,#1131,#1132,#1133,#1134,#1135,#1136));
#238=EDGE_LOOP('',(#1137,#1138,#1139,#1140,#1141,#1142,#1143,#1144));
#239=EDGE_LOOP('',(#1145,#1146,#1147,#1148));
#240=EDGE_LOOP('',(#1149));
#241=EDGE_LOOP('',(#1150,#1151,#1152,#1153,#1154,#1155,#1156,#1157));
#242=EDGE_LOOP('',(#1158,#1159,#1160,#1161));
#243=EDGE_LOOP('',(#1162,#1163,#1164,#1165));
#244=EDGE_LOOP('',(#1166,#1167,#1168,#1169));
#245=EDGE_LOOP('',(#1170,#1171,#1172,#1173,#1174));
#246=EDGE_LOOP('',(#1175,#1176,#1177,#1178,#1179,#1180,#1181,#1182));
#247=EDGE_LOOP('',(#1183,#1184,#1185,#1186,#1187,#1188,#1189,#1190));
#248=EDGE_LOOP('',(#1191,#1192,#1193,#1194));
#249=EDGE_LOOP('',(#1195,#1196,#1197,#1198,#1199));
#250=EDGE_LOOP('',(#1200,#1201,#1202,#1203));
#251=EDGE_LOOP('',(#1204,#1205,#1206,#1207));
#252=EDGE_LOOP('',(#1208,#1209,#1210,#1211,#1212,#1213,#1214,#1215));
#253=EDGE_LOOP('',(#1216,#1217,#1218,#1219,#1220,#1221,#1222,#1223));
#254=EDGE_LOOP('',(#1224,#1225,#1226,#1227));
#255=EDGE_LOOP('',(#1228,#1229,#1230,#1231,#1232));
#256=EDGE_LOOP('',(#1233,#1234,#1235,#1236));
#257=EDGE_LOOP('',(#1237,#1238,#1239,#1240));
#258=EDGE_LOOP('',(#1241,#1242,#1243,#1244,#1245,#1246,#1247,#1248));
#259=EDGE_LOOP('',(#1249,#1250,#1251,#1252,#1253,#1254,#1255,#1256));
#260=EDGE_LOOP('',(#1257,#1258,#1259));
#261=EDGE_LOOP('',(#1260,#1261,#1262));
#262=EDGE_LOOP('',(#1263,#1264,#1265));
#263=EDGE_LOOP('',(#1266,#1267,#1268));
#264=EDGE_LOOP('',(#1269,#1270,#1271));
#265=EDGE_LOOP('',(#1272,#1273,#1274,#1275));
#266=EDGE_LOOP('',(#1276,#1277,#1278,#1279,#1280,#1281,#1282,#1283));
#267=EDGE_LOOP('',(#1284));
#268=EDGE_LOOP('',(#1285,#1286,#1287,#1288));
#269=EDGE_LOOP('',(#1289,#1290,#1291,#1292,#1293,#1294,#1295,#1296));
#270=EDGE_LOOP('',(#1297));
#271=EDGE_LOOP('',(#1298));
#272=EDGE_LOOP('',(#1299));
#273=EDGE_LOOP('',(#1300));
#274=EDGE_LOOP('',(#1301,#1302,#1303,#1304));
#275=EDGE_LOOP('',(#1305,#1306,#1307));
#276=EDGE_LOOP('',(#1308,#1309,#1310,#1311));
#277=EDGE_LOOP('',(#1312,#1313,#1314,#1315));
#278=EDGE_LOOP('',(#1316,#1317,#1318));
#279=EDGE_LOOP('',(#1319,#1320,#1321,#1322));
#280=EDGE_LOOP('',(#1323,#1324,#1325,#1326));
#281=EDGE_LOOP('',(#1327,#1328,#1329));
#282=EDGE_LOOP('',(#1330,#1331,#1332,#1333));
#283=EDGE_LOOP('',(#1334,#1335,#1336,#1337));
#284=EDGE_LOOP('',(#1338,#1339,#1340,#1341));
#285=EDGE_LOOP('',(#1342,#1343,#1344,#1345));
#286=EDGE_LOOP('',(#1346,#1347,#1348,#1349));
#287=EDGE_LOOP('',(#1350,#1351,#1352,#1353));
#288=EDGE_LOOP('',(#1354,#1355,#1356,#1357));
#289=EDGE_LOOP('',(#1358,#1359,#1360,#1361));
#290=EDGE_LOOP('',(#1362,#1363,#1364,#1365));
#291=EDGE_LOOP('',(#1366,#1367,#1368,#1369));
#292=EDGE_LOOP('',(#1370,#1371,#1372,#1373));
#293=EDGE_LOOP('',(#1374,#1375,#1376,#1377));
#294=EDGE_LOOP('',(#1378,#1379,#1380,#1381));
#295=EDGE_LOOP('',(#1382,#1383,#1384,#1385));
#296=EDGE_LOOP('',(#1386,#1387,#1388,#1389));
#297=LINE('',#2110,#414);
#298=LINE('',#2117,#415);
#299=LINE('',#2124,#416);
#300=LINE('',#2131,#417);
#301=LINE('',#2139,#418);
#302=LINE('',#2142,#419);
#303=LINE('',#2145,#420);
#304=LINE('',#2147,#421);
#305=LINE('',#2148,#422);
#306=LINE('',#2154,#423);
#307=LINE('',#2157,#424);
#308=LINE('',#2160,#425);
#309=LINE('',#2162,#426);
#310=LINE('',#2164,#427);
#311=LINE('',#2166,#428);
#312=LINE('',#2168,#429);
#313=LINE('',#2170,#430);
#314=LINE('',#2171,#431);
#315=LINE('',#2176,#432);
#316=LINE('',#2180,#433);
#317=LINE('',#2182,#434);
#318=LINE('',#2183,#435);
#319=LINE('',#2192,#436);
#320=LINE('',#2195,#437);
#321=LINE('',#2198,#438);
#322=LINE('',#2200,#439);
#323=LINE('',#2201,#440);
#324=LINE('',#2202,#441);
#325=LINE('',#2205,#442);
#326=LINE('',#2209,#443);
#327=LINE('',#2213,#444);
#328=LINE('',#2217,#445);
#329=LINE('',#2219,#446);
#330=LINE('',#2221,#447);
#331=LINE('',#2222,#448);
#332=LINE('',#2225,#449);
#333=LINE('',#2229,#450);
#334=LINE('',#2230,#451);
#335=LINE('',#2233,#452);
#336=LINE('',#2237,#453);
#337=LINE('',#2238,#454);
#338=LINE('',#2241,#455);
#339=LINE('',#2244,#456);
#340=LINE('',#2246,#457);
#341=LINE('',#2247,#458);
#342=LINE('',#2249,#459);
#343=LINE('',#2251,#460);
#344=LINE('',#2254,#461);
#345=LINE('',#2409,#462);
#346=LINE('',#2420,#463);
#347=LINE('',#2424,#464);
#348=LINE('',#2427,#465);
#349=LINE('',#2430,#466);
#350=LINE('',#2434,#467);
#351=LINE('',#2438,#468);
#352=LINE('',#2442,#469);
#353=LINE('',#2444,#470);
#354=LINE('',#2446,#471);
#355=LINE('',#2448,#472);
#356=LINE('',#2450,#473);
#357=LINE('',#2452,#474);
#358=LINE('',#2454,#475);
#359=LINE('',#2455,#476);
#360=LINE('',#2458,#477);
#361=LINE('',#2460,#478);
#362=LINE('',#2462,#479);
#363=LINE('',#2463,#480);
#364=LINE('',#2468,#481);
#365=LINE('',#2604,#482);
#366=LINE('',#2608,#483);
#367=LINE('',#2610,#484);
#368=LINE('',#2613,#485);
#369=LINE('',#2762,#486);
#370=LINE('',#2766,#487);
#371=LINE('',#2768,#488);
#372=LINE('',#2771,#489);
#373=LINE('',#2910,#490);
#374=LINE('',#2914,#491);
#375=LINE('',#2916,#492);
#376=LINE('',#2919,#493);
#377=LINE('',#2931,#494);
#378=LINE('',#2932,#495);
#379=LINE('',#2935,#496);
#380=LINE('',#2939,#497);
#381=LINE('',#2943,#498);
#382=LINE('',#2946,#499);
#383=LINE('',#2951,#500);
#384=LINE('',#2953,#501);
#385=LINE('',#2955,#502);
#386=LINE('',#2956,#503);
#387=LINE('',#2959,#504);
#388=LINE('',#2961,#505);
#389=LINE('',#2963,#506);
#390=LINE('',#2965,#507);
#391=LINE('',#2967,#508);
#392=LINE('',#2969,#509);
#393=LINE('',#2971,#510);
#394=LINE('',#2972,#511);
#395=LINE('',#2974,#512);
#396=LINE('',#2978,#513);
#397=LINE('',#2980,#514);
#398=LINE('',#2982,#515);
#399=LINE('',#2985,#516);
#400=LINE('',#2987,#517);
#401=LINE('',#2993,#518);
#402=LINE('',#2995,#519);
#403=LINE('',#2996,#520);
#404=LINE('',#2998,#521);
#405=LINE('',#3000,#522);
#406=LINE('',#3003,#523);
#407=LINE('',#3004,#524);
#408=LINE('',#3006,#525);
#409=LINE('',#3008,#526);
#410=LINE('',#3010,#527);
#411=LINE('',#3012,#528);
#412=LINE('',#3014,#529);
#413=LINE('',#3016,#530);
#414=VECTOR('',#1678,2.);
#415=VECTOR('',#1687,1.99999999999999);
#416=VECTOR('',#1696,2.);
#417=VECTOR('',#1705,1.99999999999999);
#418=VECTOR('',#1714,10.);
#419=VECTOR('',#1717,10.);
#420=VECTOR('',#1720,10.);
#421=VECTOR('',#1721,10.);
#422=VECTOR('',#1722,10.);
#423=VECTOR('',#1727,10.);
#424=VECTOR('',#1730,10.);
#425=VECTOR('',#1733,10.);
#426=VECTOR('',#1734,10.);
#427=VECTOR('',#1735,10.);
#428=VECTOR('',#1736,10.);
#429=VECTOR('',#1737,10.);
#430=VECTOR('',#1738,10.);
#431=VECTOR('',#1739,10.);
#432=VECTOR('',#1744,10.);
#433=VECTOR('',#1749,10.);
#434=VECTOR('',#1750,10.);
#435=VECTOR('',#1751,10.);
#436=VECTOR('',#1762,10.);
#437=VECTOR('',#1765,10.);
#438=VECTOR('',#1768,10.);
#439=VECTOR('',#1769,10.);
#440=VECTOR('',#1770,10.);
#441=VECTOR('',#1771,10.);
#442=VECTOR('',#1774,10.);
#443=VECTOR('',#1777,10.);
#444=VECTOR('',#1780,10.);
#445=VECTOR('',#1783,10.);
#446=VECTOR('',#1784,10.);
#447=VECTOR('',#1785,10.);
#448=VECTOR('',#1786,10.);
#449=VECTOR('',#1789,10.);
#450=VECTOR('',#1794,10.);
#451=VECTOR('',#1795,10.);
#452=VECTOR('',#1798,10.);
#453=VECTOR('',#1803,10.);
#454=VECTOR('',#1804,10.);
#455=VECTOR('',#1807,10.);
#456=VECTOR('',#1812,10.);
#457=VECTOR('',#1815,10.);
#458=VECTOR('',#1816,10.);
#459=VECTOR('',#1819,10.);
#460=VECTOR('',#1822,10.);
#461=VECTOR('',#1827,10.);
#462=VECTOR('',#1852,10.);
#463=VECTOR('',#1853,10.);
#464=VECTOR('',#1856,10.);
#465=VECTOR('',#1859,10.);
#466=VECTOR('',#1862,10.);
#467=VECTOR('',#1865,10.);
#468=VECTOR('',#1868,10.);
#469=VECTOR('',#1871,10.);
#470=VECTOR('',#1872,10.);
#471=VECTOR('',#1873,10.);
#472=VECTOR('',#1874,10.);
#473=VECTOR('',#1875,10.);
#474=VECTOR('',#1876,10.);
#475=VECTOR('',#1877,10.);
#476=VECTOR('',#1878,10.);
#477=VECTOR('',#1879,10.);
#478=VECTOR('',#1880,10.);
#479=VECTOR('',#1881,10.);
#480=VECTOR('',#1882,10.);
#481=VECTOR('',#1887,2.);
#482=VECTOR('',#1910,10.);
#483=VECTOR('',#1913,10.);
#484=VECTOR('',#1916,10.);
#485=VECTOR('',#1919,2.);
#486=VECTOR('',#1944,10.);
#487=VECTOR('',#1947,10.);
#488=VECTOR('',#1950,10.);
#489=VECTOR('',#1953,1.99999999999999);
#490=VECTOR('',#1978,10.);
#491=VECTOR('',#1981,10.);
#492=VECTOR('',#1984,10.);
#493=VECTOR('',#1987,1.99999999999999);
#494=VECTOR('',#2006,10.);
#495=VECTOR('',#2007,10.);
#496=VECTOR('',#2010,10.);
#497=VECTOR('',#2013,10.);
#498=VECTOR('',#2016,10.);
#499=VECTOR('',#2019,10.);
#500=VECTOR('',#2022,10.);
#501=VECTOR('',#2023,10.);
#502=VECTOR('',#2024,10.);
#503=VECTOR('',#2025,10.);
#504=VECTOR('',#2026,10.);
#505=VECTOR('',#2027,10.);
#506=VECTOR('',#2028,10.);
#507=VECTOR('',#2029,10.);
#508=VECTOR('',#2030,10.);
#509=VECTOR('',#2031,10.);
#510=VECTOR('',#2032,10.);
#511=VECTOR('',#2033,10.);
#512=VECTOR('',#2036,10.);
#513=VECTOR('',#2043,10.);
#514=VECTOR('',#2046,10.);
#515=VECTOR('',#2049,10.);
#516=VECTOR('',#2054,10.);
#517=VECTOR('',#2057,10.);
#518=VECTOR('',#2068,3.25);
#519=VECTOR('',#2071,10.);
#520=VECTOR('',#2072,10.);
#521=VECTOR('',#2075,10.);
#522=VECTOR('',#2078,10.);
#523=VECTOR('',#2083,10.);
#524=VECTOR('',#2084,10.);
#525=VECTOR('',#2087,10.);
#526=VECTOR('',#2090,10.);
#527=VECTOR('',#2093,10.);
#528=VECTOR('',#2096,10.);
#529=VECTOR('',#2099,10.);
#530=VECTOR('',#2102,10.);
#531=CIRCLE('',#1516,2.);
#532=CIRCLE('',#1517,2.);
#533=CIRCLE('',#1520,1.99999999999999);
#534=CIRCLE('',#1521,1.99999999999999);
#535=CIRCLE('',#1524,2.);
#536=CIRCLE('',#1525,2.);
#537=CIRCLE('',#1528,1.99999999999999);
#538=CIRCLE('',#1529,1.99999999999999);
#539=CIRCLE('',#1532,0.5);
#540=CIRCLE('',#1533,0.5);
#541=CIRCLE('',#1536,0.5);
#542=CIRCLE('',#1537,0.5);
#543=CIRCLE('',#1540,0.5);
#544=CIRCLE('',#1541,0.5);
#545=CIRCLE('',#1544,0.5);
#546=CIRCLE('',#1545,0.5);
#547=CIRCLE('',#1547,1.);
#548=CIRCLE('',#1548,1.);
#549=CIRCLE('',#1551,1.);
#550=CIRCLE('',#1552,1.);
#551=CIRCLE('',#1553,1.);
#552=CIRCLE('',#1555,1.);
#553=CIRCLE('',#1558,1.);
#554=CIRCLE('',#1561,1.);
#555=CIRCLE('',#1570,0.249999999999999);
#556=CIRCLE('',#1571,2.);
#557=CIRCLE('',#1572,0.250000000000003);
#558=CIRCLE('',#1573,2.25);
#559=CIRCLE('',#1575,0.249999999999999);
#560=CIRCLE('',#1576,2.);
#561=CIRCLE('',#1577,0.250000000000006);
#562=CIRCLE('',#1578,2.25);
#563=CIRCLE('',#1580,1.);
#564=CIRCLE('',#1581,1.);
#565=CIRCLE('',#1583,2.24999999999999);
#566=CIRCLE('',#1584,2.24999999999999);
#567=CIRCLE('',#1585,2.25);
#568=CIRCLE('',#1586,3.25);
#569=CIRCLE('',#1588,2.);
#570=CIRCLE('',#1590,0.249999999999999);
#571=CIRCLE('',#1591,2.);
#572=CIRCLE('',#1592,0.249999999999999);
#573=CIRCLE('',#1593,2.25);
#574=CIRCLE('',#1595,0.249999999999999);
#575=CIRCLE('',#1596,2.);
#576=CIRCLE('',#1597,0.249999999999999);
#577=CIRCLE('',#1599,1.);
#578=CIRCLE('',#1600,1.);
#579=CIRCLE('',#1602,2.);
#580=CIRCLE('',#1604,0.249999999999999);
#581=CIRCLE('',#1605,1.99999999999999);
#582=CIRCLE('',#1606,0.249999999999999);
#583=CIRCLE('',#1607,2.24999999999999);
#584=CIRCLE('',#1609,0.249999999999999);
#585=CIRCLE('',#1610,1.99999999999999);
#586=CIRCLE('',#1611,1.99999999999999);
#587=CIRCLE('',#1612,0.249999999999996);
#588=CIRCLE('',#1614,1.00000000000001);
#589=CIRCLE('',#1615,1.00000000000001);
#590=CIRCLE('',#1617,1.99999999999999);
#591=CIRCLE('',#1619,0.249999999999999);
#592=CIRCLE('',#1620,1.99999999999999);
#593=CIRCLE('',#1621,0.250000000000002);
#594=CIRCLE('',#1622,2.24999999999999);
#595=CIRCLE('',#1624,0.249999999999999);
#596=CIRCLE('',#1625,1.99999999999999);
#597=CIRCLE('',#1626,1.99999999999999);
#598=CIRCLE('',#1627,0.250000000000018);
#599=CIRCLE('',#1629,1.);
#600=CIRCLE('',#1630,1.);
#601=CIRCLE('',#1632,1.99999999999999);
#602=CIRCLE('',#1638,1.00000000000001);
#603=CIRCLE('',#1640,1.);
#604=CIRCLE('',#1642,1.);
#605=CIRCLE('',#1643,1.);
#606=CIRCLE('',#1644,1.);
#607=CIRCLE('',#1645,3.25);
#608=CIRCLE('',#1648,1.);
#609=CIRCLE('',#1651,1.);
#610=CIRCLE('',#1655,1.);
#611=VERTEX_POINT('',#2107);
#612=VERTEX_POINT('',#2109);
#613=VERTEX_POINT('',#2114);
#614=VERTEX_POINT('',#2116);
#615=VERTEX_POINT('',#2121);
#616=VERTEX_POINT('',#2123);
#617=VERTEX_POINT('',#2128);
#618=VERTEX_POINT('',#2130);
#619=VERTEX_POINT('',#2135);
#620=VERTEX_POINT('',#2136);
#621=VERTEX_POINT('',#2138);
#622=VERTEX_POINT('',#2140);
#623=VERTEX_POINT('',#2144);
#624=VERTEX_POINT('',#2146);
#625=VERTEX_POINT('',#2150);
#626=VERTEX_POINT('',#2151);
#627=VERTEX_POINT('',#2153);
#628=VERTEX_POINT('',#2155);
#629=VERTEX_POINT('',#2159);
#630=VERTEX_POINT('',#2161);
#631=VERTEX_POINT('',#2163);
#632=VERTEX_POINT('',#2165);
#633=VERTEX_POINT('',#2167);
#634=VERTEX_POINT('',#2169);
#635=VERTEX_POINT('',#2173);
#636=VERTEX_POINT('',#2175);
#637=VERTEX_POINT('',#2179);
#638=VERTEX_POINT('',#2181);
#639=VERTEX_POINT('',#2188);
#640=VERTEX_POINT('',#2189);
#641=VERTEX_POINT('',#2191);
#642=VERTEX_POINT('',#2193);
#643=VERTEX_POINT('',#2197);
#644=VERTEX_POINT('',#2199);
#645=VERTEX_POINT('',#2204);
#646=VERTEX_POINT('',#2206);
#647=VERTEX_POINT('',#2208);
#648=VERTEX_POINT('',#2210);
#649=VERTEX_POINT('',#2212);
#650=VERTEX_POINT('',#2215);
#651=VERTEX_POINT('',#2216);
#652=VERTEX_POINT('',#2218);
#653=VERTEX_POINT('',#2220);
#654=VERTEX_POINT('',#2224);
#655=VERTEX_POINT('',#2228);
#656=VERTEX_POINT('',#2232);
#657=VERTEX_POINT('',#2236);
#658=VERTEX_POINT('',#2240);
#659=VERTEX_POINT('',#2257);
#660=VERTEX_POINT('',#2258);
#661=VERTEX_POINT('',#2260);
#662=VERTEX_POINT('',#2262);
#663=VERTEX_POINT('',#2266);
#664=VERTEX_POINT('',#2267);
#665=VERTEX_POINT('',#2269);
#666=VERTEX_POINT('',#2271);
#667=VERTEX_POINT('',#2330);
#668=VERTEX_POINT('',#2408);
#669=VERTEX_POINT('',#2410);
#670=VERTEX_POINT('',#2419);
#671=VERTEX_POINT('',#2421);
#672=VERTEX_POINT('',#2423);
#673=VERTEX_POINT('',#2425);
#674=VERTEX_POINT('',#2429);
#675=VERTEX_POINT('',#2431);
#676=VERTEX_POINT('',#2433);
#677=VERTEX_POINT('',#2435);
#678=VERTEX_POINT('',#2437);
#679=VERTEX_POINT('',#2440);
#680=VERTEX_POINT('',#2441);
#681=VERTEX_POINT('',#2443);
#682=VERTEX_POINT('',#2445);
#683=VERTEX_POINT('',#2447);
#684=VERTEX_POINT('',#2449);
#685=VERTEX_POINT('',#2451);
#686=VERTEX_POINT('',#2453);
#687=VERTEX_POINT('',#2456);
#688=VERTEX_POINT('',#2457);
#689=VERTEX_POINT('',#2459);
#690=VERTEX_POINT('',#2461);
#691=VERTEX_POINT('',#2464);
#692=VERTEX_POINT('',#2467);
#693=VERTEX_POINT('',#2471);
#694=VERTEX_POINT('',#2473);
#695=VERTEX_POINT('',#2475);
#696=VERTEX_POINT('',#2479);
#697=VERTEX_POINT('',#2481);
#698=VERTEX_POINT('',#2580);
#699=VERTEX_POINT('',#2594);
#700=VERTEX_POINT('',#2603);
#701=VERTEX_POINT('',#2605);
#702=VERTEX_POINT('',#2607);
#703=VERTEX_POINT('',#2612);
#704=VERTEX_POINT('',#2616);
#705=VERTEX_POINT('',#2618);
#706=VERTEX_POINT('',#2620);
#707=VERTEX_POINT('',#2624);
#708=VERTEX_POINT('',#2626);
#709=VERTEX_POINT('',#2628);
#710=VERTEX_POINT('',#2752);
#711=VERTEX_POINT('',#2761);
#712=VERTEX_POINT('',#2763);
#713=VERTEX_POINT('',#2765);
#714=VERTEX_POINT('',#2770);
#715=VERTEX_POINT('',#2774);
#716=VERTEX_POINT('',#2776);
#717=VERTEX_POINT('',#2778);
#718=VERTEX_POINT('',#2782);
#719=VERTEX_POINT('',#2784);
#720=VERTEX_POINT('',#2786);
#721=VERTEX_POINT('',#2911);
#722=VERTEX_POINT('',#2913);
#723=VERTEX_POINT('',#2918);
#724=VERTEX_POINT('',#2928);
#725=VERTEX_POINT('',#2929);
#726=VERTEX_POINT('',#2934);
#727=VERTEX_POINT('',#2936);
#728=VERTEX_POINT('',#2938);
#729=VERTEX_POINT('',#2940);
#730=VERTEX_POINT('',#2942);
#731=VERTEX_POINT('',#2944);
#732=VERTEX_POINT('',#2947);
#733=VERTEX_POINT('',#2949);
#734=VERTEX_POINT('',#2950);
#735=VERTEX_POINT('',#2952);
#736=VERTEX_POINT('',#2954);
#737=VERTEX_POINT('',#2957);
#738=VERTEX_POINT('',#2958);
#739=VERTEX_POINT('',#2960);
#740=VERTEX_POINT('',#2962);
#741=VERTEX_POINT('',#2964);
#742=VERTEX_POINT('',#2966);
#743=VERTEX_POINT('',#2968);
#744=VERTEX_POINT('',#2970);
#745=EDGE_CURVE('',#611,#611,#531,.T.);
#746=EDGE_CURVE('',#611,#612,#297,.T.);
#747=EDGE_CURVE('',#612,#612,#532,.T.);
#748=EDGE_CURVE('',#613,#613,#533,.T.);
#749=EDGE_CURVE('',#613,#614,#298,.T.);
#750=EDGE_CURVE('',#614,#614,#534,.T.);
#751=EDGE_CURVE('',#615,#615,#535,.T.);
#752=EDGE_CURVE('',#615,#616,#299,.T.);
#753=EDGE_CURVE('',#616,#616,#536,.T.);
#754=EDGE_CURVE('',#617,#617,#537,.T.);
#755=EDGE_CURVE('',#617,#618,#300,.T.);
#756=EDGE_CURVE('',#618,#618,#538,.T.);
#757=EDGE_CURVE('',#619,#620,#539,.T.);
#758=EDGE_CURVE('',#620,#621,#301,.T.);
#759=EDGE_CURVE('',#621,#622,#540,.T.);
#760=EDGE_CURVE('',#622,#619,#302,.T.);
#761=EDGE_CURVE('',#623,#620,#303,.T.);
#762=EDGE_CURVE('',#624,#623,#304,.T.);
#763=EDGE_CURVE('',#621,#624,#305,.T.);
#764=EDGE_CURVE('',#625,#626,#541,.T.);
#765=EDGE_CURVE('',#626,#627,#306,.T.);
#766=EDGE_CURVE('',#627,#628,#542,.T.);
#767=EDGE_CURVE('',#628,#625,#307,.T.);
#768=EDGE_CURVE('',#629,#626,#308,.T.);
#769=EDGE_CURVE('',#630,#629,#309,.T.);
#770=EDGE_CURVE('',#631,#630,#310,.T.);
#771=EDGE_CURVE('',#632,#631,#311,.T.);
#772=EDGE_CURVE('',#633,#632,#312,.T.);
#773=EDGE_CURVE('',#634,#633,#313,.T.);
#774=EDGE_CURVE('',#627,#634,#314,.T.);
#775=EDGE_CURVE('',#623,#635,#543,.T.);
#776=EDGE_CURVE('',#635,#636,#315,.T.);
#777=EDGE_CURVE('',#636,#624,#544,.T.);
#778=EDGE_CURVE('',#637,#635,#316,.T.);
#779=EDGE_CURVE('',#638,#637,#317,.T.);
#780=EDGE_CURVE('',#636,#638,#318,.T.);
#781=EDGE_CURVE('',#633,#638,#545,.T.);
#782=EDGE_CURVE('',#637,#634,#546,.T.);
#783=EDGE_CURVE('',#639,#640,#547,.T.);
#784=EDGE_CURVE('',#640,#641,#319,.T.);
#785=EDGE_CURVE('',#641,#642,#548,.T.);
#786=EDGE_CURVE('',#642,#639,#320,.T.);
#787=EDGE_CURVE('',#643,#640,#321,.F.);
#788=EDGE_CURVE('',#644,#643,#322,.T.);
#789=EDGE_CURVE('',#641,#644,#323,.T.);
#790=EDGE_CURVE('',#619,#628,#324,.T.);
#791=EDGE_CURVE('',#639,#645,#325,.F.);
#792=EDGE_CURVE('',#646,#645,#549,.T.);
#793=EDGE_CURVE('',#646,#647,#326,.F.);
#794=EDGE_CURVE('',#648,#647,#550,.T.);
#795=EDGE_CURVE('',#648,#649,#327,.F.);
#796=EDGE_CURVE('',#643,#649,#551,.T.);
#797=EDGE_CURVE('',#650,#651,#328,.T.);
#798=EDGE_CURVE('',#651,#652,#329,.T.);
#799=EDGE_CURVE('',#652,#653,#330,.T.);
#800=EDGE_CURVE('',#653,#650,#331,.T.);
#801=EDGE_CURVE('',#649,#654,#332,.T.);
#802=EDGE_CURVE('',#654,#644,#552,.T.);
#803=EDGE_CURVE('',#655,#648,#333,.T.);
#804=EDGE_CURVE('',#654,#655,#334,.T.);
#805=EDGE_CURVE('',#647,#656,#335,.T.);
#806=EDGE_CURVE('',#656,#655,#553,.T.);
#807=EDGE_CURVE('',#657,#646,#336,.T.);
#808=EDGE_CURVE('',#656,#657,#337,.T.);
#809=EDGE_CURVE('',#645,#658,#338,.T.);
#810=EDGE_CURVE('',#658,#657,#554,.T.);
#811=EDGE_CURVE('',#625,#622,#339,.T.);
#812=EDGE_CURVE('',#632,#652,#340,.T.);
#813=EDGE_CURVE('',#629,#651,#341,.T.);
#814=EDGE_CURVE('',#630,#650,#342,.T.);
#815=EDGE_CURVE('',#631,#653,#343,.T.);
#816=EDGE_CURVE('',#658,#642,#344,.T.);
#817=EDGE_CURVE('',#659,#660,#555,.T.);
#818=EDGE_CURVE('',#660,#661,#556,.T.);
#819=EDGE_CURVE('',#661,#662,#557,.T.);
#820=EDGE_CURVE('',#662,#659,#558,.T.);
#821=EDGE_CURVE('',#663,#664,#559,.T.);
#822=EDGE_CURVE('',#664,#665,#560,.T.);
#823=EDGE_CURVE('',#665,#666,#561,.T.);
#824=EDGE_CURVE('',#666,#663,#562,.T.);
#825=EDGE_CURVE('',#663,#662,#17,.T.);
#826=EDGE_CURVE('',#661,#667,#18,.T.);
#827=EDGE_CURVE('',#667,#664,#19,.T.);
#828=EDGE_CURVE('',#659,#666,#20,.T.);
#829=EDGE_CURVE('',#665,#660,#21,.T.);
#830=EDGE_CURVE('',#663,#668,#345,.T.);
#831=EDGE_CURVE('',#669,#668,#22,.T.);
#832=EDGE_CURVE('',#669,#670,#346,.T.);
#833=EDGE_CURVE('',#671,#670,#563,.T.);
#834=EDGE_CURVE('',#671,#672,#347,.T.);
#835=EDGE_CURVE('',#673,#672,#564,.T.);
#836=EDGE_CURVE('',#673,#662,#348,.T.);
#837=EDGE_CURVE('',#674,#666,#349,.T.);
#838=EDGE_CURVE('',#675,#674,#565,.T.);
#839=EDGE_CURVE('',#676,#675,#350,.T.);
#840=EDGE_CURVE('',#677,#676,#566,.T.);
#841=EDGE_CURVE('',#678,#677,#351,.T.);
#842=EDGE_CURVE('',#668,#678,#567,.T.);
#843=EDGE_CURVE('',#679,#680,#352,.T.);
#844=EDGE_CURVE('',#680,#681,#353,.T.);
#845=EDGE_CURVE('',#681,#682,#354,.T.);
#846=EDGE_CURVE('',#682,#683,#355,.T.);
#847=EDGE_CURVE('',#683,#684,#356,.T.);
#848=EDGE_CURVE('',#684,#685,#357,.T.);
#849=EDGE_CURVE('',#685,#686,#358,.T.);
#850=EDGE_CURVE('',#686,#679,#359,.T.);
#851=EDGE_CURVE('',#687,#688,#360,.T.);
#852=EDGE_CURVE('',#688,#689,#361,.T.);
#853=EDGE_CURVE('',#689,#690,#362,.T.);
#854=EDGE_CURVE('',#690,#687,#363,.T.);
#855=EDGE_CURVE('',#691,#691,#568,.T.);
#856=EDGE_CURVE('',#667,#692,#364,.T.);
#857=EDGE_CURVE('',#692,#692,#569,.T.);
#858=EDGE_CURVE('',#669,#693,#570,.T.);
#859=EDGE_CURVE('',#693,#694,#571,.T.);
#860=EDGE_CURVE('',#694,#695,#572,.T.);
#861=EDGE_CURVE('',#695,#669,#573,.T.);
#862=EDGE_CURVE('',#678,#696,#574,.T.);
#863=EDGE_CURVE('',#696,#697,#575,.T.);
#864=EDGE_CURVE('',#697,#668,#576,.T.);
#865=EDGE_CURVE('',#678,#695,#23,.T.);
#866=EDGE_CURVE('',#694,#696,#24,.T.);
#867=EDGE_CURVE('',#697,#698,#25,.T.);
#868=EDGE_CURVE('',#698,#693,#26,.T.);
#869=EDGE_CURVE('',#699,#677,#27,.T.);
#870=EDGE_CURVE('',#699,#700,#365,.T.);
#871=EDGE_CURVE('',#701,#700,#577,.T.);
#872=EDGE_CURVE('',#701,#702,#366,.T.);
#873=EDGE_CURVE('',#670,#702,#578,.T.);
#874=EDGE_CURVE('',#670,#695,#367,.T.);
#875=EDGE_CURVE('',#698,#703,#368,.T.);
#876=EDGE_CURVE('',#703,#703,#579,.T.);
#877=EDGE_CURVE('',#699,#704,#580,.T.);
#878=EDGE_CURVE('',#704,#705,#581,.T.);
#879=EDGE_CURVE('',#705,#706,#582,.T.);
#880=EDGE_CURVE('',#706,#699,#583,.T.);
#881=EDGE_CURVE('',#676,#707,#584,.T.);
#882=EDGE_CURVE('',#707,#708,#585,.T.);
#883=EDGE_CURVE('',#708,#709,#586,.T.);
#884=EDGE_CURVE('',#709,#677,#587,.T.);
#885=EDGE_CURVE('',#676,#706,#28,.T.);
#886=EDGE_CURVE('',#705,#707,#29,.T.);
#887=EDGE_CURVE('',#709,#704,#30,.T.);
#888=EDGE_CURVE('',#710,#675,#31,.T.);
#889=EDGE_CURVE('',#710,#711,#369,.T.);
#890=EDGE_CURVE('',#712,#711,#588,.T.);
#891=EDGE_CURVE('',#712,#713,#370,.T.);
#892=EDGE_CURVE('',#700,#713,#589,.T.);
#893=EDGE_CURVE('',#700,#706,#371,.T.);
#894=EDGE_CURVE('',#708,#714,#372,.T.);
#895=EDGE_CURVE('',#714,#714,#590,.T.);
#896=EDGE_CURVE('',#710,#715,#591,.T.);
#897=EDGE_CURVE('',#715,#716,#592,.T.);
#898=EDGE_CURVE('',#716,#717,#593,.T.);
#899=EDGE_CURVE('',#717,#710,#594,.T.);
#900=EDGE_CURVE('',#674,#718,#595,.T.);
#901=EDGE_CURVE('',#718,#719,#596,.T.);
#902=EDGE_CURVE('',#719,#720,#597,.T.);
#903=EDGE_CURVE('',#720,#675,#598,.T.);
#904=EDGE_CURVE('',#674,#717,#32,.T.);
#905=EDGE_CURVE('',#716,#718,#33,.T.);
#906=EDGE_CURVE('',#720,#715,#34,.T.);
#907=EDGE_CURVE('',#659,#673,#373,.T.);
#908=EDGE_CURVE('',#721,#673,#599,.T.);
#909=EDGE_CURVE('',#721,#722,#374,.T.);
#910=EDGE_CURVE('',#711,#722,#600,.T.);
#911=EDGE_CURVE('',#711,#717,#375,.T.);
#912=EDGE_CURVE('',#719,#723,#376,.T.);
#913=EDGE_CURVE('',#723,#723,#601,.T.);
#914=EDGE_CURVE('',#722,#712,#602,.T.);
#915=EDGE_CURVE('',#724,#725,#603,.T.);
#916=EDGE_CURVE('',#725,#712,#377,.T.);
#917=EDGE_CURVE('',#722,#724,#378,.T.);
#918=EDGE_CURVE('',#724,#726,#379,.T.);
#919=EDGE_CURVE('',#727,#726,#604,.T.);
#920=EDGE_CURVE('',#727,#728,#380,.T.);
#921=EDGE_CURVE('',#729,#728,#605,.T.);
#922=EDGE_CURVE('',#729,#730,#381,.T.);
#923=EDGE_CURVE('',#731,#730,#606,.T.);
#924=EDGE_CURVE('',#731,#725,#382,.T.);
#925=EDGE_CURVE('',#732,#732,#607,.T.);
#926=EDGE_CURVE('',#733,#734,#383,.T.);
#927=EDGE_CURVE('',#735,#733,#384,.T.);
#928=EDGE_CURVE('',#736,#735,#385,.T.);
#929=EDGE_CURVE('',#734,#736,#386,.T.);
#930=EDGE_CURVE('',#737,#738,#387,.T.);
#931=EDGE_CURVE('',#739,#737,#388,.T.);
#932=EDGE_CURVE('',#740,#739,#389,.T.);
#933=EDGE_CURVE('',#741,#740,#390,.T.);
#934=EDGE_CURVE('',#742,#741,#391,.T.);
#935=EDGE_CURVE('',#743,#742,#392,.T.);
#936=EDGE_CURVE('',#744,#743,#393,.T.);
#937=EDGE_CURVE('',#738,#744,#394,.T.);
#938=EDGE_CURVE('',#726,#721,#395,.T.);
#939=EDGE_CURVE('',#672,#721,#608,.T.);
#940=EDGE_CURVE('',#672,#727,#396,.T.);
#941=EDGE_CURVE('',#730,#701,#397,.T.);
#942=EDGE_CURVE('',#701,#713,#609,.T.);
#943=EDGE_CURVE('',#713,#731,#398,.T.);
#944=EDGE_CURVE('',#702,#729,#399,.T.);
#945=EDGE_CURVE('',#728,#671,#400,.T.);
#946=EDGE_CURVE('',#671,#702,#610,.T.);
#947=EDGE_CURVE('',#691,#732,#401,.T.);
#948=EDGE_CURVE('',#733,#687,#402,.T.);
#949=EDGE_CURVE('',#735,#690,#403,.T.);
#950=EDGE_CURVE('',#736,#689,#404,.T.);
#951=EDGE_CURVE('',#734,#688,#405,.T.);
#952=EDGE_CURVE('',#737,#679,#406,.T.);
#953=EDGE_CURVE('',#739,#686,#407,.T.);
#954=EDGE_CURVE('',#740,#685,#408,.T.);
#955=EDGE_CURVE('',#741,#684,#409,.T.);
#956=EDGE_CURVE('',#742,#683,#410,.T.);
#957=EDGE_CURVE('',#743,#682,#411,.T.);
#958=EDGE_CURVE('',#744,#681,#412,.T.);
#959=EDGE_CURVE('',#738,#680,#413,.T.);
#960=ORIENTED_EDGE('',*,*,#745,.F.);
#961=ORIENTED_EDGE('',*,*,#746,.T.);
#962=ORIENTED_EDGE('',*,*,#747,.T.);
#963=ORIENTED_EDGE('',*,*,#746,.F.);
#964=ORIENTED_EDGE('',*,*,#747,.F.);
#965=ORIENTED_EDGE('',*,*,#748,.F.);
#966=ORIENTED_EDGE('',*,*,#749,.T.);
#967=ORIENTED_EDGE('',*,*,#750,.T.);
#968=ORIENTED_EDGE('',*,*,#749,.F.);
#969=ORIENTED_EDGE('',*,*,#750,.F.);
#970=ORIENTED_EDGE('',*,*,#751,.F.);
#971=ORIENTED_EDGE('',*,*,#752,.T.);
#972=ORIENTED_EDGE('',*,*,#753,.T.);
#973=ORIENTED_EDGE('',*,*,#752,.F.);
#974=ORIENTED_EDGE('',*,*,#753,.F.);
#975=ORIENTED_EDGE('',*,*,#754,.F.);
#976=ORIENTED_EDGE('',*,*,#755,.T.);
#977=ORIENTED_EDGE('',*,*,#756,.T.);
#978=ORIENTED_EDGE('',*,*,#755,.F.);
#979=ORIENTED_EDGE('',*,*,#756,.F.);
#980=ORIENTED_EDGE('',*,*,#757,.T.);
#981=ORIENTED_EDGE('',*,*,#758,.T.);
#982=ORIENTED_EDGE('',*,*,#759,.T.);
#983=ORIENTED_EDGE('',*,*,#760,.T.);
#984=ORIENTED_EDGE('',*,*,#758,.F.);
#985=ORIENTED_EDGE('',*,*,#761,.F.);
#986=ORIENTED_EDGE('',*,*,#762,.F.);
#987=ORIENTED_EDGE('',*,*,#763,.F.);
#988=ORIENTED_EDGE('',*,*,#764,.T.);
#989=ORIENTED_EDGE('',*,*,#765,.T.);
#990=ORIENTED_EDGE('',*,*,#766,.T.);
#991=ORIENTED_EDGE('',*,*,#767,.T.);
#992=ORIENTED_EDGE('',*,*,#765,.F.);
#993=ORIENTED_EDGE('',*,*,#768,.F.);
#994=ORIENTED_EDGE('',*,*,#769,.F.);
#995=ORIENTED_EDGE('',*,*,#770,.F.);
#996=ORIENTED_EDGE('',*,*,#771,.F.);
#997=ORIENTED_EDGE('',*,*,#772,.F.);
#998=ORIENTED_EDGE('',*,*,#773,.F.);
#999=ORIENTED_EDGE('',*,*,#774,.F.);
#1000=ORIENTED_EDGE('',*,*,#775,.T.);
#1001=ORIENTED_EDGE('',*,*,#776,.T.);
#1002=ORIENTED_EDGE('',*,*,#777,.T.);
#1003=ORIENTED_EDGE('',*,*,#762,.T.);
#1004=ORIENTED_EDGE('',*,*,#776,.F.);
#1005=ORIENTED_EDGE('',*,*,#778,.F.);
#1006=ORIENTED_EDGE('',*,*,#779,.F.);
#1007=ORIENTED_EDGE('',*,*,#780,.F.);
#1008=ORIENTED_EDGE('',*,*,#781,.T.);
#1009=ORIENTED_EDGE('',*,*,#779,.T.);
#1010=ORIENTED_EDGE('',*,*,#782,.T.);
#1011=ORIENTED_EDGE('',*,*,#773,.T.);
#1012=ORIENTED_EDGE('',*,*,#783,.T.);
#1013=ORIENTED_EDGE('',*,*,#784,.T.);
#1014=ORIENTED_EDGE('',*,*,#785,.T.);
#1015=ORIENTED_EDGE('',*,*,#786,.T.);
#1016=ORIENTED_EDGE('',*,*,#784,.F.);
#1017=ORIENTED_EDGE('',*,*,#787,.F.);
#1018=ORIENTED_EDGE('',*,*,#788,.F.);
#1019=ORIENTED_EDGE('',*,*,#789,.F.);
#1020=ORIENTED_EDGE('',*,*,#774,.T.);
#1021=ORIENTED_EDGE('',*,*,#782,.F.);
#1022=ORIENTED_EDGE('',*,*,#778,.T.);
#1023=ORIENTED_EDGE('',*,*,#775,.F.);
#1024=ORIENTED_EDGE('',*,*,#761,.T.);
#1025=ORIENTED_EDGE('',*,*,#757,.F.);
#1026=ORIENTED_EDGE('',*,*,#790,.T.);
#1027=ORIENTED_EDGE('',*,*,#766,.F.);
#1028=ORIENTED_EDGE('',*,*,#783,.F.);
#1029=ORIENTED_EDGE('',*,*,#791,.T.);
#1030=ORIENTED_EDGE('',*,*,#792,.F.);
#1031=ORIENTED_EDGE('',*,*,#793,.T.);
#1032=ORIENTED_EDGE('',*,*,#794,.F.);
#1033=ORIENTED_EDGE('',*,*,#795,.T.);
#1034=ORIENTED_EDGE('',*,*,#796,.F.);
#1035=ORIENTED_EDGE('',*,*,#787,.T.);
#1036=ORIENTED_EDGE('',*,*,#797,.T.);
#1037=ORIENTED_EDGE('',*,*,#798,.T.);
#1038=ORIENTED_EDGE('',*,*,#799,.T.);
#1039=ORIENTED_EDGE('',*,*,#800,.T.);
#1040=ORIENTED_EDGE('',*,*,#754,.T.);
#1041=ORIENTED_EDGE('',*,*,#751,.T.);
#1042=ORIENTED_EDGE('',*,*,#748,.T.);
#1043=ORIENTED_EDGE('',*,*,#745,.T.);
#1044=ORIENTED_EDGE('',*,*,#796,.T.);
#1045=ORIENTED_EDGE('',*,*,#801,.T.);
#1046=ORIENTED_EDGE('',*,*,#802,.T.);
#1047=ORIENTED_EDGE('',*,*,#788,.T.);
#1048=ORIENTED_EDGE('',*,*,#801,.F.);
#1049=ORIENTED_EDGE('',*,*,#795,.F.);
#1050=ORIENTED_EDGE('',*,*,#803,.F.);
#1051=ORIENTED_EDGE('',*,*,#804,.F.);
#1052=ORIENTED_EDGE('',*,*,#794,.T.);
#1053=ORIENTED_EDGE('',*,*,#805,.T.);
#1054=ORIENTED_EDGE('',*,*,#806,.T.);
#1055=ORIENTED_EDGE('',*,*,#803,.T.);
#1056=ORIENTED_EDGE('',*,*,#805,.F.);
#1057=ORIENTED_EDGE('',*,*,#793,.F.);
#1058=ORIENTED_EDGE('',*,*,#807,.F.);
#1059=ORIENTED_EDGE('',*,*,#808,.F.);
#1060=ORIENTED_EDGE('',*,*,#792,.T.);
#1061=ORIENTED_EDGE('',*,*,#809,.T.);
#1062=ORIENTED_EDGE('',*,*,#810,.T.);
#1063=ORIENTED_EDGE('',*,*,#807,.T.);
#1064=ORIENTED_EDGE('',*,*,#760,.F.);
#1065=ORIENTED_EDGE('',*,*,#811,.F.);
#1066=ORIENTED_EDGE('',*,*,#767,.F.);
#1067=ORIENTED_EDGE('',*,*,#790,.F.);
#1068=ORIENTED_EDGE('',*,*,#811,.T.);
#1069=ORIENTED_EDGE('',*,*,#759,.F.);
#1070=ORIENTED_EDGE('',*,*,#763,.T.);
#1071=ORIENTED_EDGE('',*,*,#777,.F.);
#1072=ORIENTED_EDGE('',*,*,#780,.T.);
#1073=ORIENTED_EDGE('',*,*,#781,.F.);
#1074=ORIENTED_EDGE('',*,*,#772,.T.);
#1075=ORIENTED_EDGE('',*,*,#812,.T.);
#1076=ORIENTED_EDGE('',*,*,#798,.F.);
#1077=ORIENTED_EDGE('',*,*,#813,.F.);
#1078=ORIENTED_EDGE('',*,*,#768,.T.);
#1079=ORIENTED_EDGE('',*,*,#764,.F.);
#1080=ORIENTED_EDGE('',*,*,#769,.T.);
#1081=ORIENTED_EDGE('',*,*,#813,.T.);
#1082=ORIENTED_EDGE('',*,*,#797,.F.);
#1083=ORIENTED_EDGE('',*,*,#814,.F.);
#1084=ORIENTED_EDGE('',*,*,#771,.T.);
#1085=ORIENTED_EDGE('',*,*,#815,.T.);
#1086=ORIENTED_EDGE('',*,*,#799,.F.);
#1087=ORIENTED_EDGE('',*,*,#812,.F.);
#1088=ORIENTED_EDGE('',*,*,#770,.T.);
#1089=ORIENTED_EDGE('',*,*,#814,.T.);
#1090=ORIENTED_EDGE('',*,*,#800,.F.);
#1091=ORIENTED_EDGE('',*,*,#815,.F.);
#1092=ORIENTED_EDGE('',*,*,#786,.F.);
#1093=ORIENTED_EDGE('',*,*,#816,.F.);
#1094=ORIENTED_EDGE('',*,*,#809,.F.);
#1095=ORIENTED_EDGE('',*,*,#791,.F.);
#1096=ORIENTED_EDGE('',*,*,#785,.F.);
#1097=ORIENTED_EDGE('',*,*,#789,.T.);
#1098=ORIENTED_EDGE('',*,*,#802,.F.);
#1099=ORIENTED_EDGE('',*,*,#804,.T.);
#1100=ORIENTED_EDGE('',*,*,#806,.F.);
#1101=ORIENTED_EDGE('',*,*,#808,.T.);
#1102=ORIENTED_EDGE('',*,*,#810,.F.);
#1103=ORIENTED_EDGE('',*,*,#816,.T.);
#1104=ORIENTED_EDGE('',*,*,#817,.T.);
#1105=ORIENTED_EDGE('',*,*,#818,.T.);
#1106=ORIENTED_EDGE('',*,*,#819,.T.);
#1107=ORIENTED_EDGE('',*,*,#820,.T.);
#1108=ORIENTED_EDGE('',*,*,#821,.T.);
#1109=ORIENTED_EDGE('',*,*,#822,.T.);
#1110=ORIENTED_EDGE('',*,*,#823,.T.);
#1111=ORIENTED_EDGE('',*,*,#824,.T.);
#1112=ORIENTED_EDGE('',*,*,#821,.F.);
#1113=ORIENTED_EDGE('',*,*,#825,.T.);
#1114=ORIENTED_EDGE('',*,*,#819,.F.);
#1115=ORIENTED_EDGE('',*,*,#826,.T.);
#1116=ORIENTED_EDGE('',*,*,#827,.T.);
#1117=ORIENTED_EDGE('',*,*,#817,.F.);
#1118=ORIENTED_EDGE('',*,*,#828,.T.);
#1119=ORIENTED_EDGE('',*,*,#823,.F.);
#1120=ORIENTED_EDGE('',*,*,#829,.T.);
#1121=ORIENTED_EDGE('',*,*,#825,.F.);
#1122=ORIENTED_EDGE('',*,*,#830,.T.);
#1123=ORIENTED_EDGE('',*,*,#831,.F.);
#1124=ORIENTED_EDGE('',*,*,#832,.T.);
#1125=ORIENTED_EDGE('',*,*,#833,.F.);
#1126=ORIENTED_EDGE('',*,*,#834,.T.);
#1127=ORIENTED_EDGE('',*,*,#835,.F.);
#1128=ORIENTED_EDGE('',*,*,#836,.T.);
#1129=ORIENTED_EDGE('',*,*,#824,.F.);
#1130=ORIENTED_EDGE('',*,*,#837,.F.);
#1131=ORIENTED_EDGE('',*,*,#838,.F.);
#1132=ORIENTED_EDGE('',*,*,#839,.F.);
#1133=ORIENTED_EDGE('',*,*,#840,.F.);
#1134=ORIENTED_EDGE('',*,*,#841,.F.);
#1135=ORIENTED_EDGE('',*,*,#842,.F.);
#1136=ORIENTED_EDGE('',*,*,#830,.F.);
#1137=ORIENTED_EDGE('',*,*,#843,.T.);
#1138=ORIENTED_EDGE('',*,*,#844,.T.);
#1139=ORIENTED_EDGE('',*,*,#845,.T.);
#1140=ORIENTED_EDGE('',*,*,#846,.T.);
#1141=ORIENTED_EDGE('',*,*,#847,.T.);
#1142=ORIENTED_EDGE('',*,*,#848,.T.);
#1143=ORIENTED_EDGE('',*,*,#849,.T.);
#1144=ORIENTED_EDGE('',*,*,#850,.T.);
#1145=ORIENTED_EDGE('',*,*,#851,.T.);
#1146=ORIENTED_EDGE('',*,*,#852,.T.);
#1147=ORIENTED_EDGE('',*,*,#853,.T.);
#1148=ORIENTED_EDGE('',*,*,#854,.T.);
#1149=ORIENTED_EDGE('',*,*,#855,.T.);
#1150=ORIENTED_EDGE('',*,*,#822,.F.);
#1151=ORIENTED_EDGE('',*,*,#827,.F.);
#1152=ORIENTED_EDGE('',*,*,#856,.T.);
#1153=ORIENTED_EDGE('',*,*,#857,.F.);
#1154=ORIENTED_EDGE('',*,*,#856,.F.);
#1155=ORIENTED_EDGE('',*,*,#826,.F.);
#1156=ORIENTED_EDGE('',*,*,#818,.F.);
#1157=ORIENTED_EDGE('',*,*,#829,.F.);
#1158=ORIENTED_EDGE('',*,*,#858,.T.);
#1159=ORIENTED_EDGE('',*,*,#859,.T.);
#1160=ORIENTED_EDGE('',*,*,#860,.T.);
#1161=ORIENTED_EDGE('',*,*,#861,.T.);
#1162=ORIENTED_EDGE('',*,*,#862,.T.);
#1163=ORIENTED_EDGE('',*,*,#863,.T.);
#1164=ORIENTED_EDGE('',*,*,#864,.T.);
#1165=ORIENTED_EDGE('',*,*,#842,.T.);
#1166=ORIENTED_EDGE('',*,*,#862,.F.);
#1167=ORIENTED_EDGE('',*,*,#865,.T.);
#1168=ORIENTED_EDGE('',*,*,#860,.F.);
#1169=ORIENTED_EDGE('',*,*,#866,.T.);
#1170=ORIENTED_EDGE('',*,*,#858,.F.);
#1171=ORIENTED_EDGE('',*,*,#831,.T.);
#1172=ORIENTED_EDGE('',*,*,#864,.F.);
#1173=ORIENTED_EDGE('',*,*,#867,.T.);
#1174=ORIENTED_EDGE('',*,*,#868,.T.);
#1175=ORIENTED_EDGE('',*,*,#865,.F.);
#1176=ORIENTED_EDGE('',*,*,#841,.T.);
#1177=ORIENTED_EDGE('',*,*,#869,.F.);
#1178=ORIENTED_EDGE('',*,*,#870,.T.);
#1179=ORIENTED_EDGE('',*,*,#871,.F.);
#1180=ORIENTED_EDGE('',*,*,#872,.T.);
#1181=ORIENTED_EDGE('',*,*,#873,.F.);
#1182=ORIENTED_EDGE('',*,*,#874,.T.);
#1183=ORIENTED_EDGE('',*,*,#863,.F.);
#1184=ORIENTED_EDGE('',*,*,#866,.F.);
#1185=ORIENTED_EDGE('',*,*,#859,.F.);
#1186=ORIENTED_EDGE('',*,*,#868,.F.);
#1187=ORIENTED_EDGE('',*,*,#875,.T.);
#1188=ORIENTED_EDGE('',*,*,#876,.F.);
#1189=ORIENTED_EDGE('',*,*,#875,.F.);
#1190=ORIENTED_EDGE('',*,*,#867,.F.);
#1191=ORIENTED_EDGE('',*,*,#877,.T.);
#1192=ORIENTED_EDGE('',*,*,#878,.T.);
#1193=ORIENTED_EDGE('',*,*,#879,.T.);
#1194=ORIENTED_EDGE('',*,*,#880,.T.);
#1195=ORIENTED_EDGE('',*,*,#881,.T.);
#1196=ORIENTED_EDGE('',*,*,#882,.T.);
#1197=ORIENTED_EDGE('',*,*,#883,.T.);
#1198=ORIENTED_EDGE('',*,*,#884,.T.);
#1199=ORIENTED_EDGE('',*,*,#840,.T.);
#1200=ORIENTED_EDGE('',*,*,#881,.F.);
#1201=ORIENTED_EDGE('',*,*,#885,.T.);
#1202=ORIENTED_EDGE('',*,*,#879,.F.);
#1203=ORIENTED_EDGE('',*,*,#886,.T.);
#1204=ORIENTED_EDGE('',*,*,#877,.F.);
#1205=ORIENTED_EDGE('',*,*,#869,.T.);
#1206=ORIENTED_EDGE('',*,*,#884,.F.);
#1207=ORIENTED_EDGE('',*,*,#887,.T.);
#1208=ORIENTED_EDGE('',*,*,#885,.F.);
#1209=ORIENTED_EDGE('',*,*,#839,.T.);
#1210=ORIENTED_EDGE('',*,*,#888,.F.);
#1211=ORIENTED_EDGE('',*,*,#889,.T.);
#1212=ORIENTED_EDGE('',*,*,#890,.F.);
#1213=ORIENTED_EDGE('',*,*,#891,.T.);
#1214=ORIENTED_EDGE('',*,*,#892,.F.);
#1215=ORIENTED_EDGE('',*,*,#893,.T.);
#1216=ORIENTED_EDGE('',*,*,#882,.F.);
#1217=ORIENTED_EDGE('',*,*,#886,.F.);
#1218=ORIENTED_EDGE('',*,*,#878,.F.);
#1219=ORIENTED_EDGE('',*,*,#887,.F.);
#1220=ORIENTED_EDGE('',*,*,#883,.F.);
#1221=ORIENTED_EDGE('',*,*,#894,.T.);
#1222=ORIENTED_EDGE('',*,*,#895,.F.);
#1223=ORIENTED_EDGE('',*,*,#894,.F.);
#1224=ORIENTED_EDGE('',*,*,#896,.T.);
#1225=ORIENTED_EDGE('',*,*,#897,.T.);
#1226=ORIENTED_EDGE('',*,*,#898,.T.);
#1227=ORIENTED_EDGE('',*,*,#899,.T.);
#1228=ORIENTED_EDGE('',*,*,#900,.T.);
#1229=ORIENTED_EDGE('',*,*,#901,.T.);
#1230=ORIENTED_EDGE('',*,*,#902,.T.);
#1231=ORIENTED_EDGE('',*,*,#903,.T.);
#1232=ORIENTED_EDGE('',*,*,#838,.T.);
#1233=ORIENTED_EDGE('',*,*,#900,.F.);
#1234=ORIENTED_EDGE('',*,*,#904,.T.);
#1235=ORIENTED_EDGE('',*,*,#898,.F.);
#1236=ORIENTED_EDGE('',*,*,#905,.T.);
#1237=ORIENTED_EDGE('',*,*,#896,.F.);
#1238=ORIENTED_EDGE('',*,*,#888,.T.);
#1239=ORIENTED_EDGE('',*,*,#903,.F.);
#1240=ORIENTED_EDGE('',*,*,#906,.T.);
#1241=ORIENTED_EDGE('',*,*,#828,.F.);
#1242=ORIENTED_EDGE('',*,*,#907,.T.);
#1243=ORIENTED_EDGE('',*,*,#908,.F.);
#1244=ORIENTED_EDGE('',*,*,#909,.T.);
#1245=ORIENTED_EDGE('',*,*,#910,.F.);
#1246=ORIENTED_EDGE('',*,*,#911,.T.);
#1247=ORIENTED_EDGE('',*,*,#904,.F.);
#1248=ORIENTED_EDGE('',*,*,#837,.T.);
#1249=ORIENTED_EDGE('',*,*,#901,.F.);
#1250=ORIENTED_EDGE('',*,*,#905,.F.);
#1251=ORIENTED_EDGE('',*,*,#897,.F.);
#1252=ORIENTED_EDGE('',*,*,#906,.F.);
#1253=ORIENTED_EDGE('',*,*,#902,.F.);
#1254=ORIENTED_EDGE('',*,*,#912,.T.);
#1255=ORIENTED_EDGE('',*,*,#913,.F.);
#1256=ORIENTED_EDGE('',*,*,#912,.F.);
#1257=ORIENTED_EDGE('',*,*,#899,.F.);
#1258=ORIENTED_EDGE('',*,*,#911,.F.);
#1259=ORIENTED_EDGE('',*,*,#889,.F.);
#1260=ORIENTED_EDGE('',*,*,#820,.F.);
#1261=ORIENTED_EDGE('',*,*,#836,.F.);
#1262=ORIENTED_EDGE('',*,*,#907,.F.);
#1263=ORIENTED_EDGE('',*,*,#880,.F.);
#1264=ORIENTED_EDGE('',*,*,#893,.F.);
#1265=ORIENTED_EDGE('',*,*,#870,.F.);
#1266=ORIENTED_EDGE('',*,*,#861,.F.);
#1267=ORIENTED_EDGE('',*,*,#874,.F.);
#1268=ORIENTED_EDGE('',*,*,#832,.F.);
#1269=ORIENTED_EDGE('',*,*,#914,.T.);
#1270=ORIENTED_EDGE('',*,*,#890,.T.);
#1271=ORIENTED_EDGE('',*,*,#910,.T.);
#1272=ORIENTED_EDGE('',*,*,#915,.T.);
#1273=ORIENTED_EDGE('',*,*,#916,.T.);
#1274=ORIENTED_EDGE('',*,*,#914,.F.);
#1275=ORIENTED_EDGE('',*,*,#917,.T.);
#1276=ORIENTED_EDGE('',*,*,#915,.F.);
#1277=ORIENTED_EDGE('',*,*,#918,.T.);
#1278=ORIENTED_EDGE('',*,*,#919,.F.);
#1279=ORIENTED_EDGE('',*,*,#920,.T.);
#1280=ORIENTED_EDGE('',*,*,#921,.F.);
#1281=ORIENTED_EDGE('',*,*,#922,.T.);
#1282=ORIENTED_EDGE('',*,*,#923,.F.);
#1283=ORIENTED_EDGE('',*,*,#924,.T.);
#1284=ORIENTED_EDGE('',*,*,#925,.F.);
#1285=ORIENTED_EDGE('',*,*,#926,.F.);
#1286=ORIENTED_EDGE('',*,*,#927,.F.);
#1287=ORIENTED_EDGE('',*,*,#928,.F.);
#1288=ORIENTED_EDGE('',*,*,#929,.F.);
#1289=ORIENTED_EDGE('',*,*,#930,.F.);
#1290=ORIENTED_EDGE('',*,*,#931,.F.);
#1291=ORIENTED_EDGE('',*,*,#932,.F.);
#1292=ORIENTED_EDGE('',*,*,#933,.F.);
#1293=ORIENTED_EDGE('',*,*,#934,.F.);
#1294=ORIENTED_EDGE('',*,*,#935,.F.);
#1295=ORIENTED_EDGE('',*,*,#936,.F.);
#1296=ORIENTED_EDGE('',*,*,#937,.F.);
#1297=ORIENTED_EDGE('',*,*,#913,.T.);
#1298=ORIENTED_EDGE('',*,*,#857,.T.);
#1299=ORIENTED_EDGE('',*,*,#895,.T.);
#1300=ORIENTED_EDGE('',*,*,#876,.T.);
#1301=ORIENTED_EDGE('',*,*,#917,.F.);
#1302=ORIENTED_EDGE('',*,*,#909,.F.);
#1303=ORIENTED_EDGE('',*,*,#938,.F.);
#1304=ORIENTED_EDGE('',*,*,#918,.F.);
#1305=ORIENTED_EDGE('',*,*,#939,.T.);
#1306=ORIENTED_EDGE('',*,*,#908,.T.);
#1307=ORIENTED_EDGE('',*,*,#835,.T.);
#1308=ORIENTED_EDGE('',*,*,#919,.T.);
#1309=ORIENTED_EDGE('',*,*,#938,.T.);
#1310=ORIENTED_EDGE('',*,*,#939,.F.);
#1311=ORIENTED_EDGE('',*,*,#940,.T.);
#1312=ORIENTED_EDGE('',*,*,#923,.T.);
#1313=ORIENTED_EDGE('',*,*,#941,.T.);
#1314=ORIENTED_EDGE('',*,*,#942,.T.);
#1315=ORIENTED_EDGE('',*,*,#943,.T.);
#1316=ORIENTED_EDGE('',*,*,#942,.F.);
#1317=ORIENTED_EDGE('',*,*,#871,.T.);
#1318=ORIENTED_EDGE('',*,*,#892,.T.);
#1319=ORIENTED_EDGE('',*,*,#941,.F.);
#1320=ORIENTED_EDGE('',*,*,#922,.F.);
#1321=ORIENTED_EDGE('',*,*,#944,.F.);
#1322=ORIENTED_EDGE('',*,*,#872,.F.);
#1323=ORIENTED_EDGE('',*,*,#921,.T.);
#1324=ORIENTED_EDGE('',*,*,#945,.T.);
#1325=ORIENTED_EDGE('',*,*,#946,.T.);
#1326=ORIENTED_EDGE('',*,*,#944,.T.);
#1327=ORIENTED_EDGE('',*,*,#946,.F.);
#1328=ORIENTED_EDGE('',*,*,#833,.T.);
#1329=ORIENTED_EDGE('',*,*,#873,.T.);
#1330=ORIENTED_EDGE('',*,*,#940,.F.);
#1331=ORIENTED_EDGE('',*,*,#834,.F.);
#1332=ORIENTED_EDGE('',*,*,#945,.F.);
#1333=ORIENTED_EDGE('',*,*,#920,.F.);
#1334=ORIENTED_EDGE('',*,*,#916,.F.);
#1335=ORIENTED_EDGE('',*,*,#924,.F.);
#1336=ORIENTED_EDGE('',*,*,#943,.F.);
#1337=ORIENTED_EDGE('',*,*,#891,.F.);
#1338=ORIENTED_EDGE('',*,*,#855,.F.);
#1339=ORIENTED_EDGE('',*,*,#947,.T.);
#1340=ORIENTED_EDGE('',*,*,#925,.T.);
#1341=ORIENTED_EDGE('',*,*,#947,.F.);
#1342=ORIENTED_EDGE('',*,*,#927,.T.);
#1343=ORIENTED_EDGE('',*,*,#948,.T.);
#1344=ORIENTED_EDGE('',*,*,#854,.F.);
#1345=ORIENTED_EDGE('',*,*,#949,.F.);
#1346=ORIENTED_EDGE('',*,*,#928,.T.);
#1347=ORIENTED_EDGE('',*,*,#949,.T.);
#1348=ORIENTED_EDGE('',*,*,#853,.F.);
#1349=ORIENTED_EDGE('',*,*,#950,.F.);
#1350=ORIENTED_EDGE('',*,*,#929,.T.);
#1351=ORIENTED_EDGE('',*,*,#950,.T.);
#1352=ORIENTED_EDGE('',*,*,#852,.F.);
#1353=ORIENTED_EDGE('',*,*,#951,.F.);
#1354=ORIENTED_EDGE('',*,*,#926,.T.);
#1355=ORIENTED_EDGE('',*,*,#951,.T.);
#1356=ORIENTED_EDGE('',*,*,#851,.F.);
#1357=ORIENTED_EDGE('',*,*,#948,.F.);
#1358=ORIENTED_EDGE('',*,*,#931,.T.);
#1359=ORIENTED_EDGE('',*,*,#952,.T.);
#1360=ORIENTED_EDGE('',*,*,#850,.F.);
#1361=ORIENTED_EDGE('',*,*,#953,.F.);
#1362=ORIENTED_EDGE('',*,*,#932,.T.);
#1363=ORIENTED_EDGE('',*,*,#953,.T.);
#1364=ORIENTED_EDGE('',*,*,#849,.F.);
#1365=ORIENTED_EDGE('',*,*,#954,.F.);
#1366=ORIENTED_EDGE('',*,*,#933,.T.);
#1367=ORIENTED_EDGE('',*,*,#954,.T.);
#1368=ORIENTED_EDGE('',*,*,#848,.F.);
#1369=ORIENTED_EDGE('',*,*,#955,.F.);
#1370=ORIENTED_EDGE('',*,*,#934,.T.);
#1371=ORIENTED_EDGE('',*,*,#955,.T.);
#1372=ORIENTED_EDGE('',*,*,#847,.F.);
#1373=ORIENTED_EDGE('',*,*,#956,.F.);
#1374=ORIENTED_EDGE('',*,*,#935,.T.);
#1375=ORIENTED_EDGE('',*,*,#956,.T.);
#1376=ORIENTED_EDGE('',*,*,#846,.F.);
#1377=ORIENTED_EDGE('',*,*,#957,.F.);
#1378=ORIENTED_EDGE('',*,*,#936,.T.);
#1379=ORIENTED_EDGE('',*,*,#957,.T.);
#1380=ORIENTED_EDGE('',*,*,#845,.F.);
#1381=ORIENTED_EDGE('',*,*,#958,.F.);
#1382=ORIENTED_EDGE('',*,*,#937,.T.);
#1383=ORIENTED_EDGE('',*,*,#958,.T.);
#1384=ORIENTED_EDGE('',*,*,#844,.F.);
#1385=ORIENTED_EDGE('',*,*,#959,.F.);
#1386=ORIENTED_EDGE('',*,*,#930,.T.);
#1387=ORIENTED_EDGE('',*,*,#959,.T.);
#1388=ORIENTED_EDGE('',*,*,#843,.F.);
#1389=ORIENTED_EDGE('',*,*,#952,.F.);
#1390=CYLINDRICAL_SURFACE('',#1515,2.);
#1391=CYLINDRICAL_SURFACE('',#1519,1.99999999999999);
#1392=CYLINDRICAL_SURFACE('',#1523,2.);
#1393=CYLINDRICAL_SURFACE('',#1527,1.99999999999999);
#1394=CYLINDRICAL_SURFACE('',#1531,0.5);
#1395=CYLINDRICAL_SURFACE('',#1535,0.5);
#1396=CYLINDRICAL_SURFACE('',#1539,0.5);
#1397=CYLINDRICAL_SURFACE('',#1543,0.5);
#1398=CYLINDRICAL_SURFACE('',#1546,1.);
#1399=CYLINDRICAL_SURFACE('',#1554,1.);
#1400=CYLINDRICAL_SURFACE('',#1557,1.);
#1401=CYLINDRICAL_SURFACE('',#1560,1.);
#1402=CYLINDRICAL_SURFACE('',#1579,1.);
#1403=CYLINDRICAL_SURFACE('',#1587,2.);
#1404=CYLINDRICAL_SURFACE('',#1598,1.);
#1405=CYLINDRICAL_SURFACE('',#1601,2.);
#1406=CYLINDRICAL_SURFACE('',#1613,1.);
#1407=CYLINDRICAL_SURFACE('',#1616,1.99999999999999);
#1408=CYLINDRICAL_SURFACE('',#1628,1.);
#1409=CYLINDRICAL_SURFACE('',#1631,1.99999999999999);
#1410=CYLINDRICAL_SURFACE('',#1639,1.);
#1411=CYLINDRICAL_SURFACE('',#1649,1.);
#1412=CYLINDRICAL_SURFACE('',#1650,1.);
#1413=CYLINDRICAL_SURFACE('',#1654,1.);
#1414=CYLINDRICAL_SURFACE('',#1659,3.25);
#1415=ADVANCED_FACE('',(#111),#1390,.F.);
#1416=ADVANCED_FACE('',(#112),#71,.T.);
#1417=ADVANCED_FACE('',(#113),#1391,.F.);
#1418=ADVANCED_FACE('',(#114),#72,.T.);
#1419=ADVANCED_FACE('',(#115),#1392,.F.);
#1420=ADVANCED_FACE('',(#116),#73,.T.);
#1421=ADVANCED_FACE('',(#117),#1393,.F.);
#1422=ADVANCED_FACE('',(#118),#74,.T.);
#1423=ADVANCED_FACE('',(#119),#1394,.F.);
#1424=ADVANCED_FACE('',(#120),#75,.F.);
#1425=ADVANCED_FACE('',(#121),#1395,.F.);
#1426=ADVANCED_FACE('',(#122),#76,.T.);
#1427=ADVANCED_FACE('',(#123),#1396,.F.);
#1428=ADVANCED_FACE('',(#124),#77,.F.);
#1429=ADVANCED_FACE('',(#125),#1397,.F.);
#1430=ADVANCED_FACE('',(#126),#1398,.T.);
#1431=ADVANCED_FACE('',(#127,#55),#78,.T.);
#1432=ADVANCED_FACE('',(#128,#56,#57,#58,#59,#60),#79,.T.);
#1433=ADVANCED_FACE('',(#129),#1399,.T.);
#1434=ADVANCED_FACE('',(#130),#80,.T.);
#1435=ADVANCED_FACE('',(#131),#1400,.T.);
#1436=ADVANCED_FACE('',(#132),#81,.T.);
#1437=ADVANCED_FACE('',(#133),#1401,.T.);
#1438=ADVANCED_FACE('',(#134),#82,.F.);
#1439=ADVANCED_FACE('',(#135),#83,.F.);
#1440=ADVANCED_FACE('',(#136),#84,.F.);
#1441=ADVANCED_FACE('',(#137),#85,.F.);
#1442=ADVANCED_FACE('',(#138),#86,.F.);
#1443=ADVANCED_FACE('',(#139),#87,.T.);
#1444=ADVANCED_FACE('',(#140),#88,.F.);
#1445=ADVANCED_FACE('',(#141),#43,.T.);
#1446=ADVANCED_FACE('',(#142),#44,.T.);
#1447=ADVANCED_FACE('',(#143),#35,.F.);
#1448=ADVANCED_FACE('',(#144),#36,.F.);
#1449=ADVANCED_FACE('',(#145),#1402,.T.);
#1450=ADVANCED_FACE('',(#146,#61,#62,#63),#89,.T.);
#1451=ADVANCED_FACE('',(#147),#1403,.F.);
#1452=ADVANCED_FACE('',(#148),#45,.T.);
#1453=ADVANCED_FACE('',(#149),#46,.T.);
#1454=ADVANCED_FACE('',(#150),#37,.F.);
#1455=ADVANCED_FACE('',(#151),#38,.F.);
#1456=ADVANCED_FACE('',(#152),#1404,.T.);
#1457=ADVANCED_FACE('',(#153),#1405,.F.);
#1458=ADVANCED_FACE('',(#154),#47,.T.);
#1459=ADVANCED_FACE('',(#155),#48,.T.);
#1460=ADVANCED_FACE('',(#156),#39,.F.);
#1461=ADVANCED_FACE('',(#157),#40,.F.);
#1462=ADVANCED_FACE('',(#158),#1406,.T.);
#1463=ADVANCED_FACE('',(#159),#1407,.F.);
#1464=ADVANCED_FACE('',(#160),#49,.T.);
#1465=ADVANCED_FACE('',(#161),#50,.T.);
#1466=ADVANCED_FACE('',(#162),#41,.F.);
#1467=ADVANCED_FACE('',(#163),#42,.F.);
#1468=ADVANCED_FACE('',(#164),#1408,.T.);
#1469=ADVANCED_FACE('',(#165),#1409,.F.);
#1470=ADVANCED_FACE('',(#166),#90,.T.);
#1471=ADVANCED_FACE('',(#167),#91,.T.);
#1472=ADVANCED_FACE('',(#168),#92,.T.);
#1473=ADVANCED_FACE('',(#169),#93,.T.);
#1474=ADVANCED_FACE('',(#170),#13,.T.);
#1475=ADVANCED_FACE('',(#171),#1410,.T.);
#1476=ADVANCED_FACE('',(#172,#64,#65,#66,#67,#68,#69,#70),#94,.F.);
#1477=ADVANCED_FACE('',(#173),#95,.T.);
#1478=ADVANCED_FACE('',(#174),#14,.T.);
#1479=ADVANCED_FACE('',(#175),#1411,.T.);
#1480=ADVANCED_FACE('',(#176),#1412,.T.);
#1481=ADVANCED_FACE('',(#177),#15,.T.);
#1482=ADVANCED_FACE('',(#178),#96,.T.);
#1483=ADVANCED_FACE('',(#179),#1413,.T.);
#1484=ADVANCED_FACE('',(#180),#16,.T.);
#1485=ADVANCED_FACE('',(#181),#97,.T.);
#1486=ADVANCED_FACE('',(#182),#98,.T.);
#1487=ADVANCED_FACE('',(#183),#1414,.F.);
#1488=ADVANCED_FACE('',(#184),#99,.T.);
#1489=ADVANCED_FACE('',(#185),#100,.T.);
#1490=ADVANCED_FACE('',(#186),#101,.T.);
#1491=ADVANCED_FACE('',(#187),#102,.T.);
#1492=ADVANCED_FACE('',(#188),#103,.T.);
#1493=ADVANCED_FACE('',(#189),#104,.T.);
#1494=ADVANCED_FACE('',(#190),#105,.T.);
#1495=ADVANCED_FACE('',(#191),#106,.T.);
#1496=ADVANCED_FACE('',(#192),#107,.T.);
#1497=ADVANCED_FACE('',(#193),#108,.T.);
#1498=ADVANCED_FACE('',(#194),#109,.T.);
#1499=ADVANCED_FACE('',(#195),#110,.T.);
#1500=CLOSED_SHELL('',(#1415,#1416,#1417,#1418,#1419,#1420,#1421,#1422,
#1423,#1424,#1425,#1426,#1427,#1428,#1429,#1430,#1431,#1432,#1433,#1434,
#1435,#1436,#1437,#1438,#1439,#1440,#1441,#1442,#1443,#1444));
#1501=CLOSED_SHELL('',(#1445,#1446,#1447,#1448,#1449,#1450,#1451,#1452,
#1453,#1454,#1455,#1456,#1457,#1458,#1459,#1460,#1461,#1462,#1463,#1464,
#1465,#1466,#1467,#1468,#1469,#1470,#1471,#1472,#1473,#1474,#1475,#1476,
#1477,#1478,#1479,#1480,#1481,#1482,#1483,#1484,#1485,#1486,#1487,#1488,
#1489,#1490,#1491,#1492,#1493,#1494,#1495,#1496,#1497,#1498,#1499));
#1502=DERIVED_UNIT_ELEMENT(#1504,1.);
#1503=DERIVED_UNIT_ELEMENT(#3023,-3.);
#1504=(
MASS_UNIT()
NAMED_UNIT(*)
SI_UNIT(.KILO.,.GRAM.)
);
#1505=DERIVED_UNIT((#1502,#1503));
#1506=MEASURE_REPRESENTATION_ITEM('density measure',
POSITIVE_RATIO_MEASURE(7850.),#1505);
#1507=PROPERTY_DEFINITION_REPRESENTATION(#1512,#1509);
#1508=PROPERTY_DEFINITION_REPRESENTATION(#1513,#1510);
#1509=REPRESENTATION('material name',(#1511),#3020);
#1510=REPRESENTATION('density',(#1506),#3020);
#1511=DESCRIPTIVE_REPRESENTATION_ITEM('Steel','Steel');
#1512=PROPERTY_DEFINITION('material property','material name',#3030);
#1513=PROPERTY_DEFINITION('material property','density of part',#3030);
#1514=AXIS2_PLACEMENT_3D('',#2105,#1672,#1673);
#1515=AXIS2_PLACEMENT_3D('',#2106,#1674,#1675);
#1516=AXIS2_PLACEMENT_3D('',#2108,#1676,#1677);
#1517=AXIS2_PLACEMENT_3D('',#2111,#1679,#1680);
#1518=AXIS2_PLACEMENT_3D('',#2112,#1681,#1682);
#1519=AXIS2_PLACEMENT_3D('',#2113,#1683,#1684);
#1520=AXIS2_PLACEMENT_3D('',#2115,#1685,#1686);
#1521=AXIS2_PLACEMENT_3D('',#2118,#1688,#1689);
#1522=AXIS2_PLACEMENT_3D('',#2119,#1690,#1691);
#1523=AXIS2_PLACEMENT_3D('',#2120,#1692,#1693);
#1524=AXIS2_PLACEMENT_3D('',#2122,#1694,#1695);
#1525=AXIS2_PLACEMENT_3D('',#2125,#1697,#1698);
#1526=AXIS2_PLACEMENT_3D('',#2126,#1699,#1700);
#1527=AXIS2_PLACEMENT_3D('',#2127,#1701,#1702);
#1528=AXIS2_PLACEMENT_3D('',#2129,#1703,#1704);
#1529=AXIS2_PLACEMENT_3D('',#2132,#1706,#1707);
#1530=AXIS2_PLACEMENT_3D('',#2133,#1708,#1709);
#1531=AXIS2_PLACEMENT_3D('',#2134,#1710,#1711);
#1532=AXIS2_PLACEMENT_3D('',#2137,#1712,#1713);
#1533=AXIS2_PLACEMENT_3D('',#2141,#1715,#1716);
#1534=AXIS2_PLACEMENT_3D('',#2143,#1718,#1719);
#1535=AXIS2_PLACEMENT_3D('',#2149,#1723,#1724);
#1536=AXIS2_PLACEMENT_3D('',#2152,#1725,#1726);
#1537=AXIS2_PLACEMENT_3D('',#2156,#1728,#1729);
#1538=AXIS2_PLACEMENT_3D('',#2158,#1731,#1732);
#1539=AXIS2_PLACEMENT_3D('',#2172,#1740,#1741);
#1540=AXIS2_PLACEMENT_3D('',#2174,#1742,#1743);
#1541=AXIS2_PLACEMENT_3D('',#2177,#1745,#1746);
#1542=AXIS2_PLACEMENT_3D('',#2178,#1747,#1748);
#1543=AXIS2_PLACEMENT_3D('',#2184,#1752,#1753);
#1544=AXIS2_PLACEMENT_3D('',#2185,#1754,#1755);
#1545=AXIS2_PLACEMENT_3D('',#2186,#1756,#1757);
#1546=AXIS2_PLACEMENT_3D('',#2187,#1758,#1759);
#1547=AXIS2_PLACEMENT_3D('',#2190,#1760,#1761);
#1548=AXIS2_PLACEMENT_3D('',#2194,#1763,#1764);
#1549=AXIS2_PLACEMENT_3D('',#2196,#1766,#1767);
#1550=AXIS2_PLACEMENT_3D('',#2203,#1772,#1773);
#1551=AXIS2_PLACEMENT_3D('',#2207,#1775,#1776);
#1552=AXIS2_PLACEMENT_3D('',#2211,#1778,#1779);
#1553=AXIS2_PLACEMENT_3D('',#2214,#1781,#1782);
#1554=AXIS2_PLACEMENT_3D('',#2223,#1787,#1788);
#1555=AXIS2_PLACEMENT_3D('',#2226,#1790,#1791);
#1556=AXIS2_PLACEMENT_3D('',#2227,#1792,#1793);
#1557=AXIS2_PLACEMENT_3D('',#2231,#1796,#1797);
#1558=AXIS2_PLACEMENT_3D('',#2234,#1799,#1800);
#1559=AXIS2_PLACEMENT_3D('',#2235,#1801,#1802);
#1560=AXIS2_PLACEMENT_3D('',#2239,#1805,#1806);
#1561=AXIS2_PLACEMENT_3D('',#2242,#1808,#1809);
#1562=AXIS2_PLACEMENT_3D('',#2243,#1810,#1811);
#1563=AXIS2_PLACEMENT_3D('',#2245,#1813,#1814);
#1564=AXIS2_PLACEMENT_3D('',#2248,#1817,#1818);
#1565=AXIS2_PLACEMENT_3D('',#2250,#1820,#1821);
#1566=AXIS2_PLACEMENT_3D('',#2252,#1823,#1824);
#1567=AXIS2_PLACEMENT_3D('',#2253,#1825,#1826);
#1568=AXIS2_PLACEMENT_3D('',#2255,#1828,#1829);
#1569=AXIS2_PLACEMENT_3D('',#2256,#1830,#1831);
#1570=AXIS2_PLACEMENT_3D('',#2259,#1832,#1833);
#1571=AXIS2_PLACEMENT_3D('',#2261,#1834,#1835);
#1572=AXIS2_PLACEMENT_3D('',#2263,#1836,#1837);
#1573=AXIS2_PLACEMENT_3D('',#2264,#1838,#1839);
#1574=AXIS2_PLACEMENT_3D('',#2265,#1840,#1841);
#1575=AXIS2_PLACEMENT_3D('',#2268,#1842,#1843);
#1576=AXIS2_PLACEMENT_3D('',#2270,#1844,#1845);
#1577=AXIS2_PLACEMENT_3D('',#2272,#1846,#1847);
#1578=AXIS2_PLACEMENT_3D('',#2273,#1848,#1849);
#1579=AXIS2_PLACEMENT_3D('',#2407,#1850,#1851);
#1580=AXIS2_PLACEMENT_3D('',#2422,#1854,#1855);
#1581=AXIS2_PLACEMENT_3D('',#2426,#1857,#1858);
#1582=AXIS2_PLACEMENT_3D('',#2428,#1860,#1861);
#1583=AXIS2_PLACEMENT_3D('',#2432,#1863,#1864);
#1584=AXIS2_PLACEMENT_3D('',#2436,#1866,#1867);
#1585=AXIS2_PLACEMENT_3D('',#2439,#1869,#1870);
#1586=AXIS2_PLACEMENT_3D('',#2465,#1883,#1884);
#1587=AXIS2_PLACEMENT_3D('',#2466,#1885,#1886);
#1588=AXIS2_PLACEMENT_3D('',#2469,#1888,#1889);
#1589=AXIS2_PLACEMENT_3D('',#2470,#1890,#1891);
#1590=AXIS2_PLACEMENT_3D('',#2472,#1892,#1893);
#1591=AXIS2_PLACEMENT_3D('',#2474,#1894,#1895);
#1592=AXIS2_PLACEMENT_3D('',#2476,#1896,#1897);
#1593=AXIS2_PLACEMENT_3D('',#2477,#1898,#1899);
#1594=AXIS2_PLACEMENT_3D('',#2478,#1900,#1901);
#1595=AXIS2_PLACEMENT_3D('',#2480,#1902,#1903);
#1596=AXIS2_PLACEMENT_3D('',#2482,#1904,#1905);
#1597=AXIS2_PLACEMENT_3D('',#2483,#1906,#1907);
#1598=AXIS2_PLACEMENT_3D('',#2593,#1908,#1909);
#1599=AXIS2_PLACEMENT_3D('',#2606,#1911,#1912);
#1600=AXIS2_PLACEMENT_3D('',#2609,#1914,#1915);
#1601=AXIS2_PLACEMENT_3D('',#2611,#1917,#1918);
#1602=AXIS2_PLACEMENT_3D('',#2614,#1920,#1921);
#1603=AXIS2_PLACEMENT_3D('',#2615,#1922,#1923);
#1604=AXIS2_PLACEMENT_3D('',#2617,#1924,#1925);
#1605=AXIS2_PLACEMENT_3D('',#2619,#1926,#1927);
#1606=AXIS2_PLACEMENT_3D('',#2621,#1928,#1929);
#1607=AXIS2_PLACEMENT_3D('',#2622,#1930,#1931);
#1608=AXIS2_PLACEMENT_3D('',#2623,#1932,#1933);
#1609=AXIS2_PLACEMENT_3D('',#2625,#1934,#1935);
#1610=AXIS2_PLACEMENT_3D('',#2627,#1936,#1937);
#1611=AXIS2_PLACEMENT_3D('',#2629,#1938,#1939);
#1612=AXIS2_PLACEMENT_3D('',#2630,#1940,#1941);
#1613=AXIS2_PLACEMENT_3D('',#2751,#1942,#1943);
#1614=AXIS2_PLACEMENT_3D('',#2764,#1945,#1946);
#1615=AXIS2_PLACEMENT_3D('',#2767,#1948,#1949);
#1616=AXIS2_PLACEMENT_3D('',#2769,#1951,#1952);
#1617=AXIS2_PLACEMENT_3D('',#2772,#1954,#1955);
#1618=AXIS2_PLACEMENT_3D('',#2773,#1956,#1957);
#1619=AXIS2_PLACEMENT_3D('',#2775,#1958,#1959);
#1620=AXIS2_PLACEMENT_3D('',#2777,#1960,#1961);
#1621=AXIS2_PLACEMENT_3D('',#2779,#1962,#1963);
#1622=AXIS2_PLACEMENT_3D('',#2780,#1964,#1965);
#1623=AXIS2_PLACEMENT_3D('',#2781,#1966,#1967);
#1624=AXIS2_PLACEMENT_3D('',#2783,#1968,#1969);
#1625=AXIS2_PLACEMENT_3D('',#2785,#1970,#1971);
#1626=AXIS2_PLACEMENT_3D('',#2787,#1972,#1973);
#1627=AXIS2_PLACEMENT_3D('',#2788,#1974,#1975);
#1628=AXIS2_PLACEMENT_3D('',#2909,#1976,#1977);
#1629=AXIS2_PLACEMENT_3D('',#2912,#1979,#1980);
#1630=AXIS2_PLACEMENT_3D('',#2915,#1982,#1983);
#1631=AXIS2_PLACEMENT_3D('',#2917,#1985,#1986);
#1632=AXIS2_PLACEMENT_3D('',#2920,#1988,#1989);
#1633=AXIS2_PLACEMENT_3D('',#2921,#1990,#1991);
#1634=AXIS2_PLACEMENT_3D('',#2922,#1992,#1993);
#1635=AXIS2_PLACEMENT_3D('',#2923,#1994,#1995);
#1636=AXIS2_PLACEMENT_3D('',#2924,#1996,#1997);
#1637=AXIS2_PLACEMENT_3D('',#2925,#1998,#1999);
#1638=AXIS2_PLACEMENT_3D('',#2926,#2000,#2001);
#1639=AXIS2_PLACEMENT_3D('',#2927,#2002,#2003);
#1640=AXIS2_PLACEMENT_3D('',#2930,#2004,#2005);
#1641=AXIS2_PLACEMENT_3D('',#2933,#2008,#2009);
#1642=AXIS2_PLACEMENT_3D('',#2937,#2011,#2012);
#1643=AXIS2_PLACEMENT_3D('',#2941,#2014,#2015);
#1644=AXIS2_PLACEMENT_3D('',#2945,#2017,#2018);
#1645=AXIS2_PLACEMENT_3D('',#2948,#2020,#2021);
#1646=AXIS2_PLACEMENT_3D('',#2973,#2034,#2035);
#1647=AXIS2_PLACEMENT_3D('',#2975,#2037,#2038);
#1648=AXIS2_PLACEMENT_3D('',#2976,#2039,#2040);
#1649=AXIS2_PLACEMENT_3D('',#2977,#2041,#2042);
#1650=AXIS2_PLACEMENT_3D('',#2979,#2044,#2045);
#1651=AXIS2_PLACEMENT_3D('',#2981,#2047,#2048);
#1652=AXIS2_PLACEMENT_3D('',#2983,#2050,#2051);
#1653=AXIS2_PLACEMENT_3D('',#2984,#2052,#2053);
#1654=AXIS2_PLACEMENT_3D('',#2986,#2055,#2056);
#1655=AXIS2_PLACEMENT_3D('',#2988,#2058,#2059);
#1656=AXIS2_PLACEMENT_3D('',#2989,#2060,#2061);
#1657=AXIS2_PLACEMENT_3D('',#2990,#2062,#2063);
#1658=AXIS2_PLACEMENT_3D('',#2991,#2064,#2065);
#1659=AXIS2_PLACEMENT_3D('',#2992,#2066,#2067);
#1660=AXIS2_PLACEMENT_3D('',#2994,#2069,#2070);
#1661=AXIS2_PLACEMENT_3D('',#2997,#2073,#2074);
#1662=AXIS2_PLACEMENT_3D('',#2999,#2076,#2077);
#1663=AXIS2_PLACEMENT_3D('',#3001,#2079,#2080);
#1664=AXIS2_PLACEMENT_3D('',#3002,#2081,#2082);
#1665=AXIS2_PLACEMENT_3D('',#3005,#2085,#2086);
#1666=AXIS2_PLACEMENT_3D('',#3007,#2088,#2089);
#1667=AXIS2_PLACEMENT_3D('',#3009,#2091,#2092);
#1668=AXIS2_PLACEMENT_3D('',#3011,#2094,#2095);
#1669=AXIS2_PLACEMENT_3D('',#3013,#2097,#2098);
#1670=AXIS2_PLACEMENT_3D('',#3015,#2100,#2101);
#1671=AXIS2_PLACEMENT_3D('',#3017,#2103,#2104);
#1672=DIRECTION('axis',(0.,0.,1.));
#1673=DIRECTION('refdir',(1.,0.,0.));
#1674=DIRECTION('center_axis',(0.,0.,-1.));
#1675=DIRECTION('ref_axis',(-1.,0.,0.));
#1676=DIRECTION('center_axis',(0.,0.,-1.));
#1677=DIRECTION('ref_axis',(-1.,0.,0.));
#1678=DIRECTION('',(0.,0.,-1.));
#1679=DIRECTION('center_axis',(0.,0.,-1.));
#1680=DIRECTION('ref_axis',(-1.,0.,0.));
#1681=DIRECTION('center_axis',(0.,0.,1.));
#1682=DIRECTION('ref_axis',(-1.,0.,0.));
#1683=DIRECTION('center_axis',(0.,0.,-1.));
#1684=DIRECTION('ref_axis',(-1.,0.,0.));
#1685=DIRECTION('center_axis',(0.,0.,-1.));
#1686=DIRECTION('ref_axis',(-1.,0.,0.));
#1687=DIRECTION('',(0.,0.,-1.));
#1688=DIRECTION('center_axis',(0.,0.,-1.));
#1689=DIRECTION('ref_axis',(-1.,0.,0.));
#1690=DIRECTION('center_axis',(0.,0.,1.));
#1691=DIRECTION('ref_axis',(-1.,0.,0.));
#1692=DIRECTION('center_axis',(0.,0.,-1.));
#1693=DIRECTION('ref_axis',(-1.,0.,0.));
#1694=DIRECTION('center_axis',(0.,0.,-1.));
#1695=DIRECTION('ref_axis',(-1.,0.,0.));
#1696=DIRECTION('',(0.,0.,-1.));
#1697=DIRECTION('center_axis',(0.,0.,-1.));
#1698=DIRECTION('ref_axis',(-1.,0.,0.));
#1699=DIRECTION('center_axis',(0.,0.,1.));
#1700=DIRECTION('ref_axis',(-1.,0.,0.));
#1701=DIRECTION('center_axis',(0.,0.,-1.));
#1702=DIRECTION('ref_axis',(-1.,0.,0.));
#1703=DIRECTION('center_axis',(0.,0.,-1.));
#1704=DIRECTION('ref_axis',(-1.,0.,0.));
#1705=DIRECTION('',(0.,0.,-1.));
#1706=DIRECTION('center_axis',(0.,0.,-1.));
#1707=DIRECTION('ref_axis',(-1.,0.,0.));
#1708=DIRECTION('center_axis',(0.,0.,1.));
#1709=DIRECTION('ref_axis',(-1.,0.,0.));
#1710=DIRECTION('center_axis',(0.,-1.,0.));
#1711=DIRECTION('ref_axis',(-0.707106781186553,0.,0.707106781186542));
#1712=DIRECTION('center_axis',(0.,1.,0.));
#1713=DIRECTION('ref_axis',(-0.707106781186553,0.,0.707106781186542));
#1714=DIRECTION('',(0.,-1.,0.));
#1715=DIRECTION('center_axis',(0.,-1.,0.));
#1716=DIRECTION('ref_axis',(-0.707106781186553,0.,0.707106781186542));
#1717=DIRECTION('',(0.,1.,0.));
#1718=DIRECTION('center_axis',(0.,0.,1.));
#1719=DIRECTION('ref_axis',(-1.,0.,0.));
#1720=DIRECTION('',(-1.,0.,0.));
#1721=DIRECTION('',(0.,1.,0.));
#1722=DIRECTION('',(1.,0.,0.));
#1723=DIRECTION('center_axis',(0.,-1.,0.));
#1724=DIRECTION('ref_axis',(-0.707106781186553,0.,-0.707106781186543));
#1725=DIRECTION('center_axis',(0.,-1.,0.));
#1726=DIRECTION('ref_axis',(-0.707106781186553,0.,-0.707106781186543));
#1727=DIRECTION('',(0.,1.,0.));
#1728=DIRECTION('center_axis',(0.,1.,0.));
#1729=DIRECTION('ref_axis',(-0.707106781186553,0.,-0.707106781186543));
#1730=DIRECTION('',(0.,-1.,0.));
#1731=DIRECTION('center_axis',(0.,0.,1.));
#1732=DIRECTION('ref_axis',(1.,0.,0.));
#1733=DIRECTION('',(1.,0.,0.));
#1734=DIRECTION('',(0.,1.,0.));
#1735=DIRECTION('',(-1.,0.,0.));
#1736=DIRECTION('',(0.,-1.,0.));
#1737=DIRECTION('',(1.,0.,0.));
#1738=DIRECTION('',(0.,-1.,0.));
#1739=DIRECTION('',(1.,0.,0.));
#1740=DIRECTION('center_axis',(0.,-1.,0.));
#1741=DIRECTION('ref_axis',(0.70710678118654,0.,0.707106781186555));
#1742=DIRECTION('center_axis',(0.,1.,0.));
#1743=DIRECTION('ref_axis',(0.70710678118654,0.,0.707106781186555));
#1744=DIRECTION('',(0.,-1.,0.));
#1745=DIRECTION('center_axis',(0.,-1.,0.));
#1746=DIRECTION('ref_axis',(0.70710678118654,0.,0.707106781186555));
#1747=DIRECTION('center_axis',(1.,0.,0.));
#1748=DIRECTION('ref_axis',(0.,0.,1.));
#1749=DIRECTION('',(0.,0.,1.));
#1750=DIRECTION('',(0.,1.,0.));
#1751=DIRECTION('',(0.,0.,-1.));
#1752=DIRECTION('center_axis',(0.,-1.,0.));
#1753=DIRECTION('ref_axis',(0.70710678118654,0.,-0.707106781186555));
#1754=DIRECTION('center_axis',(0.,-1.,0.));
#1755=DIRECTION('ref_axis',(0.70710678118654,0.,-0.707106781186555));
#1756=DIRECTION('center_axis',(0.,1.,0.));
#1757=DIRECTION('ref_axis',(0.70710678118654,0.,-0.707106781186555));
#1758=DIRECTION('center_axis',(0.,0.,1.));
#1759=DIRECTION('ref_axis',(-0.707106781186541,0.707106781186554,0.));
#1760=DIRECTION('center_axis',(0.,0.,-1.));
#1761=DIRECTION('ref_axis',(-0.707106781186541,0.707106781186554,0.));
#1762=DIRECTION('',(0.,0.,-1.));
#1763=DIRECTION('center_axis',(0.,0.,1.));
#1764=DIRECTION('ref_axis',(-0.707106781186541,0.707106781186554,0.));
#1765=DIRECTION('',(0.,0.,1.));
#1766=DIRECTION('center_axis',(0.,1.,0.));
#1767=DIRECTION('ref_axis',(-1.,0.,0.));
#1768=DIRECTION('',(1.,0.,0.));
#1769=DIRECTION('',(0.,0.,1.));
#1770=DIRECTION('',(1.,0.,0.));
#1771=DIRECTION('',(0.,0.,-1.));
#1772=DIRECTION('center_axis',(0.,0.,1.));
#1773=DIRECTION('ref_axis',(1.,0.,0.));
#1774=DIRECTION('',(0.,1.,0.));
#1775=DIRECTION('center_axis',(0.,0.,-1.));
#1776=DIRECTION('ref_axis',(-0.707106781186552,-0.707106781186543,0.));
#1777=DIRECTION('',(-1.,0.,0.));
#1778=DIRECTION('center_axis',(0.,0.,-1.));
#1779=DIRECTION('ref_axis',(0.707106781186549,-0.707106781186546,0.));
#1780=DIRECTION('',(0.,-1.,0.));
#1781=DIRECTION('center_axis',(0.,0.,-1.));
#1782=DIRECTION('ref_axis',(0.707106781186548,0.707106781186548,0.));
#1783=DIRECTION('',(0.,1.,0.));
#1784=DIRECTION('',(1.,0.,0.));
#1785=DIRECTION('',(0.,-1.,0.));
#1786=DIRECTION('',(-1.,0.,0.));
#1787=DIRECTION('center_axis',(0.,0.,1.));
#1788=DIRECTION('ref_axis',(0.707106781186548,0.707106781186548,0.));
#1789=DIRECTION('',(0.,0.,-1.));
#1790=DIRECTION('center_axis',(0.,0.,1.));
#1791=DIRECTION('ref_axis',(0.707106781186548,0.707106781186548,0.));
#1792=DIRECTION('center_axis',(1.,0.,0.));
#1793=DIRECTION('ref_axis',(0.,1.,0.));
#1794=DIRECTION('',(0.,0.,1.));
#1795=DIRECTION('',(0.,-1.,0.));
#1796=DIRECTION('center_axis',(0.,0.,1.));
#1797=DIRECTION('ref_axis',(0.707106781186549,-0.707106781186546,0.));
#1798=DIRECTION('',(0.,0.,-1.));
#1799=DIRECTION('center_axis',(0.,0.,1.));
#1800=DIRECTION('ref_axis',(0.707106781186549,-0.707106781186546,0.));
#1801=DIRECTION('center_axis',(0.,-1.,0.));
#1802=DIRECTION('ref_axis',(1.,0.,0.));
#1803=DIRECTION('',(0.,0.,1.));
#1804=DIRECTION('',(-1.,0.,0.));
#1805=DIRECTION('center_axis',(0.,0.,1.));
#1806=DIRECTION('ref_axis',(-0.707106781186552,-0.707106781186543,0.));
#1807=DIRECTION('',(0.,0.,-1.));
#1808=DIRECTION('center_axis',(0.,0.,1.));
#1809=DIRECTION('ref_axis',(-0.707106781186552,-0.707106781186543,0.));
#1810=DIRECTION('center_axis',(-1.,0.,0.));
#1811=DIRECTION('ref_axis',(0.,0.,-1.));
#1812=DIRECTION('',(0.,0.,1.));
#1813=DIRECTION('center_axis',(0.,1.,0.));
#1814=DIRECTION('ref_axis',(-1.,0.,0.));
#1815=DIRECTION('',(0.,0.,1.));
#1816=DIRECTION('',(0.,0.,1.));
#1817=DIRECTION('center_axis',(-1.,0.,0.));
#1818=DIRECTION('ref_axis',(0.,-1.,0.));
#1819=DIRECTION('',(0.,0.,1.));
#1820=DIRECTION('center_axis',(1.,0.,0.));
#1821=DIRECTION('ref_axis',(0.,1.,0.));
#1822=DIRECTION('',(0.,0.,1.));
#1823=DIRECTION('center_axis',(0.,-1.,0.));
#1824=DIRECTION('ref_axis',(1.,0.,0.));
#1825=DIRECTION('center_axis',(-1.,0.,0.));
#1826=DIRECTION('ref_axis',(0.,-1.,0.));
#1827=DIRECTION('',(0.,1.,0.));
#1828=DIRECTION('center_axis',(0.,0.,1.));
#1829=DIRECTION('ref_axis',(1.,0.,0.));
#1830=DIRECTION('center_axis',(0.,0.,-1.));
#1831=DIRECTION('ref_axis',(-1.,0.,0.));
#1832=DIRECTION('center_axis',(0.888888888888891,-0.458122847290848,0.));
#1833=DIRECTION('ref_axis',(0.,0.,1.));
#1834=DIRECTION('center_axis',(0.,0.,-1.));
#1835=DIRECTION('ref_axis',(0.707106781186549,0.707106781186546,0.));
#1836=DIRECTION('center_axis',(-0.458122847290876,0.888888888888876,0.));
#1837=DIRECTION('ref_axis',(-0.888888888888876,-0.458122847290876,0.));
#1838=DIRECTION('center_axis',(0.,0.,1.));
#1839=DIRECTION('ref_axis',(0.707106781186549,0.707106781186546,0.));
#1840=DIRECTION('center_axis',(0.,0.,-1.));
#1841=DIRECTION('ref_axis',(-1.,0.,0.));
#1842=DIRECTION('center_axis',(-0.458122847290848,-0.888888888888891,8.13789653070616E-15));
#1843=DIRECTION('ref_axis',(1.77635683940026E-14,0.,1.));
#1844=DIRECTION('center_axis',(0.,0.,-1.));
#1845=DIRECTION('ref_axis',(-0.707106781186549,-0.707106781186546,0.));
#1846=DIRECTION('center_axis',(-0.888888888888898,-0.458122847290833,0.));
#1847=DIRECTION('ref_axis',(0.458122847290833,-0.888888888888898,0.));
#1848=DIRECTION('center_axis',(0.,0.,1.));
#1849=DIRECTION('ref_axis',(-0.707106781186549,-0.707106781186546,0.));
#1850=DIRECTION('center_axis',(0.,1.,0.));
#1851=DIRECTION('ref_axis',(0.707106781186548,0.,0.707106781186548));
#1852=DIRECTION('',(0.,-1.,0.));
#1853=DIRECTION('',(0.,-1.,0.));
#1854=DIRECTION('center_axis',(0.,-1.,0.));
#1855=DIRECTION('ref_axis',(0.707106781186546,0.,0.707106781186549));
#1856=DIRECTION('',(0.,1.,0.));
#1857=DIRECTION('center_axis',(0.,1.,0.));
#1858=DIRECTION('ref_axis',(0.707106781186546,0.,0.707106781186549));
#1859=DIRECTION('',(0.,-1.,0.));
#1860=DIRECTION('center_axis',(0.,0.,1.));
#1861=DIRECTION('ref_axis',(1.,0.,0.));
#1862=DIRECTION('',(1.,0.,0.));
#1863=DIRECTION('center_axis',(0.,0.,1.));
#1864=DIRECTION('ref_axis',(0.707106781186547,-0.707106781186547,0.));
#1865=DIRECTION('',(0.,1.,0.));
#1866=DIRECTION('center_axis',(0.,0.,1.));
#1867=DIRECTION('ref_axis',(0.707106781186548,0.707106781186547,0.));
#1868=DIRECTION('',(-1.,0.,0.));
#1869=DIRECTION('center_axis',(0.,0.,1.));
#1870=DIRECTION('ref_axis',(-0.707106781186548,0.707106781186547,0.));
#1871=DIRECTION('',(0.,-1.,0.));
#1872=DIRECTION('',(1.,0.,0.));
#1873=DIRECTION('',(0.,-1.,0.));
#1874=DIRECTION('',(-1.,0.,0.));
#1875=DIRECTION('',(0.,1.,0.));
#1876=DIRECTION('',(1.,0.,0.));
#1877=DIRECTION('',(0.,1.,0.));
#1878=DIRECTION('',(1.,0.,0.));
#1879=DIRECTION('',(-1.,0.,0.));
#1880=DIRECTION('',(0.,1.,0.));
#1881=DIRECTION('',(1.,0.,0.));
#1882=DIRECTION('',(0.,-1.,0.));
#1883=DIRECTION('center_axis',(0.,0.,-1.));
#1884=DIRECTION('ref_axis',(1.,0.,0.));
#1885=DIRECTION('center_axis',(0.,0.,-1.));
#1886=DIRECTION('ref_axis',(-1.,0.,0.));
#1887=DIRECTION('',(0.,0.,-1.));
#1888=DIRECTION('center_axis',(0.,0.,1.));
#1889=DIRECTION('ref_axis',(-1.,0.,0.));
#1890=DIRECTION('center_axis',(0.,0.,-1.));
#1891=DIRECTION('ref_axis',(-1.,0.,0.));
#1892=DIRECTION('center_axis',(-0.458122847290855,-0.888888888888887,4.93432455388959E-16));
#1893=DIRECTION('ref_axis',(0.,5.5511151231258E-16,1.));
#1894=DIRECTION('center_axis',(0.,0.,-1.));
#1895=DIRECTION('ref_axis',(0.707106781186548,-0.707106781186547,0.));
#1896=DIRECTION('center_axis',(0.888888888888891,0.458122847290847,-5.08618533169134E-16));
#1897=DIRECTION('ref_axis',(-0.458122847290847,0.888888888888891,0.));
#1898=DIRECTION('center_axis',(0.,0.,1.));
#1899=DIRECTION('ref_axis',(0.707106781186548,-0.707106781186547,0.));
#1900=DIRECTION('center_axis',(0.,0.,-1.));
#1901=DIRECTION('ref_axis',(-1.,0.,0.));
#1902=DIRECTION('center_axis',(-0.888888888888891,0.458122847290846,-5.08618533169134E-16));
#1903=DIRECTION('ref_axis',(0.,1.11022302462516E-15,1.));
#1904=DIRECTION('center_axis',(0.,0.,-1.));
#1905=DIRECTION('ref_axis',(-0.707106781186548,0.707106781186547,0.));
#1906=DIRECTION('center_axis',(-0.458122847290854,0.888888888888888,-9.86864910777919E-16));
#1907=DIRECTION('ref_axis',(-0.888888888888888,-0.458122847290854,0.));
#1908=DIRECTION('center_axis',(1.,0.,0.));
#1909=DIRECTION('ref_axis',(0.,-0.707106781186546,0.707106781186549));
#1910=DIRECTION('',(-1.,0.,0.));
#1911=DIRECTION('center_axis',(-1.,0.,0.));
#1912=DIRECTION('ref_axis',(0.,-0.707106781186546,0.707106781186549));
#1913=DIRECTION('',(1.,0.,0.));
#1914=DIRECTION('center_axis',(1.,0.,0.));
#1915=DIRECTION('ref_axis',(0.,-0.707106781186546,0.707106781186549));
#1916=DIRECTION('',(-1.,0.,0.));
#1917=DIRECTION('center_axis',(0.,0.,-1.));
#1918=DIRECTION('ref_axis',(-1.,0.,0.));
#1919=DIRECTION('',(0.,0.,-1.));
#1920=DIRECTION('center_axis',(0.,0.,1.));
#1921=DIRECTION('ref_axis',(-1.,0.,0.));
#1922=DIRECTION('center_axis',(0.,0.,-1.));
#1923=DIRECTION('ref_axis',(-1.,0.,0.));
#1924=DIRECTION('center_axis',(-0.888888888888877,0.458122847290874,3.56032973218415E-15));
#1925=DIRECTION('ref_axis',(0.,-7.77156117237612E-15,1.));
#1926=DIRECTION('center_axis',(0.,0.,-1.));
#1927=DIRECTION('ref_axis',(-0.707106781186548,-0.707106781186547,0.));
#1928=DIRECTION('center_axis',(0.458122847290852,-0.888888888888888,4.9343245538896E-16));
#1929=DIRECTION('ref_axis',(0.888888888888888,0.458122847290852,0.));
#1930=DIRECTION('center_axis',(0.,0.,1.));
#1931=DIRECTION('ref_axis',(-0.707106781186548,-0.707106781186547,0.));
#1932=DIRECTION('center_axis',(0.,0.,-1.));
#1933=DIRECTION('ref_axis',(0.707106781186549,0.707106781186546,0.));
#1934=DIRECTION('center_axis',(0.458122847290883,0.888888888888872,3.25515861228272E-14));
#1935=DIRECTION('ref_axis',(-7.10542735760103E-14,0.,1.));
#1936=DIRECTION('center_axis',(0.,0.,-1.));
#1937=DIRECTION('ref_axis',(0.707106781186548,0.707106781186547,0.));
#1938=DIRECTION('center_axis',(0.,0.,-1.));
#1939=DIRECTION('ref_axis',(0.707106781186548,0.707106781186547,0.));
#1940=DIRECTION('center_axis',(0.888888888888906,0.458122847290817,-6.06162616239427E-14));
#1941=DIRECTION('ref_axis',(-0.458122847290817,0.888888888888906,0.));
#1942=DIRECTION('center_axis',(0.,-1.,0.));
#1943=DIRECTION('ref_axis',(-0.707106781186538,0.,0.707106781186557));
#1944=DIRECTION('',(0.,1.,0.));
#1945=DIRECTION('center_axis',(0.,1.,0.));
#1946=DIRECTION('ref_axis',(-0.707106781186542,0.,0.707106781186553));
#1947=DIRECTION('',(0.,-1.,0.));
#1948=DIRECTION('center_axis',(0.,-1.,0.));
#1949=DIRECTION('ref_axis',(-0.707106781186542,0.,0.707106781186553));
#1950=DIRECTION('',(0.,1.,0.));
#1951=DIRECTION('center_axis',(0.,0.,-1.));
#1952=DIRECTION('ref_axis',(-1.,0.,0.));
#1953=DIRECTION('',(0.,0.,-1.));
#1954=DIRECTION('center_axis',(0.,0.,1.));
#1955=DIRECTION('ref_axis',(-1.,0.,0.));
#1956=DIRECTION('center_axis',(0.,0.,-1.));
#1957=DIRECTION('ref_axis',(-1.,0.,0.));
#1958=DIRECTION('center_axis',(0.458122847290847,0.888888888888891,-3.25515861228246E-14));
#1959=DIRECTION('ref_axis',(7.10542735760103E-14,0.,1.));
#1960=DIRECTION('center_axis',(0.,0.,-1.));
#1961=DIRECTION('ref_axis',(-0.707106781186548,0.707106781186548,0.));
#1962=DIRECTION('center_axis',(-0.888888888888913,-0.458122847290805,-1.62757930614108E-14));
#1963=DIRECTION('ref_axis',(0.458122847290805,-0.888888888888913,0.));
#1964=DIRECTION('center_axis',(0.,0.,1.));
#1965=DIRECTION('ref_axis',(-0.707106781186547,0.707106781186547,0.));
#1966=DIRECTION('center_axis',(0.,0.,-1.));
#1967=DIRECTION('ref_axis',(0.70710678118655,-0.707106781186545,0.));
#1968=DIRECTION('center_axis',(0.888888888888913,-0.458122847290805,-1.62757930614108E-14));
#1969=DIRECTION('ref_axis',(0.,-3.55271367880051E-14,1.));
#1970=DIRECTION('center_axis',(0.,0.,-1.));
#1971=DIRECTION('ref_axis',(0.707106781186548,-0.707106781186548,0.));
#1972=DIRECTION('center_axis',(0.,0.,-1.));
#1973=DIRECTION('ref_axis',(0.707106781186548,-0.707106781186548,0.));
#1974=DIRECTION('center_axis',(0.458122847290847,-0.888888888888891,-3.25515861228246E-14));
#1975=DIRECTION('ref_axis',(0.888888888888891,0.458122847290847,0.));
#1976=DIRECTION('center_axis',(-1.,0.,0.));
#1977=DIRECTION('ref_axis',(0.,0.707106781186544,0.707106781186551));
#1978=DIRECTION('',(1.,0.,0.));
#1979=DIRECTION('center_axis',(1.,0.,0.));
#1980=DIRECTION('ref_axis',(0.,0.707106781186545,0.70710678118655));
#1981=DIRECTION('',(-1.,0.,0.));
#1982=DIRECTION('center_axis',(-1.,0.,0.));
#1983=DIRECTION('ref_axis',(0.,0.707106781186545,0.70710678118655));
#1984=DIRECTION('',(1.,0.,0.));
#1985=DIRECTION('center_axis',(0.,0.,-1.));
#1986=DIRECTION('ref_axis',(-1.,0.,0.));
#1987=DIRECTION('',(0.,0.,-1.));
#1988=DIRECTION('center_axis',(0.,0.,1.));
#1989=DIRECTION('ref_axis',(-1.,0.,0.));
#1990=DIRECTION('center_axis',(0.,0.,1.));
#1991=DIRECTION('ref_axis',(1.,0.,0.));
#1992=DIRECTION('center_axis',(0.,0.,1.));
#1993=DIRECTION('ref_axis',(1.,0.,0.));
#1994=DIRECTION('center_axis',(0.,0.,1.));
#1995=DIRECTION('ref_axis',(1.,0.,0.));
#1996=DIRECTION('center_axis',(0.,0.,1.));
#1997=DIRECTION('ref_axis',(1.,0.,0.));
#1998=DIRECTION('center_axis',(-0.40824829046386,-0.816496580927727,0.408248290463865));
#1999=DIRECTION('ref_axis',(-0.577350269189624,0.577350269189624,0.577350269189629));
#2000=DIRECTION('center_axis',(0.,0.,1.));
#2001=DIRECTION('ref_axis',(0.,1.,0.));
#2002=DIRECTION('center_axis',(0.,0.,1.));
#2003=DIRECTION('ref_axis',(-0.707106781186541,0.707106781186554,0.));
#2004=DIRECTION('center_axis',(0.,0.,1.));
#2005=DIRECTION('ref_axis',(-0.707106781186541,0.707106781186554,0.));
#2006=DIRECTION('',(0.,0.,1.));
#2007=DIRECTION('',(0.,0.,-1.));
#2008=DIRECTION('center_axis',(0.,0.,1.));
#2009=DIRECTION('ref_axis',(1.,0.,0.));
#2010=DIRECTION('',(1.,0.,0.));
#2011=DIRECTION('center_axis',(0.,0.,1.));
#2012=DIRECTION('ref_axis',(0.707106781186548,0.707106781186548,0.));
#2013=DIRECTION('',(0.,-1.,0.));
#2014=DIRECTION('center_axis',(0.,0.,1.));
#2015=DIRECTION('ref_axis',(0.707106781186549,-0.707106781186546,0.));
#2016=DIRECTION('',(-1.,0.,0.));
#2017=DIRECTION('center_axis',(0.,0.,1.));
#2018=DIRECTION('ref_axis',(-0.707106781186552,-0.707106781186543,0.));
#2019=DIRECTION('',(0.,1.,0.));
#2020=DIRECTION('center_axis',(0.,0.,-1.));
#2021=DIRECTION('ref_axis',(1.,0.,0.));
#2022=DIRECTION('',(-1.,0.,0.));
#2023=DIRECTION('',(0.,-1.,0.));
#2024=DIRECTION('',(1.,0.,0.));
#2025=DIRECTION('',(0.,1.,0.));
#2026=DIRECTION('',(0.,-1.,0.));
#2027=DIRECTION('',(1.,0.,0.));
#2028=DIRECTION('',(0.,1.,0.));
#2029=DIRECTION('',(1.,0.,0.));
#2030=DIRECTION('',(0.,1.,0.));
#2031=DIRECTION('',(-1.,0.,0.));
#2032=DIRECTION('',(0.,-1.,0.));
#2033=DIRECTION('',(1.,0.,0.));
#2034=DIRECTION('center_axis',(0.,1.,0.));
#2035=DIRECTION('ref_axis',(-1.,0.,0.));
#2036=DIRECTION('',(0.,0.,1.));
#2037=DIRECTION('center_axis',(0.40824829046386,-0.816496580927728,0.408248290463862));
#2038=DIRECTION('ref_axis',(0.577350269189626,0.577350269189623,0.577350269189628));
#2039=DIRECTION('center_axis',(0.,0.,1.));
#2040=DIRECTION('ref_axis',(1.,0.,0.));
#2041=DIRECTION('center_axis',(0.,0.,1.));
#2042=DIRECTION('ref_axis',(0.707106781186548,0.707106781186548,0.));
#2043=DIRECTION('',(0.,0.,-1.));
#2044=DIRECTION('center_axis',(0.,0.,1.));
#2045=DIRECTION('ref_axis',(-0.707106781186552,-0.707106781186543,0.));
#2046=DIRECTION('',(0.,0.,1.));
#2047=DIRECTION('center_axis',(0.,0.,-1.));
#2048=DIRECTION('ref_axis',(0.,-1.,0.));
#2049=DIRECTION('',(0.,0.,-1.));
#2050=DIRECTION('center_axis',(0.40824829046386,-0.816496580927723,-0.408248290463872));
#2051=DIRECTION('ref_axis',(-0.57735026918962,-0.577350269189628,0.577350269189629));
#2052=DIRECTION('center_axis',(0.,-1.,0.));
#2053=DIRECTION('ref_axis',(1.,0.,0.));
#2054=DIRECTION('',(0.,0.,-1.));
#2055=DIRECTION('center_axis',(0.,0.,1.));
#2056=DIRECTION('ref_axis',(0.707106781186549,-0.707106781186546,0.));
#2057=DIRECTION('',(0.,0.,1.));
#2058=DIRECTION('center_axis',(0.,0.,-1.));
#2059=DIRECTION('ref_axis',(1.,8.32667268468867E-16,0.));
#2060=DIRECTION('center_axis',(-0.408248290463863,-0.816496580927725,-0.408248290463865));
#2061=DIRECTION('ref_axis',(0.577350269189623,-0.577350269189626,0.577350269189628));
#2062=DIRECTION('center_axis',(1.,0.,0.));
#2063=DIRECTION('ref_axis',(0.,1.,0.));
#2064=DIRECTION('center_axis',(-1.,0.,0.));
#2065=DIRECTION('ref_axis',(0.,-1.,0.));
#2066=DIRECTION('center_axis',(0.,0.,1.));
#2067=DIRECTION('ref_axis',(1.,0.,0.));
#2068=DIRECTION('',(0.,0.,-1.));
#2069=DIRECTION('center_axis',(-1.,0.,0.));
#2070=DIRECTION('ref_axis',(0.,-1.,0.));
#2071=DIRECTION('',(0.,0.,1.));
#2072=DIRECTION('',(0.,0.,1.));
#2073=DIRECTION('center_axis',(0.,-1.,0.));
#2074=DIRECTION('ref_axis',(1.,0.,0.));
#2075=DIRECTION('',(0.,0.,1.));
#2076=DIRECTION('center_axis',(1.,0.,0.));
#2077=DIRECTION('ref_axis',(0.,1.,0.));
#2078=DIRECTION('',(0.,0.,1.));
#2079=DIRECTION('center_axis',(0.,1.,0.));
#2080=DIRECTION('ref_axis',(-1.,0.,0.));
#2081=DIRECTION('center_axis',(0.,-1.,0.));
#2082=DIRECTION('ref_axis',(1.,0.,0.));
#2083=DIRECTION('',(0.,0.,1.));
#2084=DIRECTION('',(0.,0.,1.));
#2085=DIRECTION('center_axis',(1.,0.,0.));
#2086=DIRECTION('ref_axis',(0.,1.,0.));
#2087=DIRECTION('',(0.,0.,1.));
#2088=DIRECTION('center_axis',(0.,-1.,0.));
#2089=DIRECTION('ref_axis',(1.,0.,0.));
#2090=DIRECTION('',(0.,0.,1.));
#2091=DIRECTION('center_axis',(1.,0.,0.));
#2092=DIRECTION('ref_axis',(0.,1.,0.));
#2093=DIRECTION('',(0.,0.,1.));
#2094=DIRECTION('center_axis',(0.,1.,0.));
#2095=DIRECTION('ref_axis',(-1.,0.,0.));
#2096=DIRECTION('',(0.,0.,1.));
#2097=DIRECTION('center_axis',(-1.,0.,0.));
#2098=DIRECTION('ref_axis',(0.,-1.,0.));
#2099=DIRECTION('',(0.,0.,1.));
#2100=DIRECTION('center_axis',(0.,-1.,0.));
#2101=DIRECTION('ref_axis',(1.,0.,0.));
#2102=DIRECTION('',(0.,0.,1.));
#2103=DIRECTION('center_axis',(-1.,0.,0.));
#2104=DIRECTION('ref_axis',(0.,-1.,0.));
#2105=CARTESIAN_POINT('',(0.,0.,0.));
#2106=CARTESIAN_POINT('Origin',(-26.0805961813709,1.34987344646943,16.6));
#2107=CARTESIAN_POINT('',(-24.0805961813709,1.34987344646943,14.6));
#2108=CARTESIAN_POINT('Origin',(-26.0805961813709,1.34987344646943,14.6));
#2109=CARTESIAN_POINT('',(-24.0805961813709,1.34987344646943,11.6));
#2110=CARTESIAN_POINT('',(-24.0805961813709,1.34987344646943,16.6));
#2111=CARTESIAN_POINT('Origin',(-26.0805961813709,1.34987344646943,11.6));
#2112=CARTESIAN_POINT('Origin',(-26.0805961813709,1.34987344646943,11.6));
#2113=CARTESIAN_POINT('Origin',(-92.4800045350567,1.34987344646943,16.6));
#2114=CARTESIAN_POINT('',(-90.4800045350567,1.34987344646943,14.6));
#2115=CARTESIAN_POINT('Origin',(-92.4800045350567,1.34987344646943,14.6));
#2116=CARTESIAN_POINT('',(-90.4800045350567,1.34987344646943,11.6));
#2117=CARTESIAN_POINT('',(-90.4800045350567,1.34987344646943,16.6));
#2118=CARTESIAN_POINT('Origin',(-92.4800045350567,1.34987344646943,11.6));
#2119=CARTESIAN_POINT('Origin',(-92.4800045350567,1.34987344646943,11.6));
#2120=CARTESIAN_POINT('Origin',(-26.0805961813709,61.8499045464694,16.6));
#2121=CARTESIAN_POINT('',(-24.0805961813709,61.8499045464694,14.6));
#2122=CARTESIAN_POINT('Origin',(-26.0805961813709,61.8499045464694,14.6));
#2123=CARTESIAN_POINT('',(-24.0805961813709,61.8499045464694,11.6));
#2124=CARTESIAN_POINT('',(-24.0805961813709,61.8499045464694,16.6));
#2125=CARTESIAN_POINT('Origin',(-26.0805961813709,61.8499045464694,11.6));
#2126=CARTESIAN_POINT('Origin',(-26.0805961813709,61.8499045464694,11.6));
#2127=CARTESIAN_POINT('Origin',(-92.4800045350567,61.8499045464694,16.6));
#2128=CARTESIAN_POINT('',(-90.4800045350567,61.8499045464694,14.6));
#2129=CARTESIAN_POINT('Origin',(-92.4800045350567,61.8499045464694,14.6));
#2130=CARTESIAN_POINT('',(-90.4800045350567,61.8499045464694,11.6));
#2131=CARTESIAN_POINT('',(-90.4800045350567,61.8499045464694,16.6));
#2132=CARTESIAN_POINT('Origin',(-92.4800045350567,61.8499045464694,11.6));
#2133=CARTESIAN_POINT('Origin',(-92.4800045350567,61.8499045464694,11.6));
#2134=CARTESIAN_POINT('Origin',(-82.5000012367964,64.8499986622483,4.47571098856717));
#2135=CARTESIAN_POINT('',(-83.0000012367964,64.8499986622483,4.47571098856717));
#2136=CARTESIAN_POINT('',(-82.5000012367964,64.8499986622483,4.97571098856717));
#2137=CARTESIAN_POINT('Origin',(-82.5000012367964,64.8499986622483,4.47571098856717));
#2138=CARTESIAN_POINT('',(-82.5000012367964,59.8499986622483,4.97571098856717));
#2139=CARTESIAN_POINT('',(-82.5000012367964,64.8499986622483,4.97571098856717));
#2140=CARTESIAN_POINT('',(-83.0000012367964,59.8499986622483,4.47571098856717));
#2141=CARTESIAN_POINT('Origin',(-82.5000012367964,59.8499986622483,4.47571098856717));
#2142=CARTESIAN_POINT('',(-83.0000012367964,64.8499986622483,4.47571098856717));
#2143=CARTESIAN_POINT('Origin',(-72.0000010728836,64.8499986622483,4.97571098856717));
#2144=CARTESIAN_POINT('',(-72.5000010728836,64.8499986622483,4.97571098856717));
#2145=CARTESIAN_POINT('',(-50.0403890208986,64.8499986622483,4.97571098856717));
#2146=CARTESIAN_POINT('',(-72.5000010728836,59.8499986622483,4.97571098856717));
#2147=CARTESIAN_POINT('',(-72.5000010728836,64.8499986622483,4.97571098856717));
#2148=CARTESIAN_POINT('',(-50.0403890208986,59.8499986622483,4.97571098856717));
#2149=CARTESIAN_POINT('Origin',(-82.5000012367964,48.2499986622483,0.5));
#2150=CARTESIAN_POINT('',(-83.0000012367964,59.8499986622483,0.5));
#2151=CARTESIAN_POINT('',(-82.5000012367964,59.8499986622483,0.));
#2152=CARTESIAN_POINT('Origin',(-82.5000012367964,59.8499986622483,0.5));
#2153=CARTESIAN_POINT('',(-82.5000012367964,64.8499986622483,0.));
#2154=CARTESIAN_POINT('',(-82.5000012367964,48.2499986622483,0.));
#2155=CARTESIAN_POINT('',(-83.0000012367964,64.8499986622483,0.5));
#2156=CARTESIAN_POINT('Origin',(-82.5000012367964,64.8499986622483,0.5));
#2157=CARTESIAN_POINT('',(-83.0000012367964,48.2499986622483,0.5));
#2158=CARTESIAN_POINT('Origin',(-59.2807769689136,31.6499986622483,0.));
#2159=CARTESIAN_POINT('',(-90.4807769689136,59.8499986622483,0.));
#2160=CARTESIAN_POINT('',(-90.4807769689136,59.8499986622483,0.));
#2161=CARTESIAN_POINT('',(-90.4807769689136,3.44999866224825,0.));
#2162=CARTESIAN_POINT('',(-90.4807769689136,3.44999866224825,0.));
#2163=CARTESIAN_POINT('',(-28.0807769689136,3.44999866224825,0.));
#2164=CARTESIAN_POINT('',(-28.0807769689136,3.44999866224825,0.));
#2165=CARTESIAN_POINT('',(-28.0807769689136,59.8499986622483,0.));
#2166=CARTESIAN_POINT('',(-28.0807769689136,59.8499986622483,0.));
#2167=CARTESIAN_POINT('',(-72.5000010728836,59.8499986622483,0.));
#2168=CARTESIAN_POINT('',(-90.4807769689136,59.8499986622483,0.));
#2169=CARTESIAN_POINT('',(-72.5000010728836,64.8499986622483,0.));
#2170=CARTESIAN_POINT('',(-72.5000010728836,48.2499986622483,0.));
#2171=CARTESIAN_POINT('',(-55.540389102855,64.8499986622483,0.));
#2172=CARTESIAN_POINT('Origin',(-72.5000010728836,64.8499986622483,4.47571098856717));
#2173=CARTESIAN_POINT('',(-72.0000010728836,64.8499986622483,4.47571098856717));
#2174=CARTESIAN_POINT('Origin',(-72.5000010728836,64.8499986622483,4.47571098856717));
#2175=CARTESIAN_POINT('',(-72.0000010728836,59.8499986622483,4.47571098856717));
#2176=CARTESIAN_POINT('',(-72.0000010728836,64.8499986622483,4.47571098856717));
#2177=CARTESIAN_POINT('Origin',(-72.5000010728836,59.8499986622483,4.47571098856717));
#2178=CARTESIAN_POINT('Origin',(-72.0000010728836,64.8499986622483,0.));
#2179=CARTESIAN_POINT('',(-72.0000010728836,64.8499986622483,0.5));
#2180=CARTESIAN_POINT('',(-72.0000010728836,64.8499986622483,0.));
#2181=CARTESIAN_POINT('',(-72.0000010728836,59.8499986622483,0.5));
#2182=CARTESIAN_POINT('',(-72.0000010728836,48.2499986622483,0.5));
#2183=CARTESIAN_POINT('',(-72.0000010728836,59.8499986622483,0.));
#2184=CARTESIAN_POINT('Origin',(-72.5000010728836,48.2499986622483,0.5));
#2185=CARTESIAN_POINT('Origin',(-72.5000010728836,59.8499986622483,0.5));
#2186=CARTESIAN_POINT('Origin',(-72.5000010728836,64.8499986622483,0.5));
#2187=CARTESIAN_POINT('Origin',(-94.4807769689136,63.8499986622483,0.));
#2188=CARTESIAN_POINT('',(-95.4807769689136,63.8499986622483,14.6));
#2189=CARTESIAN_POINT('',(-94.4807769689136,64.8499986622483,14.6));
#2190=CARTESIAN_POINT('Origin',(-94.4807769689136,63.8499986622483,14.6));
#2191=CARTESIAN_POINT('',(-94.4807769689136,64.8499986622483,-5.));
#2192=CARTESIAN_POINT('',(-94.4807769689136,64.8499986622483,0.));
#2193=CARTESIAN_POINT('',(-95.4807769689136,63.8499986622483,-5.));
#2194=CARTESIAN_POINT('Origin',(-94.4807769689136,63.8499986622483,-5.));
#2195=CARTESIAN_POINT('',(-95.4807769689136,63.8499986622483,0.));
#2196=CARTESIAN_POINT('Origin',(-28.0807769689136,64.8499986622483,0.));
#2197=CARTESIAN_POINT('',(-24.0807769689136,64.8499986622483,14.6));
#2198=CARTESIAN_POINT('',(-43.6807769689136,64.8499986622483,14.6));
#2199=CARTESIAN_POINT('',(-24.0807769689136,64.8499986622483,-5.));
#2200=CARTESIAN_POINT('',(-24.0807769689136,64.8499986622483,0.));
#2201=CARTESIAN_POINT('',(-43.6807769689136,64.8499986622483,-5.));
#2202=CARTESIAN_POINT('',(-83.0000012367964,64.8499986622483,2.48785549428358));
#2203=CARTESIAN_POINT('Origin',(-59.2807769689136,31.6499986622483,14.6));
#2204=CARTESIAN_POINT('',(-95.4807769689136,-0.550001337751755,14.6));
#2205=CARTESIAN_POINT('',(-95.4807769689136,45.7499986622483,14.6));
#2206=CARTESIAN_POINT('',(-94.4807769689136,-1.55000133775175,14.6));
#2207=CARTESIAN_POINT('Origin',(-94.4807769689136,-0.550001337751751,14.6));
#2208=CARTESIAN_POINT('',(-24.0807769689136,-1.55000133775175,14.6));
#2209=CARTESIAN_POINT('',(-74.8807769689136,-1.55000133775175,14.6));
#2210=CARTESIAN_POINT('',(-23.0807769689136,-0.550001337751751,14.6));
#2211=CARTESIAN_POINT('Origin',(-24.0807769689136,-0.550001337751752,14.6));
#2212=CARTESIAN_POINT('',(-23.0807769689136,63.8499986622483,14.6));
#2213=CARTESIAN_POINT('',(-23.0807769689136,17.5499986622482,14.6));
#2214=CARTESIAN_POINT('Origin',(-24.0807769689136,63.8499986622483,14.6));
#2215=CARTESIAN_POINT('',(-90.4807769689136,3.44999866224825,14.6));
#2216=CARTESIAN_POINT('',(-90.4807769689136,59.8499986622483,14.6));
#2217=CARTESIAN_POINT('',(-90.4807769689136,3.44999866224825,14.6));
#2218=CARTESIAN_POINT('',(-28.0807769689136,59.8499986622483,14.6));
#2219=CARTESIAN_POINT('',(-90.4807769689136,59.8499986622483,14.6));
#2220=CARTESIAN_POINT('',(-28.0807769689136,3.44999866224825,14.6));
#2221=CARTESIAN_POINT('',(-28.0807769689136,59.8499986622483,14.6));
#2222=CARTESIAN_POINT('',(-28.0807769689136,3.44999866224825,14.6));
#2223=CARTESIAN_POINT('Origin',(-24.0807769689136,63.8499986622483,0.));
#2224=CARTESIAN_POINT('',(-23.0807769689136,63.8499986622483,-5.));
#2225=CARTESIAN_POINT('',(-23.0807769689136,63.8499986622483,0.));
#2226=CARTESIAN_POINT('Origin',(-24.0807769689136,63.8499986622483,-5.));
#2227=CARTESIAN_POINT('Origin',(-23.0807769689136,3.44999866224825,0.));
#2228=CARTESIAN_POINT('',(-23.0807769689136,-0.550001337751751,-5.));
#2229=CARTESIAN_POINT('',(-23.0807769689136,-0.550001337751752,0.));
#2230=CARTESIAN_POINT('',(-23.0807769689136,17.5499986622482,-5.));
#2231=CARTESIAN_POINT('Origin',(-24.0807769689136,-0.550001337751752,0.));
#2232=CARTESIAN_POINT('',(-24.0807769689136,-1.55000133775175,-5.));
#2233=CARTESIAN_POINT('',(-24.0807769689136,-1.55000133775175,0.));
#2234=CARTESIAN_POINT('Origin',(-24.0807769689136,-0.550001337751752,-5.));
#2235=CARTESIAN_POINT('Origin',(-90.4807769689136,-1.55000133775175,0.));
#2236=CARTESIAN_POINT('',(-94.4807769689136,-1.55000133775175,-5.));
#2237=CARTESIAN_POINT('',(-94.4807769689136,-1.55000133775175,0.));
#2238=CARTESIAN_POINT('',(-74.8807769689136,-1.55000133775175,-5.));
#2239=CARTESIAN_POINT('Origin',(-94.4807769689136,-0.550001337751751,0.));
#2240=CARTESIAN_POINT('',(-95.4807769689136,-0.550001337751755,-5.));
#2241=CARTESIAN_POINT('',(-95.4807769689136,-0.550001337751751,0.));
#2242=CARTESIAN_POINT('Origin',(-94.4807769689136,-0.550001337751751,-5.));
#2243=CARTESIAN_POINT('Origin',(-83.0000012367964,64.8499986622483,4.97571098856717));
#2244=CARTESIAN_POINT('',(-83.0000012367964,59.8499986622483,2.48785549428358));
#2245=CARTESIAN_POINT('Origin',(-28.0807769689136,59.8499986622483,0.));
#2246=CARTESIAN_POINT('',(-28.0807769689136,59.8499986622483,0.));
#2247=CARTESIAN_POINT('',(-90.4807769689136,59.8499986622483,0.));
#2248=CARTESIAN_POINT('Origin',(-90.4807769689136,59.8499986622483,0.));
#2249=CARTESIAN_POINT('',(-90.4807769689136,3.44999866224825,0.));
#2250=CARTESIAN_POINT('Origin',(-28.0807769689136,3.44999866224825,0.));
#2251=CARTESIAN_POINT('',(-28.0807769689136,3.44999866224825,0.));
#2252=CARTESIAN_POINT('Origin',(-90.4807769689136,3.44999866224825,0.));
#2253=CARTESIAN_POINT('Origin',(-95.4807769689136,59.8499986622483,0.));
#2254=CARTESIAN_POINT('',(-95.4807769689136,45.7499986622483,-5.));
#2255=CARTESIAN_POINT('Origin',(-59.2807769689136,31.6499986622483,-5.));
#2256=CARTESIAN_POINT('Origin',(-26.0805961813709,61.8499045464694,16.35));
#2257=CARTESIAN_POINT('',(-25.0498197749665,63.8499045464694,16.6));
#2258=CARTESIAN_POINT('',(-25.1643504867892,63.6276823242472,16.35));
#2259=CARTESIAN_POINT('Origin',(-25.0498197749665,63.8499045464694,16.35));
#2260=CARTESIAN_POINT('',(-24.3028184035931,62.7661502410511,16.35));
#2261=CARTESIAN_POINT('Origin',(-26.0805961813709,61.8499045464694,16.35));
#2262=CARTESIAN_POINT('',(-24.0805961813709,62.8806809528739,16.6));
#2263=CARTESIAN_POINT('Origin',(-24.0805961813709,62.8806809528739,16.35));
#2264=CARTESIAN_POINT('Origin',(-26.0805961813709,61.8499045464694,16.6));
#2265=CARTESIAN_POINT('Origin',(-26.0805961813709,61.8499045464694,16.35));
#2266=CARTESIAN_POINT('',(-24.0805961813709,60.819128140065,16.6));
#2267=CARTESIAN_POINT('',(-24.3028184035931,60.9336588518877,16.35));
#2268=CARTESIAN_POINT('Origin',(-24.0805961813709,60.819128140065,16.35));
#2269=CARTESIAN_POINT('',(-26.9968418759526,63.6276823242472,16.35));
#2270=CARTESIAN_POINT('Origin',(-26.0805961813709,61.8499045464694,16.35));
#2271=CARTESIAN_POINT('',(-27.1113725877753,63.8499045464694,16.6));
#2272=CARTESIAN_POINT('Origin',(-27.1113725877753,63.8499045464694,16.35));
#2273=CARTESIAN_POINT('Origin',(-26.0805961813709,61.8499045464694,16.6));
#2274=CARTESIAN_POINT('Ctrl Pts',(-24.3028184035931,62.7661502410511,16.35));
#2275=CARTESIAN_POINT('Ctrl Pts',(-24.2196841215788,62.6048460406489,16.35));
#2276=CARTESIAN_POINT('Ctrl Pts',(-24.1284264712577,62.3464660831524,16.3257582367837));
#2277=CARTESIAN_POINT('Ctrl Pts',(-24.0791028416246,61.9864248955452,16.3067335967814));
#2278=CARTESIAN_POINT('Ctrl Pts',(-24.0791175234109,61.7134268221758,16.3068448911581));
#2279=CARTESIAN_POINT('Ctrl Pts',(-24.1283972776288,61.3534256038255,16.3256766445409));
#2280=CARTESIAN_POINT('Ctrl Pts',(-24.2196841215788,61.09496305229,16.35));
#2281=CARTESIAN_POINT('Ctrl Pts',(-24.3028184035931,60.9336588518877,16.35));
#2282=CARTESIAN_POINT('Ctrl Pts',(-24.3028184035931,62.7661502410511,16.3873999125427));
#2283=CARTESIAN_POINT('Ctrl Pts',(-24.2187276298866,62.6029402131781,16.3900676347148));
#2284=CARTESIAN_POINT('Ctrl Pts',(-24.1277713001162,62.3431210112785,16.3692216769166));
#2285=CARTESIAN_POINT('Ctrl Pts',(-24.079230118433,61.9852130900349,16.3524363736313));
#2286=CARTESIAN_POINT('Ctrl Pts',(-24.0792431559974,61.7146115725139,16.3525492394706));
#2287=CARTESIAN_POINT('Ctrl Pts',(-24.127739358853,61.3567691470562,16.3691357389885));
#2288=CARTESIAN_POINT('Ctrl Pts',(-24.2187276298866,61.0968688797608,16.3900676347148));
#2289=CARTESIAN_POINT('Ctrl Pts',(-24.3028184035931,60.9336588518877,16.3873999125427));
#2290=CARTESIAN_POINT('Ctrl Pts',(-24.2894028018154,62.7730644839462,16.4525588062775));
#2291=CARTESIAN_POINT('Ctrl Pts',(-24.2010374973274,62.6063221152061,16.4597703671607));
#2292=CARTESIAN_POINT('Ctrl Pts',(-24.1065236223063,62.3427142857646,16.444627578515));
#2293=CARTESIAN_POINT('Ctrl Pts',(-24.0566526815006,61.984717727877,16.4315744260949));
#2294=CARTESIAN_POINT('Ctrl Pts',(-24.0566653032372,61.7150986166238,16.4316901271806));
#2295=CARTESIAN_POINT('Ctrl Pts',(-24.106486961022,61.357188981269,16.4445342581026));
#2296=CARTESIAN_POINT('Ctrl Pts',(-24.2010374973274,61.0934869777328,16.4597703671607));
#2297=CARTESIAN_POINT('Ctrl Pts',(-24.2894028018154,60.9267446089926,16.4525588062775));
#2298=CARTESIAN_POINT('Ctrl Pts',(-24.2212829465423,62.8081726537579,16.56131888178));
#2299=CARTESIAN_POINT('Ctrl Pts',(-24.1177547690206,62.6344391367328,16.5731320114466));
#2300=CARTESIAN_POINT('Ctrl Pts',(-24.0054868572951,62.3601343376979,16.5621419927968));
#2301=CARTESIAN_POINT('Ctrl Pts',(-23.945627261074,61.9893324282866,16.5514542190238));
#2302=CARTESIAN_POINT('Ctrl Pts',(-23.9456436150298,61.7104897621768,16.5515785218958));
#2303=CARTESIAN_POINT('Ctrl Pts',(-24.0054459616347,61.3397809922677,16.5620384726126));
#2304=CARTESIAN_POINT('Ctrl Pts',(-24.1177547690206,61.0653699562061,16.5731320114466));
#2305=CARTESIAN_POINT('Ctrl Pts',(-24.2212829465423,60.891636439181,16.56131888178));
#2306=CARTESIAN_POINT('Ctrl Pts',(-24.138773823104,62.8506968826345,16.6));
#2307=CARTESIAN_POINT('Ctrl Pts',(-24.020906315799,62.672376044498,16.6074189463462));
#2308=CARTESIAN_POINT('Ctrl Pts',(-23.8907222121902,62.3883340876211,16.5871846634932));
#2309=CARTESIAN_POINT('Ctrl Pts',(-23.8201422823843,61.9975615740466,16.5697799904882));
#2310=CARTESIAN_POINT('Ctrl Pts',(-23.8201637183661,61.7022477725331,16.5699154182473));
#2311=CARTESIAN_POINT('Ctrl Pts',(-23.8906810109409,61.3115547351663,16.587081037866));
#2312=CARTESIAN_POINT('Ctrl Pts',(-24.020906315799,61.0274330484409,16.6074189463462));
#2313=CARTESIAN_POINT('Ctrl Pts',(-24.138773823104,60.8491122103044,16.6));
#2314=CARTESIAN_POINT('Ctrl Pts',(-24.0805961813709,62.8806809528739,16.6));
#2315=CARTESIAN_POINT('Ctrl Pts',(-23.9558947583495,62.6992137274214,16.6));
#2316=CARTESIAN_POINT('Ctrl Pts',(-23.8190082828677,62.4085362752377,16.5676776490449));
#2317=CARTESIAN_POINT('Ctrl Pts',(-23.7450228384182,62.0034899391797,16.5423114623752));
#2318=CARTESIAN_POINT('Ctrl Pts',(-23.7450448610976,61.696367106639,16.5424598548775));
#2319=CARTESIAN_POINT('Ctrl Pts',(-23.8189644924245,61.291365735995,16.5675688593879));
#2320=CARTESIAN_POINT('Ctrl Pts',(-23.9558947583495,61.0005953655175,16.6));
#2321=CARTESIAN_POINT('Ctrl Pts',(-24.0805961813709,60.819128140065,16.6));
#2322=CARTESIAN_POINT('Ctrl Pts',(-24.0805961813709,60.819128140065,16.6));
#2323=CARTESIAN_POINT('Ctrl Pts',(-23.9558947583495,61.0005953655175,16.6));
#2324=CARTESIAN_POINT('Ctrl Pts',(-23.8189644924245,61.291365735995,16.5675688593879));
#2325=CARTESIAN_POINT('Ctrl Pts',(-23.7450448610976,61.696367106639,16.5424598548775));
#2326=CARTESIAN_POINT('Ctrl Pts',(-23.7450228384182,62.0034899391797,16.5423114623752));
#2327=CARTESIAN_POINT('Ctrl Pts',(-23.8190082828677,62.4085362752377,16.5676776490449));
#2328=CARTESIAN_POINT('Ctrl Pts',(-23.9558947583495,62.6992137274214,16.6));
#2329=CARTESIAN_POINT('Ctrl Pts',(-24.0805961813709,62.8806809528739,16.6));
#2330=CARTESIAN_POINT('',(-24.0806289221751,61.8499118269798,16.3072708294047));
#2331=CARTESIAN_POINT('Ctrl Pts',(-24.3028184035931,62.7661502410511,16.35));
#2332=CARTESIAN_POINT('Ctrl Pts',(-24.2196841215788,62.6048460406489,16.35));
#2333=CARTESIAN_POINT('Ctrl Pts',(-24.1284264712577,62.3464660831524,16.3257582367837));
#2334=CARTESIAN_POINT('Ctrl Pts',(-24.0852678524628,62.031426811266,16.3091115059637));
#2335=CARTESIAN_POINT('Ctrl Pts',(-24.0806494895591,61.8952953864002,16.3073697687654));
#2336=CARTESIAN_POINT('Ctrl Pts',(-24.080650860662,61.8499167053994,16.307380752474));
#2337=CARTESIAN_POINT('Ctrl Pts',(-24.080650860662,61.8499167053994,16.307380752474));
#2338=CARTESIAN_POINT('Ctrl Pts',(-24.0806522315679,61.8045445430524,16.3073917346047));
#2339=CARTESIAN_POINT('Ctrl Pts',(-24.0852779351601,61.6684234375108,16.3091990294171));
#2340=CARTESIAN_POINT('Ctrl Pts',(-24.1283972776288,61.3534256038255,16.3256766445409));
#2341=CARTESIAN_POINT('Ctrl Pts',(-24.2196841215788,61.09496305229,16.35));
#2342=CARTESIAN_POINT('Ctrl Pts',(-24.3028184035931,60.9336588518877,16.35));
#2343=CARTESIAN_POINT('Ctrl Pts',(-26.9968418759526,63.6276823242472,16.35));
#2344=CARTESIAN_POINT('Ctrl Pts',(-26.8355376755503,63.7108166062615,16.35));
#2345=CARTESIAN_POINT('Ctrl Pts',(-26.5771577320962,63.8020742184668,16.3257584195564));
#2346=CARTESIAN_POINT('Ctrl Pts',(-26.2171165375854,63.8513978521428,16.306733762282));
#2347=CARTESIAN_POINT('Ctrl Pts',(-25.9441184631821,63.8513831699647,16.3068450600116));
#2348=CARTESIAN_POINT('Ctrl Pts',(-25.5841172420518,63.8021034152264,16.3256768170024));
#2349=CARTESIAN_POINT('Ctrl Pts',(-25.3256546871914,63.7108166062615,16.35));
#2350=CARTESIAN_POINT('Ctrl Pts',(-25.1643504867892,63.6276823242472,16.35));
#2351=CARTESIAN_POINT('Ctrl Pts',(-26.9968418759526,63.6276823242472,16.3873999125427));
#2352=CARTESIAN_POINT('Ctrl Pts',(-26.8336318480795,63.7117730979538,16.3900676347149));
#2353=CARTESIAN_POINT('Ctrl Pts',(-26.5738126523524,63.802729325368,16.3692219482002));
#2354=CARTESIAN_POINT('Ctrl Pts',(-26.2159047267312,63.8512705143487,16.3524366232942));
#2355=CARTESIAN_POINT('Ctrl Pts',(-25.9453032098651,63.8512574752768,16.3525494941564));
#2356=CARTESIAN_POINT('Ctrl Pts',(-25.5874607834437,63.8027612735058,16.3691359949804));
#2357=CARTESIAN_POINT('Ctrl Pts',(-25.3275605146622,63.7117730979538,16.3900676347148));
#2358=CARTESIAN_POINT('Ctrl Pts',(-25.1643504867892,63.6276823242472,16.3873999125427));
#2359=CARTESIAN_POINT('Ctrl Pts',(-27.0037563031981,63.6410982837172,16.4525582076943));
#2360=CARTESIAN_POINT('Ctrl Pts',(-26.8370139344579,63.7294635882052,16.4597697685776));
#2361=CARTESIAN_POINT('Ctrl Pts',(-26.5734059583095,63.8239773990126,16.4446273095864));
#2362=CARTESIAN_POINT('Ctrl Pts',(-26.2154093624785,63.8738483466016,16.4315741317234));
#2363=CARTESIAN_POINT('Ctrl Pts',(-25.9457901866694,63.8738357244928,16.4316898386769));
#2364=CARTESIAN_POINT('Ctrl Pts',(-25.5878805471079,63.8240140656887,16.4445339702051));
#2365=CARTESIAN_POINT('Ctrl Pts',(-25.3241784282839,63.7294635882052,16.4597697685775));
#2366=CARTESIAN_POINT('Ctrl Pts',(-25.1574360595437,63.6410982837172,16.4525582076943));
#2367=CARTESIAN_POINT('Ctrl Pts',(-27.0388645376856,63.7092182644802,16.5613179173886));
#2368=CARTESIAN_POINT('Ctrl Pts',(-26.8651310206605,63.8127464420018,16.5731310470551));
#2369=CARTESIAN_POINT('Ctrl Pts',(-26.5908260267716,63.925014266349,16.5621412197923));
#2370=CARTESIAN_POINT('Ctrl Pts',(-26.220024063639,63.9848738699643,16.5514534245254));
#2371=CARTESIAN_POINT('Ctrl Pts',(-25.94118130848,63.9848575149377,16.5515777300364));
#2372=CARTESIAN_POINT('Ctrl Pts',(-25.5704725311283,63.9250551685896,16.5620376872989));
#2373=CARTESIAN_POINT('Ctrl Pts',(-25.2960613420813,63.8127464420018,16.5731310470551));
#2374=CARTESIAN_POINT('Ctrl Pts',(-25.1223278250561,63.7092182644802,16.5613179173886));
#2375=CARTESIAN_POINT('Ctrl Pts',(-27.0813885175359,63.7917269047363,16.6));
#2376=CARTESIAN_POINT('Ctrl Pts',(-26.9030676793994,63.9095944120413,16.6074189463462));
#2377=CARTESIAN_POINT('Ctrl Pts',(-26.6190257193794,64.0397784805033,16.5871853207544));
#2378=CARTESIAN_POINT('Ctrl Pts',(-26.228253208089,64.110358416269,16.5697806081347));
#2379=CARTESIAN_POINT('Ctrl Pts',(-25.9329394102224,64.1103369804588,16.5699160488393));
#2380=CARTESIAN_POINT('Ctrl Pts',(-25.5422463756131,64.0398196852187,16.5870816594209));
#2381=CARTESIAN_POINT('Ctrl Pts',(-25.2581246833424,63.9095944120413,16.6074189463462));
#2382=CARTESIAN_POINT('Ctrl Pts',(-25.0798038452059,63.7917269047363,16.6));
#2383=CARTESIAN_POINT('Ctrl Pts',(-27.1113725877753,63.8499045464694,16.6));
#2384=CARTESIAN_POINT('Ctrl Pts',(-26.9299053623228,63.9746059694909,16.6));
#2385=CARTESIAN_POINT('Ctrl Pts',(-26.6392279259369,64.1114923877988,16.5676778927419));
#2386=CARTESIAN_POINT('Ctrl Pts',(-26.2341815821123,64.1854778383129,16.5423116830426));
#2387=CARTESIAN_POINT('Ctrl Pts',(-25.9270587484085,64.1854558150457,16.5424600800155));
#2388=CARTESIAN_POINT('Ctrl Pts',(-25.5220573746369,64.1115361829382,16.5675690893366));
#2389=CARTESIAN_POINT('Ctrl Pts',(-25.231287000419,63.9746059694909,16.6));
#2390=CARTESIAN_POINT('Ctrl Pts',(-25.0498197749665,63.8499045464694,16.6));
#2391=CARTESIAN_POINT('Ctrl Pts',(-25.0498197749665,63.8499045464694,16.6));
#2392=CARTESIAN_POINT('Ctrl Pts',(-25.231287000419,63.9746059694909,16.6));
#2393=CARTESIAN_POINT('Ctrl Pts',(-25.5220573746369,64.1115361829382,16.5675690893366));
#2394=CARTESIAN_POINT('Ctrl Pts',(-25.9270587484085,64.1854558150457,16.5424600800155));
#2395=CARTESIAN_POINT('Ctrl Pts',(-26.2341815821123,64.1854778383129,16.5423116830426));
#2396=CARTESIAN_POINT('Ctrl Pts',(-26.6392279259369,64.1114923877988,16.5676778927419));
#2397=CARTESIAN_POINT('Ctrl Pts',(-26.9299053623228,63.9746059694909,16.6));
#2398=CARTESIAN_POINT('Ctrl Pts',(-27.1113725877753,63.8499045464694,16.6));
#2399=CARTESIAN_POINT('Ctrl Pts',(-26.9968418759526,63.6276823242472,16.35));
#2400=CARTESIAN_POINT('Ctrl Pts',(-26.8355376755503,63.7108166062615,16.35));
#2401=CARTESIAN_POINT('Ctrl Pts',(-26.5771577320962,63.8020742184668,16.3257584195564));
#2402=CARTESIAN_POINT('Ctrl Pts',(-26.2171165375854,63.8513978521428,16.306733762282));
#2403=CARTESIAN_POINT('Ctrl Pts',(-25.9441184631821,63.8513831699647,16.3068450600116));
#2404=CARTESIAN_POINT('Ctrl Pts',(-25.5841172420518,63.8021034152264,16.3256768170024));
#2405=CARTESIAN_POINT('Ctrl Pts',(-25.3256546871914,63.7108166062615,16.35));
#2406=CARTESIAN_POINT('Ctrl Pts',(-25.1643504867892,63.6276823242472,16.35));
#2407=CARTESIAN_POINT('Origin',(-24.0805961813709,14.9748812214694,15.6));
#2408=CARTESIAN_POINT('',(-24.0805961813709,2.38064985287385,16.6));
#2409=CARTESIAN_POINT('',(-24.0805961813709,14.9748812214694,16.6));
#2410=CARTESIAN_POINT('',(-24.0805961813709,0.319097040065006,16.6));
#2411=CARTESIAN_POINT('Ctrl Pts',(-24.0805961813709,0.319097040065006,16.6));
#2412=CARTESIAN_POINT('Ctrl Pts',(-23.9558947583495,0.500564265517531,16.6));
#2413=CARTESIAN_POINT('Ctrl Pts',(-23.8189625479956,0.791334500511193,16.5675603374238));
#2414=CARTESIAN_POINT('Ctrl Pts',(-23.7450429471756,1.1963357529324,16.5424515190933));
#2415=CARTESIAN_POINT('Ctrl Pts',(-23.7450209461412,1.50345854163498,16.5423032931181));
#2416=CARTESIAN_POINT('Ctrl Pts',(-23.8190061635486,1.90850458437696,16.5676686186592));
#2417=CARTESIAN_POINT('Ctrl Pts',(-23.9558947583495,2.19918262742134,16.6));
#2418=CARTESIAN_POINT('Ctrl Pts',(-24.0805961813709,2.38064985287385,16.6));
#2419=CARTESIAN_POINT('',(-24.0805961813709,-0.65012655353057,16.6));
#2420=CARTESIAN_POINT('',(-24.0805961813709,14.9748812214694,16.6));
#2421=CARTESIAN_POINT('',(-23.0805961813709,-0.65012655353057,15.6));
#2422=CARTESIAN_POINT('Origin',(-24.0805961813709,-0.65012655353057,15.6));
#2423=CARTESIAN_POINT('',(-23.0805961813709,63.8499045464694,15.6));
#2424=CARTESIAN_POINT('',(-23.0805961813709,14.9748812214694,15.6));
#2425=CARTESIAN_POINT('',(-24.0805961813709,63.8499045464694,16.6));
#2426=CARTESIAN_POINT('Origin',(-24.0805961813709,63.8499045464694,15.6));
#2427=CARTESIAN_POINT('',(-24.0805961813709,14.9748812214694,16.6));
#2428=CARTESIAN_POINT('Origin',(-59.2803003582138,31.5998889964694,16.6));
#2429=CARTESIAN_POINT('',(-91.4492281286523,63.8499045464694,16.6));
#2430=CARTESIAN_POINT('',(-41.1804482697923,63.8499045464694,16.6));
#2431=CARTESIAN_POINT('',(-94.4800045350567,60.819128140065,16.6));
#2432=CARTESIAN_POINT('Origin',(-92.4800045350567,61.8499045464694,16.6));
#2433=CARTESIAN_POINT('',(-94.4800045350567,2.38064985287384,16.6));
#2434=CARTESIAN_POINT('',(-94.4800045350567,48.2248967714694,16.6));
#2435=CARTESIAN_POINT('',(-91.4492281286523,-0.65012655353057,16.6));
#2436=CARTESIAN_POINT('Origin',(-92.4800045350567,1.34987344646943,16.6));
#2437=CARTESIAN_POINT('',(-27.1113725877753,-0.65012655353057,16.6));
#2438=CARTESIAN_POINT('',(-77.3801524466352,-0.65012655353057,16.6));
#2439=CARTESIAN_POINT('Origin',(-26.0805961813709,1.34987344646943,16.6));
#2440=CARTESIAN_POINT('',(-49.2669423703003,42.9032206774309,16.6));
#2441=CARTESIAN_POINT('',(-49.2669423703003,23.6829226108472,16.6));
#2442=CARTESIAN_POINT('',(-49.2669423703003,23.6829226108472,16.6));
#2443=CARTESIAN_POINT('',(-30.046180473051,23.6829226108472,16.6));
#2444=CARTESIAN_POINT('',(-88.0461791766499,23.6829226108472,16.6));
#2445=CARTESIAN_POINT('',(-30.046180473051,4.02487315701155,16.6));
#2446=CARTESIAN_POINT('',(-30.046180473051,23.6829226108472,16.6));
#2447=CARTESIAN_POINT('',(-88.0461791766499,4.02487315701155,16.6));
#2448=CARTESIAN_POINT('',(-30.046180473051,4.02487315701155,16.6));
#2449=CARTESIAN_POINT('',(-88.0461791766499,23.6829226108472,16.6));
#2450=CARTESIAN_POINT('',(-88.0461791766499,4.02487315701155,16.6));
#2451=CARTESIAN_POINT('',(-68.863143137734,23.6829226108472,16.6));
#2452=CARTESIAN_POINT('',(-88.0461791766499,23.6829226108472,16.6));
#2453=CARTESIAN_POINT('',(-68.863143137734,42.9032206774309,16.6));
#2454=CARTESIAN_POINT('',(-68.863143137734,42.9032206774309,16.6));
#2455=CARTESIAN_POINT('',(-49.2669423703003,42.9032206774309,16.6));
#2456=CARTESIAN_POINT('',(-48.1542066996624,45.6457116955938,16.6));
#2457=CARTESIAN_POINT('',(-85.1542066996624,45.6457116955938,16.6));
#2458=CARTESIAN_POINT('',(-48.1542066996624,45.6457116955938,16.6));
#2459=CARTESIAN_POINT('',(-85.1542066996624,58.1457116955938,16.6));
#2460=CARTESIAN_POINT('',(-85.1542066996624,45.6457116955938,16.6));
#2461=CARTESIAN_POINT('',(-48.1542066996624,58.1457116955938,16.6));
#2462=CARTESIAN_POINT('',(-85.1542066996624,58.1457116955938,16.6));
#2463=CARTESIAN_POINT('',(-48.1542066996624,58.1457116955938,16.6));
#2464=CARTESIAN_POINT('',(-40.6959763426801,52.0156954733428,16.6));
#2465=CARTESIAN_POINT('Origin',(-37.4459763426801,52.0156954733428,16.6));
#2466=CARTESIAN_POINT('Origin',(-26.0805961813709,61.8499045464694,16.6));
#2467=CARTESIAN_POINT('',(-24.0805961813709,61.8499045464694,14.6));
#2468=CARTESIAN_POINT('',(-24.0805961813709,61.8499045464694,16.6));
#2469=CARTESIAN_POINT('Origin',(-26.0805961813709,61.8499045464694,14.6));
#2470=CARTESIAN_POINT('Origin',(-26.0805961813709,1.34987344646943,16.35));
#2471=CARTESIAN_POINT('',(-24.3028184035931,0.433627751887719,16.35));
#2472=CARTESIAN_POINT('Origin',(-24.0805961813709,0.319097040065006,16.35));
#2473=CARTESIAN_POINT('',(-25.1643504867892,-0.427904331308348,16.35));
#2474=CARTESIAN_POINT('Origin',(-26.0805961813709,1.34987344646943,16.35));
#2475=CARTESIAN_POINT('',(-25.0498197749665,-0.65012655353057,16.6));
#2476=CARTESIAN_POINT('Origin',(-25.0498197749665,-0.65012655353057,16.35));
#2477=CARTESIAN_POINT('Origin',(-26.0805961813709,1.34987344646943,16.6));
#2478=CARTESIAN_POINT('Origin',(-26.0805961813709,1.34987344646943,16.35));
#2479=CARTESIAN_POINT('',(-26.9968418759526,-0.427904331308348,16.35));
#2480=CARTESIAN_POINT('Origin',(-27.1113725877753,-0.65012655353057,16.35));
#2481=CARTESIAN_POINT('',(-24.3028184035931,2.26611914105114,16.35));
#2482=CARTESIAN_POINT('Origin',(-26.0805961813709,1.34987344646943,16.35));
#2483=CARTESIAN_POINT('Origin',(-24.0805961813709,2.38064985287385,16.35));
#2484=CARTESIAN_POINT('Ctrl Pts',(-25.1643504867892,-0.427904331308349,
16.35));
#2485=CARTESIAN_POINT('Ctrl Pts',(-25.3256546871914,-0.511038613322634,
16.35));
#2486=CARTESIAN_POINT('Ctrl Pts',(-25.5840351443435,-0.602297608352431,
16.3257517906771));
#2487=CARTESIAN_POINT('Ctrl Pts',(-25.9440760840245,-0.651621093995281,
16.3067277651037));
#2488=CARTESIAN_POINT('Ctrl Pts',(-26.2170741203361,-0.651606425947052,
16.3068389406392));
#2489=CARTESIAN_POINT('Ctrl Pts',(-26.5770752387625,-0.60232669103792,16.3256705613932));
#2490=CARTESIAN_POINT('Ctrl Pts',(-26.8355376755504,-0.511038613322611,
16.35));
#2491=CARTESIAN_POINT('Ctrl Pts',(-26.9968418759526,-0.427904331308347,
16.35));
#2492=CARTESIAN_POINT('Ctrl Pts',(-25.1643504867892,-0.427904331308349,
16.4154498469498));
#2493=CARTESIAN_POINT('Ctrl Pts',(-25.3290109928228,-0.512599013118944,
16.4201137717703));
#2494=CARTESIAN_POINT('Ctrl Pts',(-25.5900471110232,-0.603115545529904,
16.401805033984));
#2495=CARTESIAN_POINT('Ctrl Pts',(-25.9462569389284,-0.650874619792024,
16.3867108809384));
#2496=CARTESIAN_POINT('Ctrl Pts',(-26.2149955002773,-0.650863302578763,
16.3868247275004));
#2497=CARTESIAN_POINT('Ctrl Pts',(-26.5710964781281,-0.603148639112,16.4017163917495));
#2498=CARTESIAN_POINT('Ctrl Pts',(-26.832181369919,-0.512599013118915,16.4201137717703));
#2499=CARTESIAN_POINT('Ctrl Pts',(-26.9968418759526,-0.427904331308347,
16.4154498469498));
#2500=CARTESIAN_POINT('Ctrl Pts',(-25.1395197550453,-0.476083027657294,
16.5457989666074));
#2501=CARTESIAN_POINT('Ctrl Pts',(-25.3114322580132,-0.573802792592767,
16.5593711702175));
#2502=CARTESIAN_POINT('Ctrl Pts',(-25.5817797389137,-0.678745778717629,
16.5520861885402));
#2503=CARTESIAN_POINT('Ctrl Pts',(-25.9444997676848,-0.734194044831654,
16.5440988344131));
#2504=CARTESIAN_POINT('Ctrl Pts',(-26.2166471610061,-0.734179530022941,
16.5442187211415));
#2505=CARTESIAN_POINT('Ctrl Pts',(-26.5792804733174,-0.678787084469985,
16.5519828465722));
#2506=CARTESIAN_POINT('Ctrl Pts',(-26.8497601047286,-0.573802792592729,
16.5593711702175));
#2507=CARTESIAN_POINT('Ctrl Pts',(-27.0216726076965,-0.476083027657291,
16.5457989666074));
#2508=CARTESIAN_POINT('Ctrl Pts',(-25.0798038452059,-0.591948911797428,
16.6));
#2509=CARTESIAN_POINT('Ctrl Pts',(-25.2581193201708,-0.709844619801984,
16.6074187902304));
#2510=CARTESIAN_POINT('Ctrl Pts',(-25.5421263485557,-0.840084163961298,
16.5871585402581));
#2511=CARTESIAN_POINT('Ctrl Pts',(-25.9329237773642,-0.910711992203257,
16.5697507553742));
#2512=CARTESIAN_POINT('Ctrl Pts',(-26.2282543850527,-0.910690448993894,
16.5698857233439));
#2513=CARTESIAN_POINT('Ctrl Pts',(-26.6189785006092,-0.84012538393117,16.5870561904258));
#2514=CARTESIAN_POINT('Ctrl Pts',(-26.903073042571,-0.709844619801947,16.6074187902304));
#2515=CARTESIAN_POINT('Ctrl Pts',(-27.0813885175359,-0.591948911797424,
16.6));
#2516=CARTESIAN_POINT('Ctrl Pts',(-25.0498197749665,-0.650126553530572,
16.6));
#2517=CARTESIAN_POINT('Ctrl Pts',(-25.231287000419,-0.774827976552016,16.6));
#2518=CARTESIAN_POINT('Ctrl Pts',(-25.5219650147151,-0.911716469096701,
16.5676690542361));
#2519=CARTESIAN_POINT('Ctrl Pts',(-25.9270110718563,-0.985701697560976,
16.5423036868049));
#2520=CARTESIAN_POINT('Ctrl Pts',(-26.2341338627068,-0.985679695488636,
16.5424519208522));
#2521=CARTESIAN_POINT('Ctrl Pts',(-26.6391351209365,-0.911760093124928,
16.5675607485243));
#2522=CARTESIAN_POINT('Ctrl Pts',(-26.9299053623228,-0.774827976551983,
16.6));
#2523=CARTESIAN_POINT('Ctrl Pts',(-27.1113725877753,-0.650126553530569,
16.6));
#2524=CARTESIAN_POINT('Ctrl Pts',(-27.1113725877753,-0.650126553530569,
16.6));
#2525=CARTESIAN_POINT('Ctrl Pts',(-26.9299053623228,-0.774827976551983,
16.6));
#2526=CARTESIAN_POINT('Ctrl Pts',(-26.6391351209365,-0.911760093124928,
16.5675607485243));
#2527=CARTESIAN_POINT('Ctrl Pts',(-26.2341338627068,-0.985679695488636,
16.5424519208522));
#2528=CARTESIAN_POINT('Ctrl Pts',(-25.9270110718563,-0.985701697560976,
16.5423036868049));
#2529=CARTESIAN_POINT('Ctrl Pts',(-25.5219650147151,-0.911716469096701,
16.5676690542361));
#2530=CARTESIAN_POINT('Ctrl Pts',(-25.231287000419,-0.774827976552016,16.6));
#2531=CARTESIAN_POINT('Ctrl Pts',(-25.0498197749665,-0.650126553530572,
16.6));
#2532=CARTESIAN_POINT('Ctrl Pts',(-25.1643504867892,-0.427904331308349,
16.35));
#2533=CARTESIAN_POINT('Ctrl Pts',(-25.3256546871914,-0.511038613322634,
16.35));
#2534=CARTESIAN_POINT('Ctrl Pts',(-25.5840351443435,-0.602297608352431,
16.3257517906771));
#2535=CARTESIAN_POINT('Ctrl Pts',(-25.9440760840245,-0.651621093995281,
16.3067277651037));
#2536=CARTESIAN_POINT('Ctrl Pts',(-26.2170741203361,-0.651606425947052,
16.3068389406392));
#2537=CARTESIAN_POINT('Ctrl Pts',(-26.5770752387625,-0.60232669103792,16.3256705613932));
#2538=CARTESIAN_POINT('Ctrl Pts',(-26.8355376755504,-0.511038613322611,
16.35));
#2539=CARTESIAN_POINT('Ctrl Pts',(-26.9968418759526,-0.427904331308347,
16.35));
#2540=CARTESIAN_POINT('Ctrl Pts',(-24.3028184035931,2.26611914105114,16.35));
#2541=CARTESIAN_POINT('Ctrl Pts',(-24.2196841215788,2.10481494064889,16.35));
#2542=CARTESIAN_POINT('Ctrl Pts',(-24.1284250583783,1.84643445794278,16.3257514639944));
#2543=CARTESIAN_POINT('Ctrl Pts',(-24.0791015801067,1.48639353106102,16.3067274698386));
#2544=CARTESIAN_POINT('Ctrl Pts',(-24.0791162474629,1.21339549665873,16.30683863932));
#2545=CARTESIAN_POINT('Ctrl Pts',(-24.1283959813429,0.853394383395438,16.3256702530679));
#2546=CARTESIAN_POINT('Ctrl Pts',(-24.2196841215788,0.594931952289968,16.35));
#2547=CARTESIAN_POINT('Ctrl Pts',(-24.3028184035931,0.433627751887719,16.35));
#2548=CARTESIAN_POINT('Ctrl Pts',(-24.3028184035931,2.26611914105114,16.4154498469498));
#2549=CARTESIAN_POINT('Ctrl Pts',(-24.2181237217825,2.10145863501748,16.4201137717703));
#2550=CARTESIAN_POINT('Ctrl Pts',(-24.1276063510548,1.84042257199918,16.4018044265649));
#2551=CARTESIAN_POINT('Ctrl Pts',(-24.0798473149578,1.48421271307381,16.3867103176546));
#2552=CARTESIAN_POINT('Ctrl Pts',(-24.0798586151562,1.21547413399136,16.3868241524848));
#2553=CARTESIAN_POINT('Ctrl Pts',(-24.1275733040839,0.85937313551349,16.4017158183573));
#2554=CARTESIAN_POINT('Ctrl Pts',(-24.2181237217825,0.598288257921379,16.4201137717703));
#2555=CARTESIAN_POINT('Ctrl Pts',(-24.3028184035931,0.433627751887719,16.4154498469498));
#2556=CARTESIAN_POINT('Ctrl Pts',(-24.2546411604165,2.29094912384718,16.5458006014263));
#2557=CARTESIAN_POINT('Ctrl Pts',(-24.156921395481,2.11903662087932,16.5593728050363));
#2558=CARTESIAN_POINT('Ctrl Pts',(-24.0519785489968,1.8486896976526,16.5520878160895));
#2559=CARTESIAN_POINT('Ctrl Pts',(-23.9965302852239,1.48596984671737,16.5441004889312));
#2560=CARTESIAN_POINT('Ctrl Pts',(-23.9965448047427,1.21382273099007,16.5442203786041));
#2561=CARTESIAN_POINT('Ctrl Pts',(-24.0519372402571,0.85118945221628,16.5519844795002));
#2562=CARTESIAN_POINT('Ctrl Pts',(-24.156921395481,0.580710272059555,16.5593728050363));
#2563=CARTESIAN_POINT('Ctrl Pts',(-24.2546411604165,0.408797769091674,16.5458006014263));
#2564=CARTESIAN_POINT('Ctrl Pts',(-24.138773823104,2.35066578263447,16.6));
#2565=CARTESIAN_POINT('Ctrl Pts',(-24.0208781150995,2.17235030766957,16.6074187902304));
#2566=CARTESIAN_POINT('Ctrl Pts',(-23.8906386489122,1.88834327109312,16.5871573736963));
#2567=CARTESIAN_POINT('Ctrl Pts',(-23.8200108264991,1.49754584712853,16.569749659676));
#2568=CARTESIAN_POINT('Ctrl Pts',(-23.8200323732255,1.2022152362388,16.5698846045135));
#2569=CARTESIAN_POINT('Ctrl Pts',(-23.8905974279779,0.811491120596087,16.5870550869305));
#2570=CARTESIAN_POINT('Ctrl Pts',(-24.0208781150995,0.527396585269307,16.6074187902304));
#2571=CARTESIAN_POINT('Ctrl Pts',(-24.138773823104,0.349081110304393,16.6));
#2572=CARTESIAN_POINT('Ctrl Pts',(-24.0805961813709,2.38064985287385,16.6));
#2573=CARTESIAN_POINT('Ctrl Pts',(-23.9558947583495,2.19918262742134,16.6));
#2574=CARTESIAN_POINT('Ctrl Pts',(-23.8190061635486,1.90850458437696,16.5676686186592));
#2575=CARTESIAN_POINT('Ctrl Pts',(-23.7450209461412,1.50345854163498,16.5423032931181));
#2576=CARTESIAN_POINT('Ctrl Pts',(-23.7450429471756,1.1963357529324,16.5424515190933));
#2577=CARTESIAN_POINT('Ctrl Pts',(-23.8189625479956,0.791334500511193,16.5675603374238));
#2578=CARTESIAN_POINT('Ctrl Pts',(-23.9558947583495,0.500564265517531,16.6));
#2579=CARTESIAN_POINT('Ctrl Pts',(-24.0805961813709,0.319097040065006,16.6));
#2580=CARTESIAN_POINT('',(-24.0806281585684,1.34988057830866,16.3072671043979));
#2581=CARTESIAN_POINT('Ctrl Pts',(-24.3028184035931,2.26611914105114,16.35));
#2582=CARTESIAN_POINT('Ctrl Pts',(-24.2196841215788,2.10481494064889,16.35));
#2583=CARTESIAN_POINT('Ctrl Pts',(-24.1284250583783,1.84643445794278,16.3257514639944));
#2584=CARTESIAN_POINT('Ctrl Pts',(-24.085266572026,1.53139541419349,16.3091052982958));
#2585=CARTESIAN_POINT('Ctrl Pts',(-24.0806482179003,1.3952640283829,16.3073635748048));
#2586=CARTESIAN_POINT('Ctrl Pts',(-24.0806495892463,1.34988535796921,16.3073745508087));
#2587=CARTESIAN_POINT('Ctrl Pts',(-24.0806495892463,1.34988535796921,16.3073745508087));
#2588=CARTESIAN_POINT('Ctrl Pts',(-24.0806509603953,1.30451320620782,16.3073855252359));
#2589=CARTESIAN_POINT('Ctrl Pts',(-24.0852766566697,1.16839212513054,16.3091927601234));
#2590=CARTESIAN_POINT('Ctrl Pts',(-24.1283959813429,0.853394383395438,16.3256702530679));
#2591=CARTESIAN_POINT('Ctrl Pts',(-24.2196841215788,0.594931952289968,16.35));
#2592=CARTESIAN_POINT('Ctrl Pts',(-24.3028184035931,0.433627751887719,16.35));
#2593=CARTESIAN_POINT('Origin',(-77.3801524466352,-0.65012655353057,15.6));
#2594=CARTESIAN_POINT('',(-93.5107809414611,-0.65012655353057,16.6));
#2595=CARTESIAN_POINT('Ctrl Pts',(-93.5107809414611,-0.650126553530573,
16.6));
#2596=CARTESIAN_POINT('Ctrl Pts',(-93.3293137160086,-0.774827976551932,
16.6));
#2597=CARTESIAN_POINT('Ctrl Pts',(-93.038543338971,-0.911758150481654,16.5675692624955));
#2598=CARTESIAN_POINT('Ctrl Pts',(-92.6335419628463,-0.985677783175472,
16.542460249559));
#2599=CARTESIAN_POINT('Ctrl Pts',(-92.3264191282674,-0.985699806885372,
16.5423118492204));
#2600=CARTESIAN_POINT('Ctrl Pts',(-91.9213727785994,-0.911714351806554,
16.5676780762548));
#2601=CARTESIAN_POINT('Ctrl Pts',(-91.6306953541048,-0.774827976551987,
16.6));
#2602=CARTESIAN_POINT('Ctrl Pts',(-91.4492281286523,-0.650126553530573,
16.6));
#2603=CARTESIAN_POINT('',(-94.4800045350567,-0.650126553530574,16.6));
#2604=CARTESIAN_POINT('',(-77.3801524466352,-0.65012655353057,16.6));
#2605=CARTESIAN_POINT('',(-94.4800045350566,-1.65012655353057,15.6));
#2606=CARTESIAN_POINT('Origin',(-94.4800045350567,-0.65012655353057,15.6));
#2607=CARTESIAN_POINT('',(-24.0805961813709,-1.65012655353057,15.6));
#2608=CARTESIAN_POINT('',(-77.3801524466352,-1.65012655353057,15.6));
#2609=CARTESIAN_POINT('Origin',(-24.0805961813709,-0.65012655353057,15.6));
#2610=CARTESIAN_POINT('',(-77.3801524466352,-0.65012655353057,16.6));
#2611=CARTESIAN_POINT('Origin',(-26.0805961813709,1.34987344646943,16.6));
#2612=CARTESIAN_POINT('',(-24.0805961813709,1.34987344646943,14.6));
#2613=CARTESIAN_POINT('',(-24.0805961813709,1.34987344646943,16.6));
#2614=CARTESIAN_POINT('Origin',(-26.0805961813709,1.34987344646943,14.6));
#2615=CARTESIAN_POINT('Origin',(-92.4800045350567,1.34987344646943,16.35));
#2616=CARTESIAN_POINT('',(-93.3962502296384,-0.427904331308346,16.35));
#2617=CARTESIAN_POINT('Origin',(-93.5107809414611,-0.650126553530568,16.35));
#2618=CARTESIAN_POINT('',(-94.2577823128344,0.433627751887727,16.35));
#2619=CARTESIAN_POINT('Origin',(-92.4800045350567,1.34987344646943,16.35));
#2620=CARTESIAN_POINT('',(-94.4800045350567,0.319097040065014,16.6));
#2621=CARTESIAN_POINT('Origin',(-94.4800045350567,0.319097040065014,16.35));
#2622=CARTESIAN_POINT('Origin',(-92.4800045350567,1.34987344646943,16.6));
#2623=CARTESIAN_POINT('Origin',(-92.4800045350567,1.34987344646943,16.35));
#2624=CARTESIAN_POINT('',(-94.2577823128344,2.26611914105113,16.35));
#2625=CARTESIAN_POINT('Origin',(-94.4800045350566,2.38064985287384,16.35));
#2626=CARTESIAN_POINT('',(-90.4800045350567,1.34987344646943,16.35));
#2627=CARTESIAN_POINT('Origin',(-92.4800045350567,1.34987344646943,16.35));
#2628=CARTESIAN_POINT('',(-91.563758840475,-0.427904331308346,16.35));
#2629=CARTESIAN_POINT('Origin',(-92.4800045350567,1.34987344646943,16.35));
#2630=CARTESIAN_POINT('Origin',(-91.4492281286523,-0.650126553530569,16.35));
#2631=CARTESIAN_POINT('Ctrl Pts',(-94.2577823128344,0.433627751887734,16.35));
#2632=CARTESIAN_POINT('Ctrl Pts',(-94.3409165948487,0.59493195228998,16.35));
#2633=CARTESIAN_POINT('Ctrl Pts',(-94.4321741553734,0.853311876714386,16.325758667379));
#2634=CARTESIAN_POINT('Ctrl Pts',(-94.4814977945281,1.21335308057508,16.3067339866979));
#2635=CARTESIAN_POINT('Ctrl Pts',(-94.4814831118185,1.48635115637875,16.3068452889724));
#2636=CARTESIAN_POINT('Ctrl Pts',(-94.4322033563769,1.84635238127402,16.3256770508422));
#2637=CARTESIAN_POINT('Ctrl Pts',(-94.3409165948487,2.10481494064887,16.35));
#2638=CARTESIAN_POINT('Ctrl Pts',(-94.2577823128344,2.26611914105112,16.35));
#2639=CARTESIAN_POINT('Ctrl Pts',(-94.2577823128344,0.433627751887734,16.3873999125427));
#2640=CARTESIAN_POINT('Ctrl Pts',(-94.341873086541,0.596837779760778,16.3900676347149));
#2641=CARTESIAN_POINT('Ctrl Pts',(-94.4328291751673,0.856656967124259,16.3692223160403));
#2642=CARTESIAN_POINT('Ctrl Pts',(-94.4813703740405,1.2145648986736,16.3524369618299));
#2643=CARTESIAN_POINT('Ctrl Pts',(-94.4813573329245,1.48516641465304,16.3525498395006));
#2644=CARTESIAN_POINT('Ctrl Pts',(-94.432861132626,1.84300884237975,16.3691363420836));
#2645=CARTESIAN_POINT('Ctrl Pts',(-94.341873086541,2.10290911317806,16.3900676347148));
#2646=CARTESIAN_POINT('Ctrl Pts',(-94.2577823128344,2.26611914105112,16.3873999125427));
#2647=CARTESIAN_POINT('Ctrl Pts',(-94.2711987630133,0.426713071736701,16.4525573856134));
#2648=CARTESIAN_POINT('Ctrl Pts',(-94.3595640675013,0.593455440476889,16.4597689464966));
#2649=CARTESIAN_POINT('Ctrl Pts',(-94.4540777909079,0.857063618183911,16.4446269358263));
#2650=CARTESIAN_POINT('Ctrl Pts',(-94.503948747705,1.21506026581561,16.4315737234234));
#2651=CARTESIAN_POINT('Ctrl Pts',(-94.5039361250845,1.48467953014502,16.4316894383596));
#2652=CARTESIAN_POINT('Ctrl Pts',(-94.4541144649101,1.84258917537237,16.4445335706528));
#2653=CARTESIAN_POINT('Ctrl Pts',(-94.3595640675013,2.10629145246194,16.4597689464966));
#2654=CARTESIAN_POINT('Ctrl Pts',(-94.2711987630133,2.27303382120215,16.4525573856133));
#2655=CARTESIAN_POINT('Ctrl Pts',(-94.3393189155973,0.391604748694561,16.5613165959659));
#2656=CARTESIAN_POINT('Ctrl Pts',(-94.442847093119,0.565338265719731,16.5731297256325));
#2657=CARTESIAN_POINT('Ctrl Pts',(-94.5551147987143,0.83964352723587,16.5621401600602));
#2658=CARTESIAN_POINT('Ctrl Pts',(-94.6149744123672,1.21044556365421,16.551452335581));
#2659=CARTESIAN_POINT('Ctrl Pts',(-94.6149580558845,1.48928844082692,16.5515766447165));
#2660=CARTESIAN_POINT('Ctrl Pts',(-94.5551557098897,1.85999722821415,16.5620366107635));
#2661=CARTESIAN_POINT('Ctrl Pts',(-94.442847093119,2.13440862721909,16.5731297256325));
#2662=CARTESIAN_POINT('Ctrl Pts',(-94.3393189155973,2.30814214424429,16.5613165959659));
#2663=CARTESIAN_POINT('Ctrl Pts',(-94.4218268933235,0.349081110304414,16.6));
#2664=CARTESIAN_POINT('Ctrl Pts',(-94.5396944006285,0.527401948440958,16.6074189463462));
#2665=CARTESIAN_POINT('Ctrl Pts',(-94.6698784214389,0.81144391271535,16.5871862119679));
#2666=CARTESIAN_POINT('Ctrl Pts',(-94.7404583652782,1.20221642091161,16.569781445637));
#2667=CARTESIAN_POINT('Ctrl Pts',(-94.7404369296998,1.49753021383977,16.5699169038892));
#2668=CARTESIAN_POINT('Ctrl Pts',(-94.669919630852,1.88822324471469,16.5870825022106));
#2669=CARTESIAN_POINT('Ctrl Pts',(-94.5396944006286,2.17234494449785,16.6074189463462));
#2670=CARTESIAN_POINT('Ctrl Pts',(-94.4218268933235,2.35066578263444,16.6));
#2671=CARTESIAN_POINT('Ctrl Pts',(-94.4800045350567,0.319097040065029,16.6));
#2672=CARTESIAN_POINT('Ctrl Pts',(-94.6047059580781,0.500564265517567,16.6));
#2673=CARTESIAN_POINT('Ctrl Pts',(-94.7415922988651,0.791241680495016,16.567678223172));
#2674=CARTESIAN_POINT('Ctrl Pts',(-94.8155777575971,1.19628803483828,16.5423119822639));
#2675=CARTESIAN_POINT('Ctrl Pts',(-94.8155557335327,1.5034108701174,16.5424603852965));
#2676=CARTESIAN_POINT('Ctrl Pts',(-94.7416361003704,1.9084122481246,16.5675694011229));
#2677=CARTESIAN_POINT('Ctrl Pts',(-94.6047059580781,2.19918262742124,16.6));
#2678=CARTESIAN_POINT('Ctrl Pts',(-94.4800045350567,2.38064985287383,16.6));
#2679=CARTESIAN_POINT('Ctrl Pts',(-94.4800045350567,2.38064985287383,16.6));
#2680=CARTESIAN_POINT('Ctrl Pts',(-94.6047059580781,2.19918262742124,16.6));
#2681=CARTESIAN_POINT('Ctrl Pts',(-94.7416361003704,1.9084122481246,16.5675694011229));
#2682=CARTESIAN_POINT('Ctrl Pts',(-94.8155557335327,1.5034108701174,16.5424603852965));
#2683=CARTESIAN_POINT('Ctrl Pts',(-94.8155777575971,1.19628803483828,16.5423119822639));
#2684=CARTESIAN_POINT('Ctrl Pts',(-94.7415922988651,0.791241680495016,16.567678223172));
#2685=CARTESIAN_POINT('Ctrl Pts',(-94.6047059580781,0.500564265517567,16.6));
#2686=CARTESIAN_POINT('Ctrl Pts',(-94.4800045350567,0.319097040065029,16.6));
#2687=CARTESIAN_POINT('Ctrl Pts',(-94.2577823128344,0.433627751887734,16.35));
#2688=CARTESIAN_POINT('Ctrl Pts',(-94.3409165948487,0.59493195228998,16.35));
#2689=CARTESIAN_POINT('Ctrl Pts',(-94.4321741553734,0.853311876714386,16.325758667379));
#2690=CARTESIAN_POINT('Ctrl Pts',(-94.4814977945281,1.21335308057508,16.3067339866979));
#2691=CARTESIAN_POINT('Ctrl Pts',(-94.4814831118185,1.48635115637875,16.3068452889724));
#2692=CARTESIAN_POINT('Ctrl Pts',(-94.4322033563769,1.84635238127402,16.3256770508422));
#2693=CARTESIAN_POINT('Ctrl Pts',(-94.3409165948487,2.10481494064887,16.35));
#2694=CARTESIAN_POINT('Ctrl Pts',(-94.2577823128344,2.26611914105112,16.35));
#2695=CARTESIAN_POINT('Ctrl Pts',(-91.563758840475,-0.427904331308352,16.35));
#2696=CARTESIAN_POINT('Ctrl Pts',(-91.7250630408772,-0.511038613322632,
16.35));
#2697=CARTESIAN_POINT('Ctrl Pts',(-91.9834429737614,-0.602296196825687,
16.3257585571911));
#2698=CARTESIAN_POINT('Ctrl Pts',(-92.3434841734664,-0.651619833544891,
16.3067338869153));
#2699=CARTESIAN_POINT('Ctrl Pts',(-92.6164822486475,-0.651605151071614,
16.3068451871692));
#2700=CARTESIAN_POINT('Ctrl Pts',(-92.9764834718695,-0.602325395942413,
16.3256769468716));
#2701=CARTESIAN_POINT('Ctrl Pts',(-93.2349460292362,-0.511038613322557,
16.35));
#2702=CARTESIAN_POINT('Ctrl Pts',(-93.3962502296384,-0.427904331308353,
16.35));
#2703=CARTESIAN_POINT('Ctrl Pts',(-91.563758840475,-0.427904331308352,16.3873999125427));
#2704=CARTESIAN_POINT('Ctrl Pts',(-91.726968868348,-0.511995105014893,16.3900676347149));
#2705=CARTESIAN_POINT('Ctrl Pts',(-91.9867880594296,-0.602951255350141,
16.3692221524889));
#2706=CARTESIAN_POINT('Ctrl Pts',(-92.3446959883441,-0.651492449825236,
16.3524368113064));
#2707=CARTESIAN_POINT('Ctrl Pts',(-92.6152975047175,-0.651479409618037,
16.3525496859501));
#2708=CARTESIAN_POINT('Ctrl Pts',(-92.9731399318641,-0.602983208664639,
16.3691361877527));
#2709=CARTESIAN_POINT('Ctrl Pts',(-93.2330402017654,-0.511995105014813,
16.3900676347148));
#2710=CARTESIAN_POINT('Ctrl Pts',(-93.3962502296384,-0.427904331308353,
16.3873999125427));
#2711=CARTESIAN_POINT('Ctrl Pts',(-91.5568442731939,-0.441320562487415,
16.4525577526298));
#2712=CARTESIAN_POINT('Ctrl Pts',(-91.7235866419341,-0.529685866975434,
16.459769313513));
#2713=CARTESIAN_POINT('Ctrl Pts',(-91.9871947296454,-0.62419962929023,16.444627103316));
#2714=CARTESIAN_POINT('Ctrl Pts',(-92.3451913541945,-0.674070581991688,
16.4315739062764));
#2715=CARTESIAN_POINT('Ctrl Pts',(-92.6148105790238,-0.674057959599652,
16.4316896176595));
#2716=CARTESIAN_POINT('Ctrl Pts',(-92.9727202217374,-0.624236300032818,
16.4445337496207));
#2717=CARTESIAN_POINT('Ctrl Pts',(-93.2364224281795,-0.529685866975347,
16.459769313513));
#2718=CARTESIAN_POINT('Ctrl Pts',(-93.4031647969195,-0.441320562487415,
16.4525577526298));
#2719=CARTESIAN_POINT('Ctrl Pts',(-91.5217359896484,-0.509440638436454,
16.5613171854802));
#2720=CARTESIAN_POINT('Ctrl Pts',(-91.6954695066736,-0.612968815958125,
16.5731303151468));
#2721=CARTESIAN_POINT('Ctrl Pts',(-91.9697746487057,-0.725236574392936,
16.5621406329071));
#2722=CARTESIAN_POINT('Ctrl Pts',(-92.3405766524755,-0.785096183581154,
16.5514528214263));
#2723=CARTESIAN_POINT('Ctrl Pts',(-92.6194194752156,-0.785079827746469,
16.5515771289436));
#2724=CARTESIAN_POINT('Ctrl Pts',(-92.9901282581489,-0.725277481593868,
16.5620370910978));
#2725=CARTESIAN_POINT('Ctrl Pts',(-93.2645395634398,-0.61296881595804,16.5731303151468));
#2726=CARTESIAN_POINT('Ctrl Pts',(-93.4382730804648,-0.509440638436453,
16.5613171854802));
#2727=CARTESIAN_POINT('Ctrl Pts',(-91.4792121988916,-0.59194891179743,16.6));
#2728=CARTESIAN_POINT('Ctrl Pts',(-91.6575330370282,-0.709816419102452,
16.6074189463462));
#2729=CARTESIAN_POINT('Ctrl Pts',(-91.9415749994122,-0.840000461099354,
16.5871858157085));
#2730=CARTESIAN_POINT('Ctrl Pts',(-92.3323475089837,-0.910580401349948,
16.5697810732586));
#2731=CARTESIAN_POINT('Ctrl Pts',(-92.6276613041066,-0.910558965668586,
16.5699165237094));
#2732=CARTESIAN_POINT('Ctrl Pts',(-93.0183543366413,-0.840041668424016,
16.587082127483));
#2733=CARTESIAN_POINT('Ctrl Pts',(-93.3024760330852,-0.70981641910238,16.6074189463462));
#2734=CARTESIAN_POINT('Ctrl Pts',(-93.4807968712217,-0.591948911797429,
16.6));
#2735=CARTESIAN_POINT('Ctrl Pts',(-91.4492281286523,-0.650126553530573,
16.6));
#2736=CARTESIAN_POINT('Ctrl Pts',(-91.6306953541048,-0.774827976551987,
16.6));
#2737=CARTESIAN_POINT('Ctrl Pts',(-91.9213727785994,-0.911714351806554,
16.5676780762548));
#2738=CARTESIAN_POINT('Ctrl Pts',(-92.3264191282674,-0.985699806885372,
16.5423118492204));
#2739=CARTESIAN_POINT('Ctrl Pts',(-92.6335419628463,-0.985677783175472,
16.542460249559));
#2740=CARTESIAN_POINT('Ctrl Pts',(-93.038543338971,-0.911758150481654,16.5675692624955));
#2741=CARTESIAN_POINT('Ctrl Pts',(-93.3293137160086,-0.774827976551932,
16.6));
#2742=CARTESIAN_POINT('Ctrl Pts',(-93.5107809414611,-0.650126553530573,
16.6));
#2743=CARTESIAN_POINT('Ctrl Pts',(-91.563758840475,-0.427904331308352,16.35));
#2744=CARTESIAN_POINT('Ctrl Pts',(-91.7250630408772,-0.511038613322632,
16.35));
#2745=CARTESIAN_POINT('Ctrl Pts',(-91.9834429737614,-0.602296196825687,
16.3257585571911));
#2746=CARTESIAN_POINT('Ctrl Pts',(-92.3434841734664,-0.651619833544891,
16.3067338869153));
#2747=CARTESIAN_POINT('Ctrl Pts',(-92.6164822486475,-0.651605151071614,
16.3068451871692));
#2748=CARTESIAN_POINT('Ctrl Pts',(-92.9764834718695,-0.602325395942413,
16.3256769468716));
#2749=CARTESIAN_POINT('Ctrl Pts',(-93.2349460292362,-0.511038613322557,
16.35));
#2750=CARTESIAN_POINT('Ctrl Pts',(-93.3962502296384,-0.427904331308353,
16.35));
#2751=CARTESIAN_POINT('Origin',(-94.4800045350567,48.2248967714694,15.6));
#2752=CARTESIAN_POINT('',(-94.4800045350567,62.8806809528738,16.6));
#2753=CARTESIAN_POINT('Ctrl Pts',(-94.4800045350567,62.8806809528738,16.6));
#2754=CARTESIAN_POINT('Ctrl Pts',(-94.6047059580781,62.6992137274212,16.6));
#2755=CARTESIAN_POINT('Ctrl Pts',(-94.741635646312,62.4084433155294,16.5675713906026));
#2756=CARTESIAN_POINT('Ctrl Pts',(-94.8155552861114,62.0034419106336,16.5424623337375));
#2757=CARTESIAN_POINT('Ctrl Pts',(-94.8155773152713,61.6963190653465,16.5423138920879));
#2758=CARTESIAN_POINT('Ctrl Pts',(-94.7415918042382,61.2912726442126,16.5676803316812));
#2759=CARTESIAN_POINT('Ctrl Pts',(-94.6047059580781,61.0005953655175,16.6));
#2760=CARTESIAN_POINT('Ctrl Pts',(-94.4800045350567,60.819128140065,16.6));
#2761=CARTESIAN_POINT('',(-94.4800045350567,63.8499045464694,16.6));
#2762=CARTESIAN_POINT('',(-94.4800045350567,48.2248967714694,16.6));
#2763=CARTESIAN_POINT('',(-95.4800045350567,63.8499045464694,15.6));
#2764=CARTESIAN_POINT('Origin',(-94.4800045350567,63.8499045464694,15.6));
#2765=CARTESIAN_POINT('',(-95.4800045350567,-0.650126553530574,15.6));
#2766=CARTESIAN_POINT('',(-95.4800045350567,48.2248967714694,15.6));
#2767=CARTESIAN_POINT('Origin',(-94.4800045350567,-0.650126553530574,15.6));
#2768=CARTESIAN_POINT('',(-94.4800045350567,48.2248967714694,16.6));
#2769=CARTESIAN_POINT('Origin',(-92.4800045350567,1.34987344646943,16.6));
#2770=CARTESIAN_POINT('',(-90.4800045350567,1.34987344646943,14.6));
#2771=CARTESIAN_POINT('',(-90.4800045350567,1.34987344646943,16.6));
#2772=CARTESIAN_POINT('Origin',(-92.4800045350567,1.34987344646943,14.6));
#2773=CARTESIAN_POINT('Origin',(-92.4800045350567,61.8499045464694,16.35));
#2774=CARTESIAN_POINT('',(-94.2577823128344,62.7661502410511,16.35));
#2775=CARTESIAN_POINT('Origin',(-94.4800045350567,62.8806809528738,16.35));
#2776=CARTESIAN_POINT('',(-93.3962502296384,63.6276823242472,16.35));
#2777=CARTESIAN_POINT('Origin',(-92.4800045350567,61.8499045464694,16.35));
#2778=CARTESIAN_POINT('',(-93.5107809414611,63.8499045464694,16.6));
#2779=CARTESIAN_POINT('Origin',(-93.5107809414611,63.8499045464694,16.35));
#2780=CARTESIAN_POINT('Origin',(-92.4800045350567,61.8499045464694,16.6));
#2781=CARTESIAN_POINT('Origin',(-92.4800045350567,61.8499045464694,16.35));
#2782=CARTESIAN_POINT('',(-91.563758840475,63.6276823242472,16.35));
#2783=CARTESIAN_POINT('Origin',(-91.4492281286523,63.8499045464694,16.35));
#2784=CARTESIAN_POINT('',(-90.4800045350567,61.8499045464694,16.35));
#2785=CARTESIAN_POINT('Origin',(-92.4800045350567,61.8499045464694,16.35));
#2786=CARTESIAN_POINT('',(-94.2577823128344,60.9336588518877,16.35));
#2787=CARTESIAN_POINT('Origin',(-92.4800045350567,61.8499045464694,16.35));
#2788=CARTESIAN_POINT('Origin',(-94.4800045350567,60.819128140065,16.35));
#2789=CARTESIAN_POINT('Ctrl Pts',(-93.3962502296384,63.6276823242472,16.35));
#2790=CARTESIAN_POINT('Ctrl Pts',(-93.2349460292361,63.7108166062615,16.35));
#2791=CARTESIAN_POINT('Ctrl Pts',(-92.9765662259514,63.8020738370349,16.3257602487609));
#2792=CARTESIAN_POINT('Ctrl Pts',(-92.6165249627214,63.8513975110569,16.3067354190659));
#2793=CARTESIAN_POINT('Ctrl Pts',(-92.3435268780217,63.8513828249503,16.3068467503031));
#2794=CARTESIAN_POINT('Ctrl Pts',(-91.9835256292255,63.8021030650841,16.3256785429519));
#2795=CARTESIAN_POINT('Ctrl Pts',(-91.7250630408772,63.7108166062615,16.35));
#2796=CARTESIAN_POINT('Ctrl Pts',(-91.563758840475,63.6276823242472,16.35));
#2797=CARTESIAN_POINT('Ctrl Pts',(-93.3962502296384,63.6276823242472,16.4154498469498));
#2798=CARTESIAN_POINT('Ctrl Pts',(-93.2315891603887,63.712385142231,16.4201367004783));
#2799=CARTESIAN_POINT('Ctrl Pts',(-92.9705502867366,63.8029013355334,16.4018852999463));
#2800=CARTESIAN_POINT('Ctrl Pts',(-92.6143422508606,63.8506809156084,16.3868213797064));
#2801=CARTESIAN_POINT('Ctrl Pts',(-92.3456059697894,63.8506691668802,16.3869354954129));
#2802=CARTESIAN_POINT('Ctrl Pts',(-91.989506514094,63.8029355982036,16.4017957831276));
#2803=CARTESIAN_POINT('Ctrl Pts',(-91.7284199097247,63.712385142231,16.4201367004783));
#2804=CARTESIAN_POINT('Ctrl Pts',(-91.563758840475,63.6276823242472,16.4154498469498));
#2805=CARTESIAN_POINT('Ctrl Pts',(-93.4157445515533,63.6655068646497,16.5176291991236));
#2806=CARTESIAN_POINT('Ctrl Pts',(-93.2453871061595,63.7604214415918,16.5292518572515));
#2807=CARTESIAN_POINT('Ctrl Pts',(-92.9770521367926,63.8622309598793,16.519533232783));
#2808=CARTESIAN_POINT('Ctrl Pts',(-92.6157263862461,63.9159978795664,16.5099666387382));
#2809=CARTESIAN_POINT('Ctrl Pts',(-92.3443111562707,63.9159839713013,16.5100852717419));
#2810=CARTESIAN_POINT('Ctrl Pts',(-91.9830750868053,63.8622709325953,16.5194327903243));
#2811=CARTESIAN_POINT('Ctrl Pts',(-91.7146219639538,63.7604214415918,16.5292518572515));
#2812=CARTESIAN_POINT('Ctrl Pts',(-91.54426451856,63.6655068646497,16.5176291991236));
#2813=CARTESIAN_POINT('Ctrl Pts',(-93.4680468140769,63.7669881601055,16.5888406733777));
#2814=CARTESIAN_POINT('Ctrl Pts',(-93.2911020361819,63.8805767884955,16.5976266790688));
#2815=CARTESIAN_POINT('Ctrl Pts',(-93.00997918121,64.0054454971227,16.5802651015307));
#2816=CARTESIAN_POINT('Ctrl Pts',(-92.625193932897,64.0728603634829,16.5649407982003));
#2817=CARTESIAN_POINT('Ctrl Pts',(-92.3348195884213,64.0728405307283,16.5650730449142));
#2818=CARTESIAN_POINT('Ctrl Pts',(-91.950117791201,64.0054864016129,16.58016091891));
#2819=CARTESIAN_POINT('Ctrl Pts',(-91.6689070339314,63.8805767884955,16.5976266790688));
#2820=CARTESIAN_POINT('Ctrl Pts',(-91.4919622560364,63.7669881601055,16.5888406733777));
#2821=CARTESIAN_POINT('Ctrl Pts',(-93.4979306256442,63.8249712714409,16.6));
#2822=CARTESIAN_POINT('Ctrl Pts',(-93.3178154338843,63.9467283538433,16.6031085638356));
#2823=CARTESIAN_POINT('Ctrl Pts',(-93.0299980472306,64.0806955131111,16.5758416629805));
#2824=CARTESIAN_POINT('Ctrl Pts',(-92.631057347838,64.1531776044527,16.5537885419042));
#2825=CARTESIAN_POINT('Ctrl Pts',(-92.3289841165254,64.1531558040429,16.553931565722));
#2826=CARTESIAN_POINT('Ctrl Pts',(-91.9301011599388,64.0807383536067,16.5757348140634));
#2827=CARTESIAN_POINT('Ctrl Pts',(-91.642193636229,63.9467283538433,16.6031085638356));
#2828=CARTESIAN_POINT('Ctrl Pts',(-91.4620784444691,63.8249712714409,16.6));
#2829=CARTESIAN_POINT('Ctrl Pts',(-93.5107809414611,63.8499045464694,16.6));
#2830=CARTESIAN_POINT('Ctrl Pts',(-93.3293137160085,63.9746059694909,16.6));
#2831=CARTESIAN_POINT('Ctrl Pts',(-93.0386364373133,64.111491815651,16.5676803316812));
#2832=CARTESIAN_POINT('Ctrl Pts',(-92.6335900161794,64.185477326684,16.5423138920879));
#2833=CARTESIAN_POINT('Ctrl Pts',(-92.3264671708924,64.1854552975241,16.5424623337374));
#2834=CARTESIAN_POINT('Ctrl Pts',(-91.9214657659967,64.1115356577247,16.5675713906026));
#2835=CARTESIAN_POINT('Ctrl Pts',(-91.6306953541048,63.9746059694909,16.6));
#2836=CARTESIAN_POINT('Ctrl Pts',(-91.4492281286523,63.8499045464694,16.6));
#2837=CARTESIAN_POINT('Ctrl Pts',(-91.4492281286523,63.8499045464694,16.6));
#2838=CARTESIAN_POINT('Ctrl Pts',(-91.6306953541048,63.9746059694909,16.6));
#2839=CARTESIAN_POINT('Ctrl Pts',(-91.9214657659967,64.1115356577247,16.5675713906026));
#2840=CARTESIAN_POINT('Ctrl Pts',(-92.3264671708924,64.1854552975241,16.5424623337374));
#2841=CARTESIAN_POINT('Ctrl Pts',(-92.6335900161794,64.185477326684,16.5423138920879));
#2842=CARTESIAN_POINT('Ctrl Pts',(-93.0386364373133,64.111491815651,16.5676803316812));
#2843=CARTESIAN_POINT('Ctrl Pts',(-93.3293137160085,63.9746059694909,16.6));
#2844=CARTESIAN_POINT('Ctrl Pts',(-93.5107809414611,63.8499045464694,16.6));
#2845=CARTESIAN_POINT('Ctrl Pts',(-93.3962502296384,63.6276823242472,16.35));
#2846=CARTESIAN_POINT('Ctrl Pts',(-93.2349460292361,63.7108166062615,16.35));
#2847=CARTESIAN_POINT('Ctrl Pts',(-92.9765662259514,63.8020738370349,16.3257602487609));
#2848=CARTESIAN_POINT('Ctrl Pts',(-92.6165249627214,63.8513975110569,16.3067354190659));
#2849=CARTESIAN_POINT('Ctrl Pts',(-92.3435268780217,63.8513828249503,16.3068467503031));
#2850=CARTESIAN_POINT('Ctrl Pts',(-91.9835256292255,63.8021030650841,16.3256785429519));
#2851=CARTESIAN_POINT('Ctrl Pts',(-91.7250630408772,63.7108166062615,16.35));
#2852=CARTESIAN_POINT('Ctrl Pts',(-91.563758840475,63.6276823242472,16.35));
#2853=CARTESIAN_POINT('Ctrl Pts',(-94.2577823128344,60.9336588518877,16.35));
#2854=CARTESIAN_POINT('Ctrl Pts',(-94.3409165948487,61.09496305229,16.35));
#2855=CARTESIAN_POINT('Ctrl Pts',(-94.4321738256221,61.3533428555745,16.3257602487609));
#2856=CARTESIAN_POINT('Ctrl Pts',(-94.4814974996442,61.7133841188047,16.3067354190659));
#2857=CARTESIAN_POINT('Ctrl Pts',(-94.4814828135376,61.9863822035043,16.3068467503031));
#2858=CARTESIAN_POINT('Ctrl Pts',(-94.4322030536713,62.3463834523005,16.3256785429519));
#2859=CARTESIAN_POINT('Ctrl Pts',(-94.3409165948487,62.6048460406489,16.35));
#2860=CARTESIAN_POINT('Ctrl Pts',(-94.2577823128344,62.7661502410511,16.35));
#2861=CARTESIAN_POINT('Ctrl Pts',(-94.2577823128344,60.9336588518877,16.4154498469498));
#2862=CARTESIAN_POINT('Ctrl Pts',(-94.3424851308182,61.0983199211374,16.4201367004783));
#2863=CARTESIAN_POINT('Ctrl Pts',(-94.4330013241207,61.3593587947894,16.4018852999463));
#2864=CARTESIAN_POINT('Ctrl Pts',(-94.4807809041957,61.7155668306654,16.3868213797064));
#2865=CARTESIAN_POINT('Ctrl Pts',(-94.4807691554675,61.9843031117367,16.3869354954129));
#2866=CARTESIAN_POINT('Ctrl Pts',(-94.4330355867909,62.3404025674321,16.4017957831276));
#2867=CARTESIAN_POINT('Ctrl Pts',(-94.3424851308182,62.6014891718014,16.4201367004783));
#2868=CARTESIAN_POINT('Ctrl Pts',(-94.2577823128344,62.7661502410511,16.4154498469498));
#2869=CARTESIAN_POINT('Ctrl Pts',(-94.2956068532369,60.9141645299727,16.5176291991236));
#2870=CARTESIAN_POINT('Ctrl Pts',(-94.390521430179,61.0845219753665,16.5292518572515));
#2871=CARTESIAN_POINT('Ctrl Pts',(-94.4923309484665,61.3528569447333,16.519533232783));
#2872=CARTESIAN_POINT('Ctrl Pts',(-94.5460978681536,61.7141826952799,16.5099666387382));
#2873=CARTESIAN_POINT('Ctrl Pts',(-94.5460839598886,61.9855979252553,16.510085271742));
#2874=CARTESIAN_POINT('Ctrl Pts',(-94.4923709211825,62.3468339947208,16.5194327903243));
#2875=CARTESIAN_POINT('Ctrl Pts',(-94.390521430179,62.6152871175722,16.5292518572515));
#2876=CARTESIAN_POINT('Ctrl Pts',(-94.2956068532369,62.7856445629661,16.5176291991236));
#2877=CARTESIAN_POINT('Ctrl Pts',(-94.3970881486927,60.8618622674491,16.5888406733778));
#2878=CARTESIAN_POINT('Ctrl Pts',(-94.5106767770827,61.0388070453441,16.5976266790688));
#2879=CARTESIAN_POINT('Ctrl Pts',(-94.6355454857099,61.3199299003159,16.5802651015307));
#2880=CARTESIAN_POINT('Ctrl Pts',(-94.7029603520702,61.7047151486289,16.5649407982003));
#2881=CARTESIAN_POINT('Ctrl Pts',(-94.7029405193156,61.9950894931047,16.5650730449142));
#2882=CARTESIAN_POINT('Ctrl Pts',(-94.6355863902001,62.379791290325,16.58016091891));
#2883=CARTESIAN_POINT('Ctrl Pts',(-94.5106767770827,62.6610020475946,16.5976266790688));
#2884=CARTESIAN_POINT('Ctrl Pts',(-94.3970881486927,62.8379468254897,16.5888406733777));
#2885=CARTESIAN_POINT('Ctrl Pts',(-94.4550712600282,60.8319784558819,16.6));
#2886=CARTESIAN_POINT('Ctrl Pts',(-94.5768283424306,61.0120936476417,16.6031085638356));
#2887=CARTESIAN_POINT('Ctrl Pts',(-94.7107955016983,61.2999110342952,16.5758416629805));
#2888=CARTESIAN_POINT('Ctrl Pts',(-94.78327759304,61.6988517336879,16.5537885419042));
#2889=CARTESIAN_POINT('Ctrl Pts',(-94.7832557926302,62.0009249650006,16.553931565722));
#2890=CARTESIAN_POINT('Ctrl Pts',(-94.7108383421939,62.3998079215872,16.5757348140634));
#2891=CARTESIAN_POINT('Ctrl Pts',(-94.5768283424306,62.687715445297,16.6031085638356));
#2892=CARTESIAN_POINT('Ctrl Pts',(-94.4550712600282,62.867830637057,16.6));
#2893=CARTESIAN_POINT('Ctrl Pts',(-94.4800045350567,60.819128140065,16.6));
#2894=CARTESIAN_POINT('Ctrl Pts',(-94.6047059580781,61.0005953655175,16.6));
#2895=CARTESIAN_POINT('Ctrl Pts',(-94.7415918042382,61.2912726442126,16.5676803316812));
#2896=CARTESIAN_POINT('Ctrl Pts',(-94.8155773152713,61.6963190653465,16.5423138920879));
#2897=CARTESIAN_POINT('Ctrl Pts',(-94.8155552861114,62.0034419106336,16.5424623337375));
#2898=CARTESIAN_POINT('Ctrl Pts',(-94.741635646312,62.4084433155294,16.5675713906026));
#2899=CARTESIAN_POINT('Ctrl Pts',(-94.6047059580781,62.6992137274212,16.6));
#2900=CARTESIAN_POINT('Ctrl Pts',(-94.4800045350567,62.8806809528738,16.6));
#2901=CARTESIAN_POINT('Ctrl Pts',(-94.2577823128344,60.9336588518877,16.35));
#2902=CARTESIAN_POINT('Ctrl Pts',(-94.3409165948487,61.09496305229,16.35));
#2903=CARTESIAN_POINT('Ctrl Pts',(-94.4321738256221,61.3533428555745,16.3257602487609));
#2904=CARTESIAN_POINT('Ctrl Pts',(-94.4814974996442,61.7133841188047,16.3067354190659));
#2905=CARTESIAN_POINT('Ctrl Pts',(-94.4814828135376,61.9863822035043,16.3068467503031));
#2906=CARTESIAN_POINT('Ctrl Pts',(-94.4322030536713,62.3463834523005,16.3256785429519));
#2907=CARTESIAN_POINT('Ctrl Pts',(-94.3409165948487,62.6048460406489,16.35));
#2908=CARTESIAN_POINT('Ctrl Pts',(-94.2577823128344,62.7661502410511,16.35));
#2909=CARTESIAN_POINT('Origin',(-41.1804482697923,63.8499045464694,15.6));
#2910=CARTESIAN_POINT('',(-41.1804482697923,63.8499045464694,16.6));
#2911=CARTESIAN_POINT('',(-24.0805961813709,64.8499045464694,15.6));
#2912=CARTESIAN_POINT('Origin',(-24.0805961813709,63.8499045464694,15.6));
#2913=CARTESIAN_POINT('',(-94.4800045350567,64.8499045464694,15.6));
#2914=CARTESIAN_POINT('',(-41.1804482697923,64.8499045464694,15.6));
#2915=CARTESIAN_POINT('Origin',(-94.4800045350567,63.8499045464694,15.6));
#2916=CARTESIAN_POINT('',(-41.1804482697923,63.8499045464694,16.6));
#2917=CARTESIAN_POINT('Origin',(-92.4800045350567,61.8499045464694,16.6));
#2918=CARTESIAN_POINT('',(-90.4800045350567,61.8499045464694,14.6));
#2919=CARTESIAN_POINT('',(-90.4800045350567,61.8499045464694,16.6));
#2920=CARTESIAN_POINT('Origin',(-92.4800045350567,61.8499045464694,14.6));
#2921=CARTESIAN_POINT('Origin',(-59.2803003582138,31.5998889964694,16.6));
#2922=CARTESIAN_POINT('Origin',(-59.2803003582138,31.5998889964694,16.6));
#2923=CARTESIAN_POINT('Origin',(-59.2803003582138,31.5998889964694,16.6));
#2924=CARTESIAN_POINT('Origin',(-59.2803003582138,31.5998889964694,16.6));
#2925=CARTESIAN_POINT('Origin',(-94.4800045350567,63.8499045464694,15.6));
#2926=CARTESIAN_POINT('Origin',(-94.4800045350567,63.8499045464694,15.6));
#2927=CARTESIAN_POINT('Origin',(-94.4800045350567,63.8499045464694,14.6));
#2928=CARTESIAN_POINT('',(-94.4800045350567,64.8499045464694,14.6));
#2929=CARTESIAN_POINT('',(-95.4800045350567,63.8499045464694,14.6));
#2930=CARTESIAN_POINT('Origin',(-94.4800045350567,63.8499045464694,14.6));
#2931=CARTESIAN_POINT('',(-95.4800045350567,63.8499045464694,14.6));
#2932=CARTESIAN_POINT('',(-94.4800045350567,64.8499045464694,14.6));
#2933=CARTESIAN_POINT('Origin',(-59.2803003582138,31.5998889964694,14.6));
#2934=CARTESIAN_POINT('',(-24.0805961813709,64.8499045464694,14.6));
#2935=CARTESIAN_POINT('',(-95.4800045350567,64.8499045464694,14.6));
#2936=CARTESIAN_POINT('',(-23.0805961813709,63.8499045464694,14.6));
#2937=CARTESIAN_POINT('Origin',(-24.0805961813709,63.8499045464694,14.6));
#2938=CARTESIAN_POINT('',(-23.0805961813709,-0.650126553530574,14.6));
#2939=CARTESIAN_POINT('',(-23.0805961813709,64.8499045464694,14.6));
#2940=CARTESIAN_POINT('',(-24.0805961813709,-1.65012655353057,14.6));
#2941=CARTESIAN_POINT('Origin',(-24.0805961813709,-0.650126553530571,14.6));
#2942=CARTESIAN_POINT('',(-94.4800045350566,-1.65012655353057,14.6));
#2943=CARTESIAN_POINT('',(-23.0805961813709,-1.65012655353057,14.6));
#2944=CARTESIAN_POINT('',(-95.4800045350567,-0.65012655353057,14.6));
#2945=CARTESIAN_POINT('Origin',(-94.4800045350566,-0.65012655353057,14.6));
#2946=CARTESIAN_POINT('',(-95.4800045350567,-1.65012655353057,14.6));
#2947=CARTESIAN_POINT('',(-40.6959763426801,52.0156954733428,14.6));
#2948=CARTESIAN_POINT('Origin',(-37.4459763426801,52.0156954733428,14.6));
#2949=CARTESIAN_POINT('',(-48.1542066996624,45.6457116955938,14.6));
#2950=CARTESIAN_POINT('',(-85.1542066996624,45.6457116955938,14.6));
#2951=CARTESIAN_POINT('',(-48.1542066996624,45.6457116955938,14.6));
#2952=CARTESIAN_POINT('',(-48.1542066996624,58.1457116955938,14.6));
#2953=CARTESIAN_POINT('',(-48.1542066996624,58.1457116955938,14.6));
#2954=CARTESIAN_POINT('',(-85.1542066996624,58.1457116955938,14.6));
#2955=CARTESIAN_POINT('',(-85.1542066996624,58.1457116955938,14.6));
#2956=CARTESIAN_POINT('',(-85.1542066996624,45.6457116955938,14.6));
#2957=CARTESIAN_POINT('',(-49.2669423703003,42.9032206774309,14.6));
#2958=CARTESIAN_POINT('',(-49.2669423703003,23.6829226108472,14.6));
#2959=CARTESIAN_POINT('',(-49.2669423703003,23.6829226108472,14.6));
#2960=CARTESIAN_POINT('',(-68.863143137734,42.9032206774309,14.6));
#2961=CARTESIAN_POINT('',(-49.2669423703003,42.9032206774309,14.6));
#2962=CARTESIAN_POINT('',(-68.863143137734,23.6829226108472,14.6));
#2963=CARTESIAN_POINT('',(-68.863143137734,42.9032206774309,14.6));
#2964=CARTESIAN_POINT('',(-88.0461791766499,23.6829226108472,14.6));
#2965=CARTESIAN_POINT('',(-88.0461791766499,23.6829226108472,14.6));
#2966=CARTESIAN_POINT('',(-88.0461791766499,4.02487315701155,14.6));
#2967=CARTESIAN_POINT('',(-88.0461791766499,4.02487315701155,14.6));
#2968=CARTESIAN_POINT('',(-30.046180473051,4.02487315701155,14.6));
#2969=CARTESIAN_POINT('',(-30.046180473051,4.02487315701155,14.6));
#2970=CARTESIAN_POINT('',(-30.046180473051,23.6829226108472,14.6));
#2971=CARTESIAN_POINT('',(-30.046180473051,23.6829226108472,14.6));
#2972=CARTESIAN_POINT('',(-88.0461791766499,23.6829226108472,14.6));
#2973=CARTESIAN_POINT('Origin',(-23.0805961813709,64.8499045464694,14.6));
#2974=CARTESIAN_POINT('',(-24.0805961813709,64.8499045464694,14.6));
#2975=CARTESIAN_POINT('Origin',(-24.0805961813709,63.8499045464694,15.6));
#2976=CARTESIAN_POINT('Origin',(-24.0805961813709,63.8499045464694,15.6));
#2977=CARTESIAN_POINT('Origin',(-24.0805961813709,63.8499045464694,14.6));
#2978=CARTESIAN_POINT('',(-23.0805961813709,63.8499045464694,14.6));
#2979=CARTESIAN_POINT('Origin',(-94.4800045350566,-0.65012655353057,14.6));
#2980=CARTESIAN_POINT('',(-94.4800045350566,-1.65012655353057,14.6));
#2981=CARTESIAN_POINT('Origin',(-94.4800045350566,-0.65012655353057,15.6));
#2982=CARTESIAN_POINT('',(-95.4800045350567,-0.65012655353057,14.6));
#2983=CARTESIAN_POINT('Origin',(-94.4800045350567,-0.650126553530572,15.6));
#2984=CARTESIAN_POINT('Origin',(-95.4800045350567,-1.65012655353057,14.6));
#2985=CARTESIAN_POINT('',(-24.0805961813709,-1.65012655353057,14.6));
#2986=CARTESIAN_POINT('Origin',(-24.0805961813709,-0.650126553530571,14.6));
#2987=CARTESIAN_POINT('',(-23.0805961813709,-0.650126553530571,14.6));
#2988=CARTESIAN_POINT('Origin',(-24.0805961813709,-0.650126553530571,15.6));
#2989=CARTESIAN_POINT('Origin',(-24.0805961813709,-0.65012655353057,15.6));
#2990=CARTESIAN_POINT('Origin',(-23.0805961813709,-1.65012655353057,14.6));
#2991=CARTESIAN_POINT('Origin',(-95.4800045350567,64.8499045464694,14.6));
#2992=CARTESIAN_POINT('Origin',(-37.4459763426801,52.0156954733428,14.6));
#2993=CARTESIAN_POINT('',(-40.6959763426801,52.0156954733428,14.6));
#2994=CARTESIAN_POINT('Origin',(-48.1542066996624,58.1457116955938,14.6));
#2995=CARTESIAN_POINT('',(-48.1542066996624,45.6457116955938,14.6));
#2996=CARTESIAN_POINT('',(-48.1542066996624,58.1457116955938,14.6));
#2997=CARTESIAN_POINT('Origin',(-85.1542066996624,58.1457116955938,14.6));
#2998=CARTESIAN_POINT('',(-85.1542066996624,58.1457116955938,14.6));
#2999=CARTESIAN_POINT('Origin',(-85.1542066996624,45.6457116955938,14.6));
#3000=CARTESIAN_POINT('',(-85.1542066996624,45.6457116955938,14.6));
#3001=CARTESIAN_POINT('Origin',(-48.1542066996624,45.6457116955938,14.6));
#3002=CARTESIAN_POINT('Origin',(-68.863143137734,42.9032206774309,14.6));
#3003=CARTESIAN_POINT('',(-49.2669423703003,42.9032206774309,14.6));
#3004=CARTESIAN_POINT('',(-68.863143137734,42.9032206774309,14.6));
#3005=CARTESIAN_POINT('Origin',(-68.863143137734,23.6829226108472,14.6));
#3006=CARTESIAN_POINT('',(-68.863143137734,23.6829226108472,14.6));
#3007=CARTESIAN_POINT('Origin',(-88.0461791766499,23.6829226108472,14.6));
#3008=CARTESIAN_POINT('',(-88.0461791766499,23.6829226108472,14.6));
#3009=CARTESIAN_POINT('Origin',(-88.0461791766499,4.02487315701155,14.6));
#3010=CARTESIAN_POINT('',(-88.0461791766499,4.02487315701155,14.6));
#3011=CARTESIAN_POINT('Origin',(-30.046180473051,4.02487315701155,14.6));
#3012=CARTESIAN_POINT('',(-30.046180473051,4.02487315701155,14.6));
#3013=CARTESIAN_POINT('Origin',(-30.046180473051,23.6829226108472,14.6));
#3014=CARTESIAN_POINT('',(-30.046180473051,23.6829226108472,14.6));
#3015=CARTESIAN_POINT('Origin',(-49.2669423703003,23.6829226108472,14.6));
#3016=CARTESIAN_POINT('',(-49.2669423703003,23.6829226108472,14.6));
#3017=CARTESIAN_POINT('Origin',(-49.2669423703003,42.9032206774309,14.6));
#3018=UNCERTAINTY_MEASURE_WITH_UNIT(LENGTH_MEASURE(0.01),#3022,
'DISTANCE_ACCURACY_VALUE',
'Maximum model space distance between geometric entities at asserted c
onnectivities');
#3019=UNCERTAINTY_MEASURE_WITH_UNIT(LENGTH_MEASURE(0.01),#3022,
'DISTANCE_ACCURACY_VALUE',
'Maximum model space distance between geometric entities at asserted c
onnectivities');
#3020=(
GEOMETRIC_REPRESENTATION_CONTEXT(3)
GLOBAL_UNCERTAINTY_ASSIGNED_CONTEXT((#3018))
GLOBAL_UNIT_ASSIGNED_CONTEXT((#3022,#3024,#3025))
REPRESENTATION_CONTEXT('','3D')
);
#3021=(
GEOMETRIC_REPRESENTATION_CONTEXT(3)
GLOBAL_UNCERTAINTY_ASSIGNED_CONTEXT((#3019))
GLOBAL_UNIT_ASSIGNED_CONTEXT((#3022,#3024,#3025))
REPRESENTATION_CONTEXT('','3D')
);
#3022=(
LENGTH_UNIT()
NAMED_UNIT(*)
SI_UNIT(.MILLI.,.METRE.)
);
#3023=(
LENGTH_UNIT()
NAMED_UNIT(*)
SI_UNIT($,.METRE.)
);
#3024=(
NAMED_UNIT(*)
PLANE_ANGLE_UNIT()
SI_UNIT($,.RADIAN.)
);
#3025=(
NAMED_UNIT(*)
SI_UNIT($,.STERADIAN.)
SOLID_ANGLE_UNIT()
);
#3026=SHAPE_DEFINITION_REPRESENTATION(#3027,#3028);
#3027=PRODUCT_DEFINITION_SHAPE('',$,#3030);
#3028=SHAPE_REPRESENTATION('',(#1514),#3020);
#3029=PRODUCT_DEFINITION_CONTEXT('part definition',#3034,'design');
#3030=PRODUCT_DEFINITION('hackpad','hackpad v6',#3031,#3029);
#3031=PRODUCT_DEFINITION_FORMATION('',$,#3036);
#3032=PRODUCT_RELATED_PRODUCT_CATEGORY('hackpad v6','hackpad v6',(#3036));
#3033=APPLICATION_PROTOCOL_DEFINITION('international standard',
'automotive_design',2009,#3034);
#3034=APPLICATION_CONTEXT(
'Core Data for Automotive Mechanical Design Process');
#3035=PRODUCT_CONTEXT('part definition',#3034,'mechanical');
#3036=PRODUCT('hackpad','hackpad v6',$,(#3035));
#3037=PRESENTATION_STYLE_ASSIGNMENT((#3038));
#3038=SURFACE_STYLE_USAGE(.BOTH.,#3039);
#3039=SURFACE_SIDE_STYLE('',(#3040));
#3040=SURFACE_STYLE_FILL_AREA(#3041);
#3041=FILL_AREA_STYLE('Steel - Satin',(#3042));
#3042=FILL_AREA_STYLE_COLOUR('Steel - Satin',#3043);
#3043=COLOUR_RGB('Steel - Satin',0.627450980392157,0.627450980392157,0.627450980392157);
ENDSEC;
END-ISO-10303-21;
