ISO-10303-21;
HEADER;
/* Generated by software containing ST-Developer
 * from STEP Tools, Inc. (www.steptools.com) 
 */

FILE_DESCRIPTION(
/* description */ (''),
/* implementation_level */ '2;1');

FILE_NAME(
/* name */ 'hackpad.step',
/* time_stamp */ '2026-10-06T13:04:45+02:00',
/* author */ (''),
/* organization */ (''),
/* preprocessor_version */ 'ST-DEVELOPER v20.2',
/* originating_system */ 'Autodesk Translation Framework v15.15.0.0',
/* authorisation */ '');

FILE_SCHEMA (('AUTOMOTIVE_DESIGN { 1 0 10303 214 3 1 1 }'));
ENDSEC;

DATA;
#10=MECHANICAL_DESIGN_GEOMETRIC_PRESENTATION_REPRESENTATION('',(#51,#52),
#3238);
#11=SHAPE_REPRESENTATION_RELATIONSHIP('SRR','None',#3245,#12);
#12=ADVANCED_BREP_SHAPE_REPRESENTATION('',(#53,#54),#3237);
#13=SPHERICAL_SURFACE('',#1757,1.);
#14=SPHERICAL_SURFACE('',#1767,1.);
#15=SPHERICAL_SURFACE('',#1772,1.);
#16=SPHERICAL_SURFACE('',#1776,1.);
#17=B_SPLINE_CURVE_WITH_KNOTS('',3,(#2504,#2505,#2506,#2507,#2508,#2509,
#2510,#2511),.UNSPECIFIED.,.F.,.F.,(4,1,1,1,1,4),(-0.181546177981703,-0.129675841415502,
-0.103740673132402,-0.0778055048493015,-0.051870336566201,0.),
 .UNSPECIFIED.);
#18=B_SPLINE_CURVE_WITH_KNOTS('',3,(#2513,#2514,#2515,#2516,#2517,#2518),
 .UNSPECIFIED.,.F.,.F.,(4,1,1,4),(0.,0.051870336566201,0.0778055048493015,
0.0907725857549604),.UNSPECIFIED.);
#19=B_SPLINE_CURVE_WITH_KNOTS('',3,(#2519,#2520,#2521,#2522,#2523,#2524),
 .UNSPECIFIED.,.F.,.F.,(4,1,1,4),(0.0907725857549604,0.103740673132402,
0.129675841415502,0.181546177981703),.UNSPECIFIED.);
#20=B_SPLINE_CURVE_WITH_KNOTS('',3,(#2573,#2574,#2575,#2576,#2577,#2578,
#2579,#2580),.UNSPECIFIED.,.F.,.F.,(4,1,1,1,1,4),(-0.181546177981703,-0.129675841415502,
-0.103740673132402,-0.0778055048493013,-0.051870336566201,-3.47093900992525E-16),
 .UNSPECIFIED.);
#21=B_SPLINE_CURVE_WITH_KNOTS('',3,(#2581,#2582,#2583,#2584,#2585,#2586,
#2587,#2588),.UNSPECIFIED.,.F.,.F.,(4,1,1,1,1,4),(3.47093900992525E-16,
0.051870336566201,0.0778055048493013,0.103740673132402,0.129675841415502,
0.181546177981703),.UNSPECIFIED.);
#22=B_SPLINE_CURVE_WITH_KNOTS('',3,(#2593,#2594,#2595,#2596,#2597,#2598,
#2599,#2600,#2601,#2602),.UNSPECIFIED.,.F.,.F.,(4,1,1,1,1,1,1,4),(-0.181546177981704,
-0.155611009698603,-0.129675841415503,-0.103740673132402,-0.0778055048493018,
-0.0518703365662012,-0.0259351682831006,-8.95337312012922E-17),
 .UNSPECIFIED.);
#23=B_SPLINE_CURVE_WITH_KNOTS('',3,(#2723,#2724,#2725,#2726,#2727,#2728,
#2729,#2730,#2731,#2732,#2733),.UNSPECIFIED.,.F.,.F.,(4,1,1,1,1,1,1,1,4),
(-0.181546177981701,-0.155611009698601,-0.129675841415501,-0.103740673132401,
-0.0778055048493009,-0.0648379207077508,-0.0518703365662007,-0.0259351682831006,
-4.96470873173702E-16),.UNSPECIFIED.);
#24=B_SPLINE_CURVE_WITH_KNOTS('',3,(#2734,#2735,#2736,#2737,#2738,#2739,
#2740,#2741,#2742,#2743,#2744),.UNSPECIFIED.,.F.,.F.,(4,1,1,1,1,1,1,1,4),
(4.96470873173702E-16,0.0259351682831006,0.0518703365662007,0.0648379207077508,
0.0778055048493009,0.103740673132401,0.129675841415501,0.155611009698601,
0.181546177981701),.UNSPECIFIED.);
#25=B_SPLINE_CURVE_WITH_KNOTS('',3,(#2796,#2797,#2798,#2799,#2800,#2801,
#2802),.UNSPECIFIED.,.F.,.F.,(4,1,1,1,4),(8.95337312012922E-17,0.0259351682831006,
0.0518703365662012,0.0778055048493018,0.0907725857549597),.UNSPECIFIED.);
#26=B_SPLINE_CURVE_WITH_KNOTS('',3,(#2803,#2804,#2805,#2806,#2807,#2808,
#2809),.UNSPECIFIED.,.F.,.F.,(4,1,1,1,4),(0.0907725857549597,0.103740673132402,
0.129675841415503,0.155611009698603,0.181546177981704),.UNSPECIFIED.);
#27=B_SPLINE_CURVE_WITH_KNOTS('',3,(#2812,#2813,#2814,#2815,#2816,#2817,
#2818,#2819),.UNSPECIFIED.,.F.,.F.,(4,1,1,1,1,4),(-0.181546177981703,-0.129675841415503,
-0.103740673132402,-0.0778055048493017,-0.0518703365662012,-3.34356183428195E-16),
 .UNSPECIFIED.);
#28=B_SPLINE_CURVE_WITH_KNOTS('',3,(#2896,#2897,#2898,#2899,#2900,#2901,
#2902,#2903),.UNSPECIFIED.,.F.,.F.,(4,1,1,1,1,4),(-0.181546177981704,-0.129675841415503,
-0.103740673132402,-0.0778055048493016,-0.051870336566201,0.),
 .UNSPECIFIED.);
#29=B_SPLINE_CURVE_WITH_KNOTS('',3,(#2904,#2905,#2906,#2907,#2908,#2909,
#2910,#2911),.UNSPECIFIED.,.F.,.F.,(4,1,1,1,1,4),(0.,0.051870336566201,
0.0778055048493016,0.103740673132402,0.129675841415503,0.181546177981704),
 .UNSPECIFIED.);
#30=B_SPLINE_CURVE_WITH_KNOTS('',3,(#2960,#2961,#2962,#2963,#2964,#2965,
#2966,#2967),.UNSPECIFIED.,.F.,.F.,(4,1,1,1,1,4),(3.34356183428195E-16,
0.0518703365662012,0.0778055048493017,0.103740673132402,0.129675841415503,
0.181546177981703),.UNSPECIFIED.);
#31=B_SPLINE_CURVE_WITH_KNOTS('',3,(#2970,#2971,#2972,#2973,#2974,#2975,
#2976,#2977),.UNSPECIFIED.,.F.,.F.,(4,1,1,1,1,4),(-0.181546177981699,-0.1296758414155,
-0.103740673132401,-0.0778055048493013,-0.0518703365662018,-2.87673351000289E-15),
 .UNSPECIFIED.);
#32=B_SPLINE_CURVE_WITH_KNOTS('',3,(#3054,#3055,#3056,#3057,#3058,#3059,
#3060,#3061),.UNSPECIFIED.,.F.,.F.,(4,1,1,1,1,4),(-0.181546177981702,-0.129675841415501,
-0.103740673132401,-0.0778055048493009,-0.0518703365662006,-1.2100727530399E-16),
 .UNSPECIFIED.);
#33=B_SPLINE_CURVE_WITH_KNOTS('',3,(#3062,#3063,#3064,#3065,#3066,#3067,
#3068,#3069),.UNSPECIFIED.,.F.,.F.,(4,1,1,1,1,4),(1.2100727530399E-16,0.0518703365662006,
0.0778055048493009,0.103740673132401,0.129675841415501,0.181546177981702),
 .UNSPECIFIED.);
#34=B_SPLINE_CURVE_WITH_KNOTS('',3,(#3118,#3119,#3120,#3121,#3122,#3123,
#3124,#3125),.UNSPECIFIED.,.F.,.F.,(4,1,1,1,1,4),(2.87673351000289E-15,
0.0518703365662018,0.0778055048493013,0.103740673132401,0.1296758414155,
0.181546177981699),.UNSPECIFIED.);
#35=B_SPLINE_SURFACE_WITH_KNOTS('',3,3,((#2456,#2457,#2458,#2459,#2460,
#2461,#2462,#2463),(#2464,#2465,#2466,#2467,#2468,#2469,#2470,#2471),(#2472,
#2473,#2474,#2475,#2476,#2477,#2478,#2479),(#2480,#2481,#2482,#2483,#2484,
#2485,#2486,#2487),(#2488,#2489,#2490,#2491,#2492,#2493,#2494,#2495),(#2496,
#2497,#2498,#2499,#2500,#2501,#2502,#2503)),.UNSPECIFIED.,.F.,.F.,.F.,(4,
1,1,4),(4,1,1,1,1,4),(0.,0.285714285714286,0.5,1.),(0.,0.051870336566201,
0.0778055048493015,0.103740673132402,0.129675841415502,0.181546177981703),
 .UNSPECIFIED.);
#36=B_SPLINE_SURFACE_WITH_KNOTS('',3,3,((#2525,#2526,#2527,#2528,#2529,
#2530,#2531,#2532),(#2533,#2534,#2535,#2536,#2537,#2538,#2539,#2540),(#2541,
#2542,#2543,#2544,#2545,#2546,#2547,#2548),(#2549,#2550,#2551,#2552,#2553,
#2554,#2555,#2556),(#2557,#2558,#2559,#2560,#2561,#2562,#2563,#2564),(#2565,
#2566,#2567,#2568,#2569,#2570,#2571,#2572)),.UNSPECIFIED.,.F.,.F.,.F.,(4,
1,1,4),(4,1,1,1,1,4),(0.,0.285714285714286,0.5,1.),(3.47093900992525E-16,
0.051870336566201,0.0778055048493013,0.103740673132402,0.129675841415502,
0.181546177981703),.UNSPECIFIED.);
#37=B_SPLINE_SURFACE_WITH_KNOTS('',3,3,((#2668,#2669,#2670,#2671,#2672,
#2673,#2674,#2675,#2676,#2677,#2678),(#2679,#2680,#2681,#2682,#2683,#2684,
#2685,#2686,#2687,#2688,#2689),(#2690,#2691,#2692,#2693,#2694,#2695,#2696,
#2697,#2698,#2699,#2700),(#2701,#2702,#2703,#2704,#2705,#2706,#2707,#2708,
#2709,#2710,#2711),(#2712,#2713,#2714,#2715,#2716,#2717,#2718,#2719,#2720,
#2721,#2722)),.UNSPECIFIED.,.F.,.F.,.F.,(4,1,4),(4,1,1,1,1,1,1,1,4),(0.,
0.5,1.),(4.96470873173702E-16,0.0259351682831006,0.0518703365662007,0.0648379207077508,
0.0778055048493009,0.103740673132401,0.129675841415501,0.155611009698601,
0.181546177981701),.UNSPECIFIED.);
#38=B_SPLINE_SURFACE_WITH_KNOTS('',3,3,((#2745,#2746,#2747,#2748,#2749,
#2750,#2751,#2752,#2753,#2754),(#2755,#2756,#2757,#2758,#2759,#2760,#2761,
#2762,#2763,#2764),(#2765,#2766,#2767,#2768,#2769,#2770,#2771,#2772,#2773,
#2774),(#2775,#2776,#2777,#2778,#2779,#2780,#2781,#2782,#2783,#2784),(#2785,
#2786,#2787,#2788,#2789,#2790,#2791,#2792,#2793,#2794)),.UNSPECIFIED.,.F.,
 .F.,.F.,(4,1,4),(4,1,1,1,1,1,1,4),(0.,0.5,1.),(8.95337312012922E-17,0.0259351682831006,
0.0518703365662012,0.0778055048493018,0.103740673132402,0.129675841415503,
0.155611009698603,0.181546177981704),.UNSPECIFIED.);
#39=B_SPLINE_SURFACE_WITH_KNOTS('',3,3,((#2848,#2849,#2850,#2851,#2852,
#2853,#2854,#2855),(#2856,#2857,#2858,#2859,#2860,#2861,#2862,#2863),(#2864,
#2865,#2866,#2867,#2868,#2869,#2870,#2871),(#2872,#2873,#2874,#2875,#2876,
#2877,#2878,#2879),(#2880,#2881,#2882,#2883,#2884,#2885,#2886,#2887),(#2888,
#2889,#2890,#2891,#2892,#2893,#2894,#2895)),.UNSPECIFIED.,.F.,.F.,.F.,(4,
1,1,4),(4,1,1,1,1,4),(0.,0.285714285714286,0.5,1.),(0.,0.051870336566201,
0.0778055048493016,0.103740673132402,0.129675841415503,0.181546177981704),
 .UNSPECIFIED.);
#40=B_SPLINE_SURFACE_WITH_KNOTS('',3,3,((#2912,#2913,#2914,#2915,#2916,
#2917,#2918,#2919),(#2920,#2921,#2922,#2923,#2924,#2925,#2926,#2927),(#2928,
#2929,#2930,#2931,#2932,#2933,#2934,#2935),(#2936,#2937,#2938,#2939,#2940,
#2941,#2942,#2943),(#2944,#2945,#2946,#2947,#2948,#2949,#2950,#2951),(#2952,
#2953,#2954,#2955,#2956,#2957,#2958,#2959)),.UNSPECIFIED.,.F.,.F.,.F.,(4,
1,1,4),(4,1,1,1,1,4),(0.,0.285714285714286,0.5,1.),(3.34356183428195E-16,
0.0518703365662012,0.0778055048493017,0.103740673132402,0.129675841415503,
0.181546177981703),.UNSPECIFIED.);
#41=B_SPLINE_SURFACE_WITH_KNOTS('',3,3,((#3006,#3007,#3008,#3009,#3010,
#3011,#3012,#3013),(#3014,#3015,#3016,#3017,#3018,#3019,#3020,#3021),(#3022,
#3023,#3024,#3025,#3026,#3027,#3028,#3029),(#3030,#3031,#3032,#3033,#3034,
#3035,#3036,#3037),(#3038,#3039,#3040,#3041,#3042,#3043,#3044,#3045),(#3046,
#3047,#3048,#3049,#3050,#3051,#3052,#3053)),.UNSPECIFIED.,.F.,.F.,.F.,(4,
1,1,4),(4,1,1,1,1,4),(0.,0.285714285714286,0.5,1.),(1.2100727530399E-16,
0.0518703365662006,0.0778055048493009,0.103740673132401,0.129675841415501,
0.181546177981702),.UNSPECIFIED.);
#42=B_SPLINE_SURFACE_WITH_KNOTS('',3,3,((#3070,#3071,#3072,#3073,#3074,
#3075,#3076,#3077),(#3078,#3079,#3080,#3081,#3082,#3083,#3084,#3085),(#3086,
#3087,#3088,#3089,#3090,#3091,#3092,#3093),(#3094,#3095,#3096,#3097,#3098,
#3099,#3100,#3101),(#3102,#3103,#3104,#3105,#3106,#3107,#3108,#3109),(#3110,
#3111,#3112,#3113,#3114,#3115,#3116,#3117)),.UNSPECIFIED.,.F.,.F.,.F.,(4,
1,1,4),(4,1,1,1,1,4),(0.,0.285714285714286,0.5,1.),(2.87673351000289E-15,
0.0518703365662018,0.0778055048493013,0.103740673132401,0.1296758414155,
0.181546177981699),.UNSPECIFIED.);
#43=TOROIDAL_SURFACE('',#1689,1.6,0.25);
#44=TOROIDAL_SURFACE('',#1694,1.6,0.25);
#45=TOROIDAL_SURFACE('',#1709,1.6,0.25);
#46=TOROIDAL_SURFACE('',#1714,1.6,0.25);
#47=TOROIDAL_SURFACE('',#1723,1.6,0.25);
#48=TOROIDAL_SURFACE('',#1728,1.6,0.25);
#49=TOROIDAL_SURFACE('',#1738,1.6,0.25);
#50=TOROIDAL_SURFACE('',#1743,1.6,0.25);
#51=STYLED_ITEM('',(#3254),#53);
#52=STYLED_ITEM('',(#3254),#54);
#53=MANIFOLD_SOLID_BREP('Body1',#1612);
#54=MANIFOLD_SOLID_BREP('Body2',#1613);
#55=FACE_BOUND('',#291,.T.);
#56=FACE_BOUND('',#293,.T.);
#57=FACE_BOUND('',#294,.T.);
#58=FACE_BOUND('',#295,.T.);
#59=FACE_BOUND('',#296,.T.);
#60=FACE_BOUND('',#297,.T.);
#61=FACE_BOUND('',#317,.T.);
#62=FACE_BOUND('',#318,.T.);
#63=FACE_BOUND('',#319,.T.);
#64=FACE_BOUND('',#346,.T.);
#65=FACE_BOUND('',#347,.T.);
#66=FACE_BOUND('',#348,.T.);
#67=FACE_BOUND('',#349,.T.);
#68=FACE_BOUND('',#350,.T.);
#69=FACE_BOUND('',#351,.T.);
#70=FACE_BOUND('',#352,.T.);
#71=CYLINDRICAL_SURFACE('',#1634,1.35);
#72=CYLINDRICAL_SURFACE('',#1638,1.35);
#73=CYLINDRICAL_SURFACE('',#1642,1.35);
#74=CYLINDRICAL_SURFACE('',#1646,1.35);
#75=CYLINDRICAL_SURFACE('',#1650,0.5);
#76=CYLINDRICAL_SURFACE('',#1654,0.5);
#77=CYLINDRICAL_SURFACE('',#1658,0.5);
#78=CYLINDRICAL_SURFACE('',#1662,0.5);
#79=CYLINDRICAL_SURFACE('',#1665,1.);
#80=CYLINDRICAL_SURFACE('',#1673,1.);
#81=CYLINDRICAL_SURFACE('',#1676,1.);
#82=CYLINDRICAL_SURFACE('',#1679,1.);
#83=CYLINDRICAL_SURFACE('',#1699,1.);
#84=CYLINDRICAL_SURFACE('',#1707,1.35);
#85=CYLINDRICAL_SURFACE('',#1718,1.);
#86=CYLINDRICAL_SURFACE('',#1721,1.35);
#87=CYLINDRICAL_SURFACE('',#1733,1.);
#88=CYLINDRICAL_SURFACE('',#1736,1.35);
#89=CYLINDRICAL_SURFACE('',#1748,1.);
#90=CYLINDRICAL_SURFACE('',#1751,1.35);
#91=CYLINDRICAL_SURFACE('',#1759,1.);
#92=CYLINDRICAL_SURFACE('',#1769,1.);
#93=CYLINDRICAL_SURFACE('',#1770,1.);
#94=CYLINDRICAL_SURFACE('',#1774,1.);
#95=CYLINDRICAL_SURFACE('',#1787,3.64);
#96=CIRCLE('',#1632,0.5);
#97=CIRCLE('',#1633,0.5);
#98=CIRCLE('',#1635,1.35);
#99=CIRCLE('',#1636,1.35);
#100=CIRCLE('',#1639,1.35);
#101=CIRCLE('',#1640,1.35);
#102=CIRCLE('',#1643,1.35);
#103=CIRCLE('',#1644,1.35);
#104=CIRCLE('',#1647,1.35);
#105=CIRCLE('',#1648,1.35);
#106=CIRCLE('',#1651,0.5);
#107=CIRCLE('',#1652,0.5);
#108=CIRCLE('',#1655,0.5);
#109=CIRCLE('',#1656,0.5);
#110=CIRCLE('',#1659,0.5);
#111=CIRCLE('',#1660,0.5);
#112=CIRCLE('',#1663,0.5);
#113=CIRCLE('',#1664,0.5);
#114=CIRCLE('',#1666,1.);
#115=CIRCLE('',#1667,1.);
#116=CIRCLE('',#1670,1.);
#117=CIRCLE('',#1671,1.);
#118=CIRCLE('',#1672,1.);
#119=CIRCLE('',#1674,1.);
#120=CIRCLE('',#1677,1.);
#121=CIRCLE('',#1680,1.);
#122=CIRCLE('',#1690,0.249999999999999);
#123=CIRCLE('',#1691,1.35);
#124=CIRCLE('',#1692,0.250000000000005);
#125=CIRCLE('',#1693,1.6);
#126=CIRCLE('',#1695,0.249999999999999);
#127=CIRCLE('',#1696,1.35);
#128=CIRCLE('',#1697,0.250000000000005);
#129=CIRCLE('',#1698,1.6);
#130=CIRCLE('',#1700,1.);
#131=CIRCLE('',#1701,1.);
#132=CIRCLE('',#1703,1.6);
#133=CIRCLE('',#1704,1.6);
#134=CIRCLE('',#1705,1.6);
#135=CIRCLE('',#1706,3.64);
#136=CIRCLE('',#1708,1.35);
#137=CIRCLE('',#1710,0.249999999999999);
#138=CIRCLE('',#1711,1.35);
#139=CIRCLE('',#1712,0.25);
#140=CIRCLE('',#1713,1.6);
#141=CIRCLE('',#1715,0.249999999999999);
#142=CIRCLE('',#1716,1.35);
#143=CIRCLE('',#1717,0.25);
#144=CIRCLE('',#1719,1.);
#145=CIRCLE('',#1720,1.);
#146=CIRCLE('',#1722,1.35);
#147=CIRCLE('',#1724,0.249999999999999);
#148=CIRCLE('',#1725,1.35);
#149=CIRCLE('',#1726,0.250000000000003);
#150=CIRCLE('',#1727,1.6);
#151=CIRCLE('',#1729,0.249999999999999);
#152=CIRCLE('',#1730,1.35);
#153=CIRCLE('',#1731,1.35);
#154=CIRCLE('',#1732,0.249999999999992);
#155=CIRCLE('',#1734,1.00000000000001);
#156=CIRCLE('',#1735,1.00000000000001);
#157=CIRCLE('',#1737,1.35);
#158=CIRCLE('',#1739,0.249999999999999);
#159=CIRCLE('',#1740,1.35);
#160=CIRCLE('',#1741,0.250000000000005);
#161=CIRCLE('',#1742,1.6);
#162=CIRCLE('',#1744,0.249999999999999);
#163=CIRCLE('',#1745,1.35);
#164=CIRCLE('',#1746,1.35);
#165=CIRCLE('',#1747,0.24999999999999);
#166=CIRCLE('',#1749,1.);
#167=CIRCLE('',#1750,1.);
#168=CIRCLE('',#1752,1.35);
#169=CIRCLE('',#1758,1.00000000000001);
#170=CIRCLE('',#1760,1.);
#171=CIRCLE('',#1762,1.);
#172=CIRCLE('',#1763,1.);
#173=CIRCLE('',#1764,1.);
#174=CIRCLE('',#1765,3.64);
#175=CIRCLE('',#1768,1.);
#176=CIRCLE('',#1771,1.);
#177=CIRCLE('',#1775,1.);
#178=FACE_OUTER_BOUND('',#269,.T.);
#179=FACE_OUTER_BOUND('',#270,.T.);
#180=FACE_OUTER_BOUND('',#271,.T.);
#181=FACE_OUTER_BOUND('',#272,.T.);
#182=FACE_OUTER_BOUND('',#273,.T.);
#183=FACE_OUTER_BOUND('',#274,.T.);
#184=FACE_OUTER_BOUND('',#275,.T.);
#185=FACE_OUTER_BOUND('',#276,.T.);
#186=FACE_OUTER_BOUND('',#277,.T.);
#187=FACE_OUTER_BOUND('',#278,.T.);
#188=FACE_OUTER_BOUND('',#279,.T.);
#189=FACE_OUTER_BOUND('',#280,.T.);
#190=FACE_OUTER_BOUND('',#281,.T.);
#191=FACE_OUTER_BOUND('',#282,.T.);
#192=FACE_OUTER_BOUND('',#283,.T.);
#193=FACE_OUTER_BOUND('',#284,.T.);
#194=FACE_OUTER_BOUND('',#285,.T.);
#195=FACE_OUTER_BOUND('',#286,.T.);
#196=FACE_OUTER_BOUND('',#287,.T.);
#197=FACE_OUTER_BOUND('',#288,.T.);
#198=FACE_OUTER_BOUND('',#289,.T.);
#199=FACE_OUTER_BOUND('',#290,.T.);
#200=FACE_OUTER_BOUND('',#292,.T.);
#201=FACE_OUTER_BOUND('',#298,.T.);
#202=FACE_OUTER_BOUND('',#299,.T.);
#203=FACE_OUTER_BOUND('',#300,.T.);
#204=FACE_OUTER_BOUND('',#301,.T.);
#205=FACE_OUTER_BOUND('',#302,.T.);
#206=FACE_OUTER_BOUND('',#303,.T.);
#207=FACE_OUTER_BOUND('',#304,.T.);
#208=FACE_OUTER_BOUND('',#305,.T.);
#209=FACE_OUTER_BOUND('',#306,.T.);
#210=FACE_OUTER_BOUND('',#307,.T.);
#211=FACE_OUTER_BOUND('',#308,.T.);
#212=FACE_OUTER_BOUND('',#309,.T.);
#213=FACE_OUTER_BOUND('',#310,.T.);
#214=FACE_OUTER_BOUND('',#311,.T.);
#215=FACE_OUTER_BOUND('',#312,.T.);
#216=FACE_OUTER_BOUND('',#313,.T.);
#217=FACE_OUTER_BOUND('',#314,.T.);
#218=FACE_OUTER_BOUND('',#315,.T.);
#219=FACE_OUTER_BOUND('',#316,.T.);
#220=FACE_OUTER_BOUND('',#320,.T.);
#221=FACE_OUTER_BOUND('',#321,.T.);
#222=FACE_OUTER_BOUND('',#322,.T.);
#223=FACE_OUTER_BOUND('',#323,.T.);
#224=FACE_OUTER_BOUND('',#324,.T.);
#225=FACE_OUTER_BOUND('',#325,.T.);
#226=FACE_OUTER_BOUND('',#326,.T.);
#227=FACE_OUTER_BOUND('',#327,.T.);
#228=FACE_OUTER_BOUND('',#328,.T.);
#229=FACE_OUTER_BOUND('',#329,.T.);
#230=FACE_OUTER_BOUND('',#330,.T.);
#231=FACE_OUTER_BOUND('',#331,.T.);
#232=FACE_OUTER_BOUND('',#332,.T.);
#233=FACE_OUTER_BOUND('',#333,.T.);
#234=FACE_OUTER_BOUND('',#334,.T.);
#235=FACE_OUTER_BOUND('',#335,.T.);
#236=FACE_OUTER_BOUND('',#336,.T.);
#237=FACE_OUTER_BOUND('',#337,.T.);
#238=FACE_OUTER_BOUND('',#338,.T.);
#239=FACE_OUTER_BOUND('',#339,.T.);
#240=FACE_OUTER_BOUND('',#340,.T.);
#241=FACE_OUTER_BOUND('',#341,.T.);
#242=FACE_OUTER_BOUND('',#342,.T.);
#243=FACE_OUTER_BOUND('',#343,.T.);
#244=FACE_OUTER_BOUND('',#344,.T.);
#245=FACE_OUTER_BOUND('',#345,.T.);
#246=FACE_OUTER_BOUND('',#353,.T.);
#247=FACE_OUTER_BOUND('',#354,.T.);
#248=FACE_OUTER_BOUND('',#355,.T.);
#249=FACE_OUTER_BOUND('',#356,.T.);
#250=FACE_OUTER_BOUND('',#357,.T.);
#251=FACE_OUTER_BOUND('',#358,.T.);
#252=FACE_OUTER_BOUND('',#359,.T.);
#253=FACE_OUTER_BOUND('',#360,.T.);
#254=FACE_OUTER_BOUND('',#361,.T.);
#255=FACE_OUTER_BOUND('',#362,.T.);
#256=FACE_OUTER_BOUND('',#363,.T.);
#257=FACE_OUTER_BOUND('',#364,.T.);
#258=FACE_OUTER_BOUND('',#365,.T.);
#259=FACE_OUTER_BOUND('',#366,.T.);
#260=FACE_OUTER_BOUND('',#367,.T.);
#261=FACE_OUTER_BOUND('',#368,.T.);
#262=FACE_OUTER_BOUND('',#369,.T.);
#263=FACE_OUTER_BOUND('',#370,.T.);
#264=FACE_OUTER_BOUND('',#371,.T.);
#265=FACE_OUTER_BOUND('',#372,.T.);
#266=FACE_OUTER_BOUND('',#373,.T.);
#267=FACE_OUTER_BOUND('',#374,.T.);
#268=FACE_OUTER_BOUND('',#375,.T.);
#269=EDGE_LOOP('',(#1013,#1014,#1015,#1016));
#270=EDGE_LOOP('',(#1017,#1018,#1019,#1020));
#271=EDGE_LOOP('',(#1021,#1022,#1023,#1024));
#272=EDGE_LOOP('',(#1025,#1026,#1027,#1028,#1029,#1030));
#273=EDGE_LOOP('',(#1031,#1032,#1033,#1034));
#274=EDGE_LOOP('',(#1035,#1036,#1037,#1038));
#275=EDGE_LOOP('',(#1039));
#276=EDGE_LOOP('',(#1040,#1041,#1042,#1043));
#277=EDGE_LOOP('',(#1044));
#278=EDGE_LOOP('',(#1045,#1046,#1047,#1048));
#279=EDGE_LOOP('',(#1049));
#280=EDGE_LOOP('',(#1050,#1051,#1052,#1053));
#281=EDGE_LOOP('',(#1054));
#282=EDGE_LOOP('',(#1055,#1056,#1057,#1058));
#283=EDGE_LOOP('',(#1059,#1060,#1061,#1062));
#284=EDGE_LOOP('',(#1063,#1064,#1065,#1066,#1067));
#285=EDGE_LOOP('',(#1068,#1069,#1070,#1071));
#286=EDGE_LOOP('',(#1072,#1073,#1074,#1075));
#287=EDGE_LOOP('',(#1076,#1077,#1078,#1079));
#288=EDGE_LOOP('',(#1080,#1081,#1082,#1083,#1084));
#289=EDGE_LOOP('',(#1085,#1086,#1087,#1088));
#290=EDGE_LOOP('',(#1089,#1090,#1091,#1092));
#291=EDGE_LOOP('',(#1093,#1094,#1095,#1096,#1097,#1098,#1099,#1100));
#292=EDGE_LOOP('',(#1101,#1102,#1103,#1104,#1105,#1106,#1107,#1108));
#293=EDGE_LOOP('',(#1109,#1110,#1111,#1112));
#294=EDGE_LOOP('',(#1113));
#295=EDGE_LOOP('',(#1114));
#296=EDGE_LOOP('',(#1115));
#297=EDGE_LOOP('',(#1116));
#298=EDGE_LOOP('',(#1117,#1118,#1119,#1120));
#299=EDGE_LOOP('',(#1121,#1122,#1123,#1124));
#300=EDGE_LOOP('',(#1125,#1126,#1127,#1128));
#301=EDGE_LOOP('',(#1129,#1130,#1131,#1132));
#302=EDGE_LOOP('',(#1133,#1134,#1135,#1136));
#303=EDGE_LOOP('',(#1137,#1138,#1139,#1140));
#304=EDGE_LOOP('',(#1141,#1142,#1143,#1144));
#305=EDGE_LOOP('',(#1145,#1146,#1147,#1148,#1149,#1150,#1151,#1152,#1153,
#1154,#1155,#1156,#1157,#1158,#1159,#1160));
#306=EDGE_LOOP('',(#1161,#1162,#1163,#1164));
#307=EDGE_LOOP('',(#1165,#1166,#1167,#1168));
#308=EDGE_LOOP('',(#1169,#1170,#1171,#1172,#1173,#1174,#1175,#1176));
#309=EDGE_LOOP('',(#1177,#1178,#1179,#1180));
#310=EDGE_LOOP('',(#1181,#1182,#1183,#1184,#1185,#1186,#1187,#1188));
#311=EDGE_LOOP('',(#1189,#1190,#1191,#1192));
#312=EDGE_LOOP('',(#1193,#1194,#1195,#1196));
#313=EDGE_LOOP('',(#1197,#1198,#1199,#1200,#1201));
#314=EDGE_LOOP('',(#1202,#1203,#1204,#1205));
#315=EDGE_LOOP('',(#1206,#1207,#1208,#1209,#1210,#1211,#1212,#1213));
#316=EDGE_LOOP('',(#1214,#1215,#1216,#1217,#1218,#1219,#1220,#1221));
#317=EDGE_LOOP('',(#1222,#1223,#1224,#1225));
#318=EDGE_LOOP('',(#1226));
#319=EDGE_LOOP('',(#1227,#1228,#1229,#1230,#1231,#1232,#1233,#1234));
#320=EDGE_LOOP('',(#1235,#1236,#1237,#1238,#1239,#1240,#1241,#1242));
#321=EDGE_LOOP('',(#1243,#1244,#1245,#1246));
#322=EDGE_LOOP('',(#1247,#1248,#1249,#1250));
#323=EDGE_LOOP('',(#1251,#1252,#1253,#1254));
#324=EDGE_LOOP('',(#1255,#1256,#1257,#1258,#1259));
#325=EDGE_LOOP('',(#1260,#1261,#1262,#1263,#1264,#1265,#1266,#1267));
#326=EDGE_LOOP('',(#1268,#1269,#1270,#1271,#1272,#1273,#1274,#1275));
#327=EDGE_LOOP('',(#1276,#1277,#1278,#1279));
#328=EDGE_LOOP('',(#1280,#1281,#1282,#1283,#1284));
#329=EDGE_LOOP('',(#1285,#1286,#1287,#1288));
#330=EDGE_LOOP('',(#1289,#1290,#1291,#1292));
#331=EDGE_LOOP('',(#1293,#1294,#1295,#1296,#1297,#1298,#1299,#1300));
#332=EDGE_LOOP('',(#1301,#1302,#1303,#1304,#1305,#1306,#1307,#1308));
#333=EDGE_LOOP('',(#1309,#1310,#1311,#1312));
#334=EDGE_LOOP('',(#1313,#1314,#1315,#1316,#1317));
#335=EDGE_LOOP('',(#1318,#1319,#1320,#1321));
#336=EDGE_LOOP('',(#1322,#1323,#1324,#1325));
#337=EDGE_LOOP('',(#1326,#1327,#1328,#1329,#1330,#1331,#1332,#1333));
#338=EDGE_LOOP('',(#1334,#1335,#1336,#1337,#1338,#1339,#1340,#1341));
#339=EDGE_LOOP('',(#1342,#1343,#1344));
#340=EDGE_LOOP('',(#1345,#1346,#1347));
#341=EDGE_LOOP('',(#1348,#1349,#1350));
#342=EDGE_LOOP('',(#1351,#1352,#1353));
#343=EDGE_LOOP('',(#1354,#1355,#1356));
#344=EDGE_LOOP('',(#1357,#1358,#1359,#1360));
#345=EDGE_LOOP('',(#1361,#1362,#1363,#1364,#1365,#1366,#1367,#1368));
#346=EDGE_LOOP('',(#1369,#1370,#1371,#1372,#1373,#1374,#1375,#1376));
#347=EDGE_LOOP('',(#1377));
#348=EDGE_LOOP('',(#1378,#1379,#1380,#1381));
#349=EDGE_LOOP('',(#1382));
#350=EDGE_LOOP('',(#1383));
#351=EDGE_LOOP('',(#1384));
#352=EDGE_LOOP('',(#1385));
#353=EDGE_LOOP('',(#1386,#1387,#1388,#1389));
#354=EDGE_LOOP('',(#1390,#1391,#1392));
#355=EDGE_LOOP('',(#1393,#1394,#1395,#1396));
#356=EDGE_LOOP('',(#1397,#1398,#1399,#1400));
#357=EDGE_LOOP('',(#1401,#1402,#1403));
#358=EDGE_LOOP('',(#1404,#1405,#1406,#1407));
#359=EDGE_LOOP('',(#1408,#1409,#1410,#1411));
#360=EDGE_LOOP('',(#1412,#1413,#1414));
#361=EDGE_LOOP('',(#1415,#1416,#1417,#1418));
#362=EDGE_LOOP('',(#1419,#1420,#1421,#1422));
#363=EDGE_LOOP('',(#1423,#1424,#1425,#1426));
#364=EDGE_LOOP('',(#1427,#1428,#1429,#1430));
#365=EDGE_LOOP('',(#1431,#1432,#1433,#1434));
#366=EDGE_LOOP('',(#1435,#1436,#1437,#1438));
#367=EDGE_LOOP('',(#1439,#1440,#1441,#1442));
#368=EDGE_LOOP('',(#1443,#1444,#1445,#1446));
#369=EDGE_LOOP('',(#1447,#1448,#1449,#1450));
#370=EDGE_LOOP('',(#1451,#1452,#1453,#1454));
#371=EDGE_LOOP('',(#1455,#1456,#1457,#1458));
#372=EDGE_LOOP('',(#1459,#1460,#1461,#1462));
#373=EDGE_LOOP('',(#1463,#1464,#1465,#1466));
#374=EDGE_LOOP('',(#1467,#1468,#1469,#1470));
#375=EDGE_LOOP('',(#1471,#1472,#1473,#1474));
#376=LINE('',#2259,#507);
#377=LINE('',#2261,#508);
#378=LINE('',#2263,#509);
#379=LINE('',#2264,#510);
#380=LINE('',#2268,#511);
#381=LINE('',#2270,#512);
#382=LINE('',#2272,#513);
#383=LINE('',#2273,#514);
#384=LINE('',#2275,#515);
#385=LINE('',#2276,#516);
#386=LINE('',#2279,#517);
#387=LINE('',#2281,#518);
#388=LINE('',#2282,#519);
#389=LINE('',#2287,#520);
#390=LINE('',#2293,#521);
#391=LINE('',#2300,#522);
#392=LINE('',#2307,#523);
#393=LINE('',#2314,#524);
#394=LINE('',#2322,#525);
#395=LINE('',#2325,#526);
#396=LINE('',#2328,#527);
#397=LINE('',#2330,#528);
#398=LINE('',#2331,#529);
#399=LINE('',#2334,#530);
#400=LINE('',#2338,#531);
#401=LINE('',#2342,#532);
#402=LINE('',#2343,#533);
#403=LINE('',#2348,#534);
#404=LINE('',#2352,#535);
#405=LINE('',#2354,#536);
#406=LINE('',#2355,#537);
#407=LINE('',#2364,#538);
#408=LINE('',#2367,#539);
#409=LINE('',#2370,#540);
#410=LINE('',#2372,#541);
#411=LINE('',#2373,#542);
#412=LINE('',#2374,#543);
#413=LINE('',#2377,#544);
#414=LINE('',#2381,#545);
#415=LINE('',#2385,#546);
#416=LINE('',#2389,#547);
#417=LINE('',#2391,#548);
#418=LINE('',#2393,#549);
#419=LINE('',#2394,#550);
#420=LINE('',#2397,#551);
#421=LINE('',#2401,#552);
#422=LINE('',#2402,#553);
#423=LINE('',#2405,#554);
#424=LINE('',#2409,#555);
#425=LINE('',#2410,#556);
#426=LINE('',#2413,#557);
#427=LINE('',#2416,#558);
#428=LINE('',#2420,#559);
#429=LINE('',#2421,#560);
#430=LINE('',#2422,#561);
#431=LINE('',#2425,#562);
#432=LINE('',#2426,#563);
#433=LINE('',#2427,#564);
#434=LINE('',#2430,#565);
#435=LINE('',#2431,#566);
#436=LINE('',#2433,#567);
#437=LINE('',#2436,#568);
#438=LINE('',#2591,#569);
#439=LINE('',#2604,#570);
#440=LINE('',#2608,#571);
#441=LINE('',#2611,#572);
#442=LINE('',#2614,#573);
#443=LINE('',#2618,#574);
#444=LINE('',#2622,#575);
#445=LINE('',#2626,#576);
#446=LINE('',#2628,#577);
#447=LINE('',#2630,#578);
#448=LINE('',#2631,#579);
#449=LINE('',#2636,#580);
#450=LINE('',#2638,#581);
#451=LINE('',#2640,#582);
#452=LINE('',#2642,#583);
#453=LINE('',#2644,#584);
#454=LINE('',#2646,#585);
#455=LINE('',#2648,#586);
#456=LINE('',#2649,#587);
#457=LINE('',#2652,#588);
#458=LINE('',#2821,#589);
#459=LINE('',#2825,#590);
#460=LINE('',#2827,#591);
#461=LINE('',#2830,#592);
#462=LINE('',#2979,#593);
#463=LINE('',#2983,#594);
#464=LINE('',#2985,#595);
#465=LINE('',#2988,#596);
#466=LINE('',#3127,#597);
#467=LINE('',#3131,#598);
#468=LINE('',#3133,#599);
#469=LINE('',#3136,#600);
#470=LINE('',#3148,#601);
#471=LINE('',#3149,#602);
#472=LINE('',#3152,#603);
#473=LINE('',#3156,#604);
#474=LINE('',#3160,#605);
#475=LINE('',#3163,#606);
#476=LINE('',#3166,#607);
#477=LINE('',#3168,#608);
#478=LINE('',#3170,#609);
#479=LINE('',#3172,#610);
#480=LINE('',#3174,#611);
#481=LINE('',#3176,#612);
#482=LINE('',#3178,#613);
#483=LINE('',#3179,#614);
#484=LINE('',#3184,#615);
#485=LINE('',#3186,#616);
#486=LINE('',#3188,#617);
#487=LINE('',#3189,#618);
#488=LINE('',#3191,#619);
#489=LINE('',#3195,#620);
#490=LINE('',#3197,#621);
#491=LINE('',#3199,#622);
#492=LINE('',#3202,#623);
#493=LINE('',#3204,#624);
#494=LINE('',#3210,#625);
#495=LINE('',#3211,#626);
#496=LINE('',#3213,#627);
#497=LINE('',#3215,#628);
#498=LINE('',#3217,#629);
#499=LINE('',#3219,#630);
#500=LINE('',#3221,#631);
#501=LINE('',#3223,#632);
#502=LINE('',#3226,#633);
#503=LINE('',#3228,#634);
#504=LINE('',#3229,#635);
#505=LINE('',#3231,#636);
#506=LINE('',#3233,#637);
#507=VECTOR('',#1796,10.);
#508=VECTOR('',#1797,10.);
#509=VECTOR('',#1798,10.);
#510=VECTOR('',#1799,10.);
#511=VECTOR('',#1802,10.);
#512=VECTOR('',#1803,10.);
#513=VECTOR('',#1804,10.);
#514=VECTOR('',#1805,10.);
#515=VECTOR('',#1808,10.);
#516=VECTOR('',#1809,10.);
#517=VECTOR('',#1812,10.);
#518=VECTOR('',#1813,10.);
#519=VECTOR('',#1814,10.);
#520=VECTOR('',#1819,10.);
#521=VECTOR('',#1826,1.35);
#522=VECTOR('',#1835,1.35);
#523=VECTOR('',#1844,1.35);
#524=VECTOR('',#1853,1.35);
#525=VECTOR('',#1862,10.);
#526=VECTOR('',#1865,10.);
#527=VECTOR('',#1868,10.);
#528=VECTOR('',#1869,10.);
#529=VECTOR('',#1870,10.);
#530=VECTOR('',#1873,10.);
#531=VECTOR('',#1876,10.);
#532=VECTOR('',#1881,10.);
#533=VECTOR('',#1882,10.);
#534=VECTOR('',#1887,10.);
#535=VECTOR('',#1892,10.);
#536=VECTOR('',#1893,10.);
#537=VECTOR('',#1894,10.);
#538=VECTOR('',#1905,10.);
#539=VECTOR('',#1908,10.);
#540=VECTOR('',#1911,10.);
#541=VECTOR('',#1912,10.);
#542=VECTOR('',#1913,10.);
#543=VECTOR('',#1914,10.);
#544=VECTOR('',#1917,10.);
#545=VECTOR('',#1920,10.);
#546=VECTOR('',#1923,10.);
#547=VECTOR('',#1926,10.);
#548=VECTOR('',#1927,10.);
#549=VECTOR('',#1928,10.);
#550=VECTOR('',#1929,10.);
#551=VECTOR('',#1932,10.);
#552=VECTOR('',#1937,10.);
#553=VECTOR('',#1938,10.);
#554=VECTOR('',#1941,10.);
#555=VECTOR('',#1946,10.);
#556=VECTOR('',#1947,10.);
#557=VECTOR('',#1950,10.);
#558=VECTOR('',#1955,10.);
#559=VECTOR('',#1958,10.);
#560=VECTOR('',#1959,10.);
#561=VECTOR('',#1960,10.);
#562=VECTOR('',#1963,10.);
#563=VECTOR('',#1964,10.);
#564=VECTOR('',#1965,10.);
#565=VECTOR('',#1968,10.);
#566=VECTOR('',#1969,10.);
#567=VECTOR('',#1972,10.);
#568=VECTOR('',#1977,10.);
#569=VECTOR('',#2002,10.);
#570=VECTOR('',#2003,10.);
#571=VECTOR('',#2006,10.);
#572=VECTOR('',#2009,10.);
#573=VECTOR('',#2012,10.);
#574=VECTOR('',#2015,10.);
#575=VECTOR('',#2018,10.);
#576=VECTOR('',#2021,10.);
#577=VECTOR('',#2022,10.);
#578=VECTOR('',#2023,10.);
#579=VECTOR('',#2024,10.);
#580=VECTOR('',#2027,10.);
#581=VECTOR('',#2028,10.);
#582=VECTOR('',#2029,10.);
#583=VECTOR('',#2030,10.);
#584=VECTOR('',#2031,10.);
#585=VECTOR('',#2032,10.);
#586=VECTOR('',#2033,10.);
#587=VECTOR('',#2034,10.);
#588=VECTOR('',#2037,1.35);
#589=VECTOR('',#2060,10.);
#590=VECTOR('',#2063,10.);
#591=VECTOR('',#2066,10.);
#592=VECTOR('',#2069,1.35);
#593=VECTOR('',#2094,10.);
#594=VECTOR('',#2097,10.);
#595=VECTOR('',#2100,10.);
#596=VECTOR('',#2103,1.35);
#597=VECTOR('',#2128,10.);
#598=VECTOR('',#2131,10.);
#599=VECTOR('',#2134,10.);
#600=VECTOR('',#2137,1.35);
#601=VECTOR('',#2156,10.);
#602=VECTOR('',#2157,10.);
#603=VECTOR('',#2160,10.);
#604=VECTOR('',#2163,10.);
#605=VECTOR('',#2166,10.);
#606=VECTOR('',#2169,10.);
#607=VECTOR('',#2170,10.);
#608=VECTOR('',#2171,10.);
#609=VECTOR('',#2172,10.);
#610=VECTOR('',#2173,10.);
#611=VECTOR('',#2174,10.);
#612=VECTOR('',#2175,10.);
#613=VECTOR('',#2176,10.);
#614=VECTOR('',#2177,10.);
#615=VECTOR('',#2180,10.);
#616=VECTOR('',#2181,10.);
#617=VECTOR('',#2182,10.);
#618=VECTOR('',#2183,10.);
#619=VECTOR('',#2186,10.);
#620=VECTOR('',#2193,10.);
#621=VECTOR('',#2196,10.);
#622=VECTOR('',#2199,10.);
#623=VECTOR('',#2204,10.);
#624=VECTOR('',#2207,10.);
#625=VECTOR('',#2218,10.);
#626=VECTOR('',#2219,10.);
#627=VECTOR('',#2222,10.);
#628=VECTOR('',#2225,10.);
#629=VECTOR('',#2228,10.);
#630=VECTOR('',#2231,10.);
#631=VECTOR('',#2234,10.);
#632=VECTOR('',#2237,10.);
#633=VECTOR('',#2242,3.64);
#634=VECTOR('',#2245,10.);
#635=VECTOR('',#2246,10.);
#636=VECTOR('',#2249,10.);
#637=VECTOR('',#2252,10.);
#638=VERTEX_POINT('',#2257);
#639=VERTEX_POINT('',#2258);
#640=VERTEX_POINT('',#2260);
#641=VERTEX_POINT('',#2262);
#642=VERTEX_POINT('',#2266);
#643=VERTEX_POINT('',#2267);
#644=VERTEX_POINT('',#2269);
#645=VERTEX_POINT('',#2271);
#646=VERTEX_POINT('',#2278);
#647=VERTEX_POINT('',#2280);
#648=VERTEX_POINT('',#2284);
#649=VERTEX_POINT('',#2286);
#650=VERTEX_POINT('',#2290);
#651=VERTEX_POINT('',#2292);
#652=VERTEX_POINT('',#2297);
#653=VERTEX_POINT('',#2299);
#654=VERTEX_POINT('',#2304);
#655=VERTEX_POINT('',#2306);
#656=VERTEX_POINT('',#2311);
#657=VERTEX_POINT('',#2313);
#658=VERTEX_POINT('',#2318);
#659=VERTEX_POINT('',#2319);
#660=VERTEX_POINT('',#2321);
#661=VERTEX_POINT('',#2323);
#662=VERTEX_POINT('',#2327);
#663=VERTEX_POINT('',#2329);
#664=VERTEX_POINT('',#2333);
#665=VERTEX_POINT('',#2335);
#666=VERTEX_POINT('',#2337);
#667=VERTEX_POINT('',#2341);
#668=VERTEX_POINT('',#2345);
#669=VERTEX_POINT('',#2347);
#670=VERTEX_POINT('',#2351);
#671=VERTEX_POINT('',#2353);
#672=VERTEX_POINT('',#2360);
#673=VERTEX_POINT('',#2361);
#674=VERTEX_POINT('',#2363);
#675=VERTEX_POINT('',#2365);
#676=VERTEX_POINT('',#2369);
#677=VERTEX_POINT('',#2371);
#678=VERTEX_POINT('',#2376);
#679=VERTEX_POINT('',#2378);
#680=VERTEX_POINT('',#2380);
#681=VERTEX_POINT('',#2382);
#682=VERTEX_POINT('',#2384);
#683=VERTEX_POINT('',#2387);
#684=VERTEX_POINT('',#2388);
#685=VERTEX_POINT('',#2390);
#686=VERTEX_POINT('',#2392);
#687=VERTEX_POINT('',#2396);
#688=VERTEX_POINT('',#2400);
#689=VERTEX_POINT('',#2404);
#690=VERTEX_POINT('',#2408);
#691=VERTEX_POINT('',#2412);
#692=VERTEX_POINT('',#2418);
#693=VERTEX_POINT('',#2419);
#694=VERTEX_POINT('',#2424);
#695=VERTEX_POINT('',#2429);
#696=VERTEX_POINT('',#2439);
#697=VERTEX_POINT('',#2440);
#698=VERTEX_POINT('',#2442);
#699=VERTEX_POINT('',#2444);
#700=VERTEX_POINT('',#2448);
#701=VERTEX_POINT('',#2449);
#702=VERTEX_POINT('',#2451);
#703=VERTEX_POINT('',#2453);
#704=VERTEX_POINT('',#2512);
#705=VERTEX_POINT('',#2590);
#706=VERTEX_POINT('',#2592);
#707=VERTEX_POINT('',#2603);
#708=VERTEX_POINT('',#2605);
#709=VERTEX_POINT('',#2607);
#710=VERTEX_POINT('',#2609);
#711=VERTEX_POINT('',#2613);
#712=VERTEX_POINT('',#2615);
#713=VERTEX_POINT('',#2617);
#714=VERTEX_POINT('',#2619);
#715=VERTEX_POINT('',#2621);
#716=VERTEX_POINT('',#2624);
#717=VERTEX_POINT('',#2625);
#718=VERTEX_POINT('',#2627);
#719=VERTEX_POINT('',#2629);
#720=VERTEX_POINT('',#2632);
#721=VERTEX_POINT('',#2634);
#722=VERTEX_POINT('',#2635);
#723=VERTEX_POINT('',#2637);
#724=VERTEX_POINT('',#2639);
#725=VERTEX_POINT('',#2641);
#726=VERTEX_POINT('',#2643);
#727=VERTEX_POINT('',#2645);
#728=VERTEX_POINT('',#2647);
#729=VERTEX_POINT('',#2651);
#730=VERTEX_POINT('',#2655);
#731=VERTEX_POINT('',#2657);
#732=VERTEX_POINT('',#2659);
#733=VERTEX_POINT('',#2663);
#734=VERTEX_POINT('',#2665);
#735=VERTEX_POINT('',#2795);
#736=VERTEX_POINT('',#2811);
#737=VERTEX_POINT('',#2820);
#738=VERTEX_POINT('',#2822);
#739=VERTEX_POINT('',#2824);
#740=VERTEX_POINT('',#2829);
#741=VERTEX_POINT('',#2833);
#742=VERTEX_POINT('',#2835);
#743=VERTEX_POINT('',#2837);
#744=VERTEX_POINT('',#2841);
#745=VERTEX_POINT('',#2843);
#746=VERTEX_POINT('',#2845);
#747=VERTEX_POINT('',#2969);
#748=VERTEX_POINT('',#2978);
#749=VERTEX_POINT('',#2980);
#750=VERTEX_POINT('',#2982);
#751=VERTEX_POINT('',#2987);
#752=VERTEX_POINT('',#2991);
#753=VERTEX_POINT('',#2993);
#754=VERTEX_POINT('',#2995);
#755=VERTEX_POINT('',#2999);
#756=VERTEX_POINT('',#3001);
#757=VERTEX_POINT('',#3003);
#758=VERTEX_POINT('',#3128);
#759=VERTEX_POINT('',#3130);
#760=VERTEX_POINT('',#3135);
#761=VERTEX_POINT('',#3145);
#762=VERTEX_POINT('',#3146);
#763=VERTEX_POINT('',#3151);
#764=VERTEX_POINT('',#3153);
#765=VERTEX_POINT('',#3155);
#766=VERTEX_POINT('',#3157);
#767=VERTEX_POINT('',#3159);
#768=VERTEX_POINT('',#3161);
#769=VERTEX_POINT('',#3164);
#770=VERTEX_POINT('',#3165);
#771=VERTEX_POINT('',#3167);
#772=VERTEX_POINT('',#3169);
#773=VERTEX_POINT('',#3171);
#774=VERTEX_POINT('',#3173);
#775=VERTEX_POINT('',#3175);
#776=VERTEX_POINT('',#3177);
#777=VERTEX_POINT('',#3180);
#778=VERTEX_POINT('',#3182);
#779=VERTEX_POINT('',#3183);
#780=VERTEX_POINT('',#3185);
#781=VERTEX_POINT('',#3187);
#782=EDGE_CURVE('',#638,#639,#376,.T.);
#783=EDGE_CURVE('',#638,#640,#377,.T.);
#784=EDGE_CURVE('',#640,#641,#378,.T.);
#785=EDGE_CURVE('',#639,#641,#379,.T.);
#786=EDGE_CURVE('',#642,#643,#380,.T.);
#787=EDGE_CURVE('',#642,#644,#381,.T.);
#788=EDGE_CURVE('',#644,#645,#382,.T.);
#789=EDGE_CURVE('',#643,#645,#383,.T.);
#790=EDGE_CURVE('',#639,#642,#384,.T.);
#791=EDGE_CURVE('',#641,#644,#385,.T.);
#792=EDGE_CURVE('',#646,#640,#386,.T.);
#793=EDGE_CURVE('',#647,#646,#387,.T.);
#794=EDGE_CURVE('',#645,#647,#388,.T.);
#795=EDGE_CURVE('',#646,#648,#96,.T.);
#796=EDGE_CURVE('',#649,#648,#389,.T.);
#797=EDGE_CURVE('',#649,#647,#97,.T.);
#798=EDGE_CURVE('',#650,#650,#98,.T.);
#799=EDGE_CURVE('',#650,#651,#390,.T.);
#800=EDGE_CURVE('',#651,#651,#99,.T.);
#801=EDGE_CURVE('',#652,#652,#100,.T.);
#802=EDGE_CURVE('',#652,#653,#391,.T.);
#803=EDGE_CURVE('',#653,#653,#101,.T.);
#804=EDGE_CURVE('',#654,#654,#102,.T.);
#805=EDGE_CURVE('',#654,#655,#392,.T.);
#806=EDGE_CURVE('',#655,#655,#103,.T.);
#807=EDGE_CURVE('',#656,#656,#104,.T.);
#808=EDGE_CURVE('',#656,#657,#393,.T.);
#809=EDGE_CURVE('',#657,#657,#105,.T.);
#810=EDGE_CURVE('',#658,#659,#106,.T.);
#811=EDGE_CURVE('',#659,#660,#394,.T.);
#812=EDGE_CURVE('',#660,#661,#107,.T.);
#813=EDGE_CURVE('',#661,#658,#395,.T.);
#814=EDGE_CURVE('',#662,#659,#396,.T.);
#815=EDGE_CURVE('',#663,#662,#397,.T.);
#816=EDGE_CURVE('',#660,#663,#398,.T.);
#817=EDGE_CURVE('',#649,#664,#399,.T.);
#818=EDGE_CURVE('',#664,#665,#108,.T.);
#819=EDGE_CURVE('',#665,#666,#400,.T.);
#820=EDGE_CURVE('',#647,#666,#109,.T.);
#821=EDGE_CURVE('',#667,#648,#401,.T.);
#822=EDGE_CURVE('',#664,#667,#402,.T.);
#823=EDGE_CURVE('',#662,#668,#110,.T.);
#824=EDGE_CURVE('',#668,#669,#403,.T.);
#825=EDGE_CURVE('',#669,#663,#111,.T.);
#826=EDGE_CURVE('',#670,#668,#404,.T.);
#827=EDGE_CURVE('',#671,#670,#405,.T.);
#828=EDGE_CURVE('',#671,#669,#406,.T.);
#829=EDGE_CURVE('',#671,#646,#112,.T.);
#830=EDGE_CURVE('',#670,#667,#113,.T.);
#831=EDGE_CURVE('',#672,#673,#114,.T.);
#832=EDGE_CURVE('',#673,#674,#407,.T.);
#833=EDGE_CURVE('',#674,#675,#115,.T.);
#834=EDGE_CURVE('',#675,#672,#408,.T.);
#835=EDGE_CURVE('',#676,#673,#409,.F.);
#836=EDGE_CURVE('',#677,#676,#410,.T.);
#837=EDGE_CURVE('',#674,#677,#411,.T.);
#838=EDGE_CURVE('',#658,#665,#412,.T.);
#839=EDGE_CURVE('',#672,#678,#413,.F.);
#840=EDGE_CURVE('',#679,#678,#116,.T.);
#841=EDGE_CURVE('',#679,#680,#414,.F.);
#842=EDGE_CURVE('',#681,#680,#117,.T.);
#843=EDGE_CURVE('',#681,#682,#415,.F.);
#844=EDGE_CURVE('',#676,#682,#118,.T.);
#845=EDGE_CURVE('',#683,#684,#416,.T.);
#846=EDGE_CURVE('',#684,#685,#417,.T.);
#847=EDGE_CURVE('',#685,#686,#418,.T.);
#848=EDGE_CURVE('',#686,#683,#419,.T.);
#849=EDGE_CURVE('',#682,#687,#420,.T.);
#850=EDGE_CURVE('',#687,#677,#119,.T.);
#851=EDGE_CURVE('',#688,#681,#421,.T.);
#852=EDGE_CURVE('',#687,#688,#422,.T.);
#853=EDGE_CURVE('',#680,#689,#423,.T.);
#854=EDGE_CURVE('',#689,#688,#120,.T.);
#855=EDGE_CURVE('',#690,#679,#424,.T.);
#856=EDGE_CURVE('',#689,#690,#425,.T.);
#857=EDGE_CURVE('',#678,#691,#426,.T.);
#858=EDGE_CURVE('',#691,#690,#121,.T.);
#859=EDGE_CURVE('',#661,#666,#427,.T.);
#860=EDGE_CURVE('',#692,#693,#428,.T.);
#861=EDGE_CURVE('',#693,#684,#429,.T.);
#862=EDGE_CURVE('',#692,#683,#430,.T.);
#863=EDGE_CURVE('',#638,#694,#431,.T.);
#864=EDGE_CURVE('',#694,#685,#432,.T.);
#865=EDGE_CURVE('',#693,#643,#433,.T.);
#866=EDGE_CURVE('',#694,#695,#434,.T.);
#867=EDGE_CURVE('',#695,#686,#435,.T.);
#868=EDGE_CURVE('',#695,#692,#436,.T.);
#869=EDGE_CURVE('',#691,#675,#437,.T.);
#870=EDGE_CURVE('',#696,#697,#122,.T.);
#871=EDGE_CURVE('',#697,#698,#123,.T.);
#872=EDGE_CURVE('',#698,#699,#124,.T.);
#873=EDGE_CURVE('',#699,#696,#125,.T.);
#874=EDGE_CURVE('',#700,#701,#126,.T.);
#875=EDGE_CURVE('',#701,#702,#127,.T.);
#876=EDGE_CURVE('',#702,#703,#128,.T.);
#877=EDGE_CURVE('',#703,#700,#129,.T.);
#878=EDGE_CURVE('',#700,#699,#17,.T.);
#879=EDGE_CURVE('',#698,#704,#18,.T.);
#880=EDGE_CURVE('',#704,#701,#19,.T.);
#881=EDGE_CURVE('',#696,#703,#20,.T.);
#882=EDGE_CURVE('',#702,#697,#21,.T.);
#883=EDGE_CURVE('',#700,#705,#438,.T.);
#884=EDGE_CURVE('',#706,#705,#22,.T.);
#885=EDGE_CURVE('',#706,#707,#439,.T.);
#886=EDGE_CURVE('',#708,#707,#130,.T.);
#887=EDGE_CURVE('',#708,#709,#440,.T.);
#888=EDGE_CURVE('',#710,#709,#131,.T.);
#889=EDGE_CURVE('',#710,#699,#441,.T.);
#890=EDGE_CURVE('',#711,#703,#442,.T.);
#891=EDGE_CURVE('',#712,#711,#132,.T.);
#892=EDGE_CURVE('',#713,#712,#443,.T.);
#893=EDGE_CURVE('',#714,#713,#133,.T.);
#894=EDGE_CURVE('',#715,#714,#444,.T.);
#895=EDGE_CURVE('',#705,#715,#134,.T.);
#896=EDGE_CURVE('',#716,#717,#445,.T.);
#897=EDGE_CURVE('',#717,#718,#446,.T.);
#898=EDGE_CURVE('',#718,#719,#447,.T.);
#899=EDGE_CURVE('',#719,#716,#448,.T.);
#900=EDGE_CURVE('',#720,#720,#135,.T.);
#901=EDGE_CURVE('',#721,#722,#449,.T.);
#902=EDGE_CURVE('',#722,#723,#450,.T.);
#903=EDGE_CURVE('',#723,#724,#451,.T.);
#904=EDGE_CURVE('',#724,#725,#452,.T.);
#905=EDGE_CURVE('',#725,#726,#453,.T.);
#906=EDGE_CURVE('',#726,#727,#454,.T.);
#907=EDGE_CURVE('',#727,#728,#455,.T.);
#908=EDGE_CURVE('',#728,#721,#456,.T.);
#909=EDGE_CURVE('',#704,#729,#457,.T.);
#910=EDGE_CURVE('',#729,#729,#136,.T.);
#911=EDGE_CURVE('',#706,#730,#137,.T.);
#912=EDGE_CURVE('',#730,#731,#138,.T.);
#913=EDGE_CURVE('',#731,#732,#139,.T.);
#914=EDGE_CURVE('',#732,#706,#140,.T.);
#915=EDGE_CURVE('',#715,#733,#141,.T.);
#916=EDGE_CURVE('',#733,#734,#142,.T.);
#917=EDGE_CURVE('',#734,#705,#143,.T.);
#918=EDGE_CURVE('',#715,#732,#23,.T.);
#919=EDGE_CURVE('',#731,#733,#24,.T.);
#920=EDGE_CURVE('',#734,#735,#25,.T.);
#921=EDGE_CURVE('',#735,#730,#26,.T.);
#922=EDGE_CURVE('',#736,#714,#27,.T.);
#923=EDGE_CURVE('',#736,#737,#458,.T.);
#924=EDGE_CURVE('',#738,#737,#144,.T.);
#925=EDGE_CURVE('',#738,#739,#459,.T.);
#926=EDGE_CURVE('',#707,#739,#145,.T.);
#927=EDGE_CURVE('',#707,#732,#460,.T.);
#928=EDGE_CURVE('',#735,#740,#461,.T.);
#929=EDGE_CURVE('',#740,#740,#146,.T.);
#930=EDGE_CURVE('',#736,#741,#147,.T.);
#931=EDGE_CURVE('',#741,#742,#148,.T.);
#932=EDGE_CURVE('',#742,#743,#149,.T.);
#933=EDGE_CURVE('',#743,#736,#150,.T.);
#934=EDGE_CURVE('',#713,#744,#151,.T.);
#935=EDGE_CURVE('',#744,#745,#152,.T.);
#936=EDGE_CURVE('',#745,#746,#153,.T.);
#937=EDGE_CURVE('',#746,#714,#154,.T.);
#938=EDGE_CURVE('',#713,#743,#28,.T.);
#939=EDGE_CURVE('',#742,#744,#29,.T.);
#940=EDGE_CURVE('',#746,#741,#30,.T.);
#941=EDGE_CURVE('',#747,#712,#31,.T.);
#942=EDGE_CURVE('',#747,#748,#462,.T.);
#943=EDGE_CURVE('',#749,#748,#155,.T.);
#944=EDGE_CURVE('',#749,#750,#463,.T.);
#945=EDGE_CURVE('',#737,#750,#156,.T.);
#946=EDGE_CURVE('',#737,#743,#464,.T.);
#947=EDGE_CURVE('',#745,#751,#465,.T.);
#948=EDGE_CURVE('',#751,#751,#157,.T.);
#949=EDGE_CURVE('',#747,#752,#158,.T.);
#950=EDGE_CURVE('',#752,#753,#159,.T.);
#951=EDGE_CURVE('',#753,#754,#160,.T.);
#952=EDGE_CURVE('',#754,#747,#161,.T.);
#953=EDGE_CURVE('',#711,#755,#162,.T.);
#954=EDGE_CURVE('',#755,#756,#163,.T.);
#955=EDGE_CURVE('',#756,#757,#164,.T.);
#956=EDGE_CURVE('',#757,#712,#165,.T.);
#957=EDGE_CURVE('',#711,#754,#32,.T.);
#958=EDGE_CURVE('',#753,#755,#33,.T.);
#959=EDGE_CURVE('',#757,#752,#34,.T.);
#960=EDGE_CURVE('',#696,#710,#466,.T.);
#961=EDGE_CURVE('',#758,#710,#166,.T.);
#962=EDGE_CURVE('',#758,#759,#467,.T.);
#963=EDGE_CURVE('',#748,#759,#167,.T.);
#964=EDGE_CURVE('',#748,#754,#468,.T.);
#965=EDGE_CURVE('',#756,#760,#469,.T.);
#966=EDGE_CURVE('',#760,#760,#168,.T.);
#967=EDGE_CURVE('',#759,#749,#169,.T.);
#968=EDGE_CURVE('',#761,#762,#170,.T.);
#969=EDGE_CURVE('',#762,#749,#470,.T.);
#970=EDGE_CURVE('',#759,#761,#471,.T.);
#971=EDGE_CURVE('',#761,#763,#472,.T.);
#972=EDGE_CURVE('',#764,#763,#171,.T.);
#973=EDGE_CURVE('',#764,#765,#473,.T.);
#974=EDGE_CURVE('',#766,#765,#172,.T.);
#975=EDGE_CURVE('',#766,#767,#474,.T.);
#976=EDGE_CURVE('',#768,#767,#173,.T.);
#977=EDGE_CURVE('',#768,#762,#475,.T.);
#978=EDGE_CURVE('',#769,#770,#476,.T.);
#979=EDGE_CURVE('',#771,#769,#477,.T.);
#980=EDGE_CURVE('',#772,#771,#478,.T.);
#981=EDGE_CURVE('',#773,#772,#479,.T.);
#982=EDGE_CURVE('',#774,#773,#480,.T.);
#983=EDGE_CURVE('',#775,#774,#481,.T.);
#984=EDGE_CURVE('',#776,#775,#482,.T.);
#985=EDGE_CURVE('',#770,#776,#483,.T.);
#986=EDGE_CURVE('',#777,#777,#174,.T.);
#987=EDGE_CURVE('',#778,#779,#484,.T.);
#988=EDGE_CURVE('',#780,#778,#485,.T.);
#989=EDGE_CURVE('',#781,#780,#486,.T.);
#990=EDGE_CURVE('',#779,#781,#487,.T.);
#991=EDGE_CURVE('',#763,#758,#488,.T.);
#992=EDGE_CURVE('',#709,#758,#175,.T.);
#993=EDGE_CURVE('',#709,#764,#489,.T.);
#994=EDGE_CURVE('',#767,#738,#490,.T.);
#995=EDGE_CURVE('',#738,#750,#176,.T.);
#996=EDGE_CURVE('',#750,#768,#491,.T.);
#997=EDGE_CURVE('',#739,#766,#492,.T.);
#998=EDGE_CURVE('',#765,#708,#493,.T.);
#999=EDGE_CURVE('',#708,#739,#177,.T.);
#1000=EDGE_CURVE('',#769,#721,#494,.T.);
#1001=EDGE_CURVE('',#771,#728,#495,.T.);
#1002=EDGE_CURVE('',#772,#727,#496,.T.);
#1003=EDGE_CURVE('',#773,#726,#497,.T.);
#1004=EDGE_CURVE('',#774,#725,#498,.T.);
#1005=EDGE_CURVE('',#775,#724,#499,.T.);
#1006=EDGE_CURVE('',#776,#723,#500,.T.);
#1007=EDGE_CURVE('',#770,#722,#501,.T.);
#1008=EDGE_CURVE('',#720,#777,#502,.T.);
#1009=EDGE_CURVE('',#778,#716,#503,.T.);
#1010=EDGE_CURVE('',#780,#719,#504,.T.);
#1011=EDGE_CURVE('',#781,#718,#505,.T.);
#1012=EDGE_CURVE('',#779,#717,#506,.T.);
#1013=ORIENTED_EDGE('',*,*,#782,.F.);
#1014=ORIENTED_EDGE('',*,*,#783,.T.);
#1015=ORIENTED_EDGE('',*,*,#784,.T.);
#1016=ORIENTED_EDGE('',*,*,#785,.F.);
#1017=ORIENTED_EDGE('',*,*,#786,.F.);
#1018=ORIENTED_EDGE('',*,*,#787,.T.);
#1019=ORIENTED_EDGE('',*,*,#788,.T.);
#1020=ORIENTED_EDGE('',*,*,#789,.F.);
#1021=ORIENTED_EDGE('',*,*,#790,.F.);
#1022=ORIENTED_EDGE('',*,*,#785,.T.);
#1023=ORIENTED_EDGE('',*,*,#791,.T.);
#1024=ORIENTED_EDGE('',*,*,#787,.F.);
#1025=ORIENTED_EDGE('',*,*,#791,.F.);
#1026=ORIENTED_EDGE('',*,*,#784,.F.);
#1027=ORIENTED_EDGE('',*,*,#792,.F.);
#1028=ORIENTED_EDGE('',*,*,#793,.F.);
#1029=ORIENTED_EDGE('',*,*,#794,.F.);
#1030=ORIENTED_EDGE('',*,*,#788,.F.);
#1031=ORIENTED_EDGE('',*,*,#793,.T.);
#1032=ORIENTED_EDGE('',*,*,#795,.T.);
#1033=ORIENTED_EDGE('',*,*,#796,.F.);
#1034=ORIENTED_EDGE('',*,*,#797,.T.);
#1035=ORIENTED_EDGE('',*,*,#798,.F.);
#1036=ORIENTED_EDGE('',*,*,#799,.T.);
#1037=ORIENTED_EDGE('',*,*,#800,.T.);
#1038=ORIENTED_EDGE('',*,*,#799,.F.);
#1039=ORIENTED_EDGE('',*,*,#800,.F.);
#1040=ORIENTED_EDGE('',*,*,#801,.F.);
#1041=ORIENTED_EDGE('',*,*,#802,.T.);
#1042=ORIENTED_EDGE('',*,*,#803,.T.);
#1043=ORIENTED_EDGE('',*,*,#802,.F.);
#1044=ORIENTED_EDGE('',*,*,#803,.F.);
#1045=ORIENTED_EDGE('',*,*,#804,.F.);
#1046=ORIENTED_EDGE('',*,*,#805,.T.);
#1047=ORIENTED_EDGE('',*,*,#806,.T.);
#1048=ORIENTED_EDGE('',*,*,#805,.F.);
#1049=ORIENTED_EDGE('',*,*,#806,.F.);
#1050=ORIENTED_EDGE('',*,*,#807,.F.);
#1051=ORIENTED_EDGE('',*,*,#808,.T.);
#1052=ORIENTED_EDGE('',*,*,#809,.T.);
#1053=ORIENTED_EDGE('',*,*,#808,.F.);
#1054=ORIENTED_EDGE('',*,*,#809,.F.);
#1055=ORIENTED_EDGE('',*,*,#810,.T.);
#1056=ORIENTED_EDGE('',*,*,#811,.T.);
#1057=ORIENTED_EDGE('',*,*,#812,.T.);
#1058=ORIENTED_EDGE('',*,*,#813,.T.);
#1059=ORIENTED_EDGE('',*,*,#811,.F.);
#1060=ORIENTED_EDGE('',*,*,#814,.F.);
#1061=ORIENTED_EDGE('',*,*,#815,.F.);
#1062=ORIENTED_EDGE('',*,*,#816,.F.);
#1063=ORIENTED_EDGE('',*,*,#797,.F.);
#1064=ORIENTED_EDGE('',*,*,#817,.T.);
#1065=ORIENTED_EDGE('',*,*,#818,.T.);
#1066=ORIENTED_EDGE('',*,*,#819,.T.);
#1067=ORIENTED_EDGE('',*,*,#820,.F.);
#1068=ORIENTED_EDGE('',*,*,#817,.F.);
#1069=ORIENTED_EDGE('',*,*,#796,.T.);
#1070=ORIENTED_EDGE('',*,*,#821,.F.);
#1071=ORIENTED_EDGE('',*,*,#822,.F.);
#1072=ORIENTED_EDGE('',*,*,#823,.T.);
#1073=ORIENTED_EDGE('',*,*,#824,.T.);
#1074=ORIENTED_EDGE('',*,*,#825,.T.);
#1075=ORIENTED_EDGE('',*,*,#815,.T.);
#1076=ORIENTED_EDGE('',*,*,#824,.F.);
#1077=ORIENTED_EDGE('',*,*,#826,.F.);
#1078=ORIENTED_EDGE('',*,*,#827,.F.);
#1079=ORIENTED_EDGE('',*,*,#828,.T.);
#1080=ORIENTED_EDGE('',*,*,#829,.F.);
#1081=ORIENTED_EDGE('',*,*,#827,.T.);
#1082=ORIENTED_EDGE('',*,*,#830,.T.);
#1083=ORIENTED_EDGE('',*,*,#821,.T.);
#1084=ORIENTED_EDGE('',*,*,#795,.F.);
#1085=ORIENTED_EDGE('',*,*,#831,.T.);
#1086=ORIENTED_EDGE('',*,*,#832,.T.);
#1087=ORIENTED_EDGE('',*,*,#833,.T.);
#1088=ORIENTED_EDGE('',*,*,#834,.T.);
#1089=ORIENTED_EDGE('',*,*,#832,.F.);
#1090=ORIENTED_EDGE('',*,*,#835,.F.);
#1091=ORIENTED_EDGE('',*,*,#836,.F.);
#1092=ORIENTED_EDGE('',*,*,#837,.F.);
#1093=ORIENTED_EDGE('',*,*,#822,.T.);
#1094=ORIENTED_EDGE('',*,*,#830,.F.);
#1095=ORIENTED_EDGE('',*,*,#826,.T.);
#1096=ORIENTED_EDGE('',*,*,#823,.F.);
#1097=ORIENTED_EDGE('',*,*,#814,.T.);
#1098=ORIENTED_EDGE('',*,*,#810,.F.);
#1099=ORIENTED_EDGE('',*,*,#838,.T.);
#1100=ORIENTED_EDGE('',*,*,#818,.F.);
#1101=ORIENTED_EDGE('',*,*,#831,.F.);
#1102=ORIENTED_EDGE('',*,*,#839,.T.);
#1103=ORIENTED_EDGE('',*,*,#840,.F.);
#1104=ORIENTED_EDGE('',*,*,#841,.T.);
#1105=ORIENTED_EDGE('',*,*,#842,.F.);
#1106=ORIENTED_EDGE('',*,*,#843,.T.);
#1107=ORIENTED_EDGE('',*,*,#844,.F.);
#1108=ORIENTED_EDGE('',*,*,#835,.T.);
#1109=ORIENTED_EDGE('',*,*,#845,.T.);
#1110=ORIENTED_EDGE('',*,*,#846,.T.);
#1111=ORIENTED_EDGE('',*,*,#847,.T.);
#1112=ORIENTED_EDGE('',*,*,#848,.T.);
#1113=ORIENTED_EDGE('',*,*,#807,.T.);
#1114=ORIENTED_EDGE('',*,*,#804,.T.);
#1115=ORIENTED_EDGE('',*,*,#801,.T.);
#1116=ORIENTED_EDGE('',*,*,#798,.T.);
#1117=ORIENTED_EDGE('',*,*,#844,.T.);
#1118=ORIENTED_EDGE('',*,*,#849,.T.);
#1119=ORIENTED_EDGE('',*,*,#850,.T.);
#1120=ORIENTED_EDGE('',*,*,#836,.T.);
#1121=ORIENTED_EDGE('',*,*,#849,.F.);
#1122=ORIENTED_EDGE('',*,*,#843,.F.);
#1123=ORIENTED_EDGE('',*,*,#851,.F.);
#1124=ORIENTED_EDGE('',*,*,#852,.F.);
#1125=ORIENTED_EDGE('',*,*,#842,.T.);
#1126=ORIENTED_EDGE('',*,*,#853,.T.);
#1127=ORIENTED_EDGE('',*,*,#854,.T.);
#1128=ORIENTED_EDGE('',*,*,#851,.T.);
#1129=ORIENTED_EDGE('',*,*,#853,.F.);
#1130=ORIENTED_EDGE('',*,*,#841,.F.);
#1131=ORIENTED_EDGE('',*,*,#855,.F.);
#1132=ORIENTED_EDGE('',*,*,#856,.F.);
#1133=ORIENTED_EDGE('',*,*,#840,.T.);
#1134=ORIENTED_EDGE('',*,*,#857,.T.);
#1135=ORIENTED_EDGE('',*,*,#858,.T.);
#1136=ORIENTED_EDGE('',*,*,#855,.T.);
#1137=ORIENTED_EDGE('',*,*,#813,.F.);
#1138=ORIENTED_EDGE('',*,*,#859,.T.);
#1139=ORIENTED_EDGE('',*,*,#819,.F.);
#1140=ORIENTED_EDGE('',*,*,#838,.F.);
#1141=ORIENTED_EDGE('',*,*,#860,.T.);
#1142=ORIENTED_EDGE('',*,*,#861,.T.);
#1143=ORIENTED_EDGE('',*,*,#845,.F.);
#1144=ORIENTED_EDGE('',*,*,#862,.F.);
#1145=ORIENTED_EDGE('',*,*,#828,.F.);
#1146=ORIENTED_EDGE('',*,*,#829,.T.);
#1147=ORIENTED_EDGE('',*,*,#792,.T.);
#1148=ORIENTED_EDGE('',*,*,#783,.F.);
#1149=ORIENTED_EDGE('',*,*,#863,.T.);
#1150=ORIENTED_EDGE('',*,*,#864,.T.);
#1151=ORIENTED_EDGE('',*,*,#846,.F.);
#1152=ORIENTED_EDGE('',*,*,#861,.F.);
#1153=ORIENTED_EDGE('',*,*,#865,.T.);
#1154=ORIENTED_EDGE('',*,*,#789,.T.);
#1155=ORIENTED_EDGE('',*,*,#794,.T.);
#1156=ORIENTED_EDGE('',*,*,#820,.T.);
#1157=ORIENTED_EDGE('',*,*,#859,.F.);
#1158=ORIENTED_EDGE('',*,*,#812,.F.);
#1159=ORIENTED_EDGE('',*,*,#816,.T.);
#1160=ORIENTED_EDGE('',*,*,#825,.F.);
#1161=ORIENTED_EDGE('',*,*,#866,.T.);
#1162=ORIENTED_EDGE('',*,*,#867,.T.);
#1163=ORIENTED_EDGE('',*,*,#847,.F.);
#1164=ORIENTED_EDGE('',*,*,#864,.F.);
#1165=ORIENTED_EDGE('',*,*,#868,.T.);
#1166=ORIENTED_EDGE('',*,*,#862,.T.);
#1167=ORIENTED_EDGE('',*,*,#848,.F.);
#1168=ORIENTED_EDGE('',*,*,#867,.F.);
#1169=ORIENTED_EDGE('',*,*,#786,.T.);
#1170=ORIENTED_EDGE('',*,*,#865,.F.);
#1171=ORIENTED_EDGE('',*,*,#860,.F.);
#1172=ORIENTED_EDGE('',*,*,#868,.F.);
#1173=ORIENTED_EDGE('',*,*,#866,.F.);
#1174=ORIENTED_EDGE('',*,*,#863,.F.);
#1175=ORIENTED_EDGE('',*,*,#782,.T.);
#1176=ORIENTED_EDGE('',*,*,#790,.T.);
#1177=ORIENTED_EDGE('',*,*,#834,.F.);
#1178=ORIENTED_EDGE('',*,*,#869,.F.);
#1179=ORIENTED_EDGE('',*,*,#857,.F.);
#1180=ORIENTED_EDGE('',*,*,#839,.F.);
#1181=ORIENTED_EDGE('',*,*,#833,.F.);
#1182=ORIENTED_EDGE('',*,*,#837,.T.);
#1183=ORIENTED_EDGE('',*,*,#850,.F.);
#1184=ORIENTED_EDGE('',*,*,#852,.T.);
#1185=ORIENTED_EDGE('',*,*,#854,.F.);
#1186=ORIENTED_EDGE('',*,*,#856,.T.);
#1187=ORIENTED_EDGE('',*,*,#858,.F.);
#1188=ORIENTED_EDGE('',*,*,#869,.T.);
#1189=ORIENTED_EDGE('',*,*,#870,.T.);
#1190=ORIENTED_EDGE('',*,*,#871,.T.);
#1191=ORIENTED_EDGE('',*,*,#872,.T.);
#1192=ORIENTED_EDGE('',*,*,#873,.T.);
#1193=ORIENTED_EDGE('',*,*,#874,.T.);
#1194=ORIENTED_EDGE('',*,*,#875,.T.);
#1195=ORIENTED_EDGE('',*,*,#876,.T.);
#1196=ORIENTED_EDGE('',*,*,#877,.T.);
#1197=ORIENTED_EDGE('',*,*,#874,.F.);
#1198=ORIENTED_EDGE('',*,*,#878,.T.);
#1199=ORIENTED_EDGE('',*,*,#872,.F.);
#1200=ORIENTED_EDGE('',*,*,#879,.T.);
#1201=ORIENTED_EDGE('',*,*,#880,.T.);
#1202=ORIENTED_EDGE('',*,*,#870,.F.);
#1203=ORIENTED_EDGE('',*,*,#881,.T.);
#1204=ORIENTED_EDGE('',*,*,#876,.F.);
#1205=ORIENTED_EDGE('',*,*,#882,.T.);
#1206=ORIENTED_EDGE('',*,*,#878,.F.);
#1207=ORIENTED_EDGE('',*,*,#883,.T.);
#1208=ORIENTED_EDGE('',*,*,#884,.F.);
#1209=ORIENTED_EDGE('',*,*,#885,.T.);
#1210=ORIENTED_EDGE('',*,*,#886,.F.);
#1211=ORIENTED_EDGE('',*,*,#887,.T.);
#1212=ORIENTED_EDGE('',*,*,#888,.F.);
#1213=ORIENTED_EDGE('',*,*,#889,.T.);
#1214=ORIENTED_EDGE('',*,*,#877,.F.);
#1215=ORIENTED_EDGE('',*,*,#890,.F.);
#1216=ORIENTED_EDGE('',*,*,#891,.F.);
#1217=ORIENTED_EDGE('',*,*,#892,.F.);
#1218=ORIENTED_EDGE('',*,*,#893,.F.);
#1219=ORIENTED_EDGE('',*,*,#894,.F.);
#1220=ORIENTED_EDGE('',*,*,#895,.F.);
#1221=ORIENTED_EDGE('',*,*,#883,.F.);
#1222=ORIENTED_EDGE('',*,*,#896,.T.);
#1223=ORIENTED_EDGE('',*,*,#897,.T.);
#1224=ORIENTED_EDGE('',*,*,#898,.T.);
#1225=ORIENTED_EDGE('',*,*,#899,.T.);
#1226=ORIENTED_EDGE('',*,*,#900,.T.);
#1227=ORIENTED_EDGE('',*,*,#901,.T.);
#1228=ORIENTED_EDGE('',*,*,#902,.T.);
#1229=ORIENTED_EDGE('',*,*,#903,.T.);
#1230=ORIENTED_EDGE('',*,*,#904,.T.);
#1231=ORIENTED_EDGE('',*,*,#905,.T.);
#1232=ORIENTED_EDGE('',*,*,#906,.T.);
#1233=ORIENTED_EDGE('',*,*,#907,.T.);
#1234=ORIENTED_EDGE('',*,*,#908,.T.);
#1235=ORIENTED_EDGE('',*,*,#875,.F.);
#1236=ORIENTED_EDGE('',*,*,#880,.F.);
#1237=ORIENTED_EDGE('',*,*,#909,.T.);
#1238=ORIENTED_EDGE('',*,*,#910,.F.);
#1239=ORIENTED_EDGE('',*,*,#909,.F.);
#1240=ORIENTED_EDGE('',*,*,#879,.F.);
#1241=ORIENTED_EDGE('',*,*,#871,.F.);
#1242=ORIENTED_EDGE('',*,*,#882,.F.);
#1243=ORIENTED_EDGE('',*,*,#911,.T.);
#1244=ORIENTED_EDGE('',*,*,#912,.T.);
#1245=ORIENTED_EDGE('',*,*,#913,.T.);
#1246=ORIENTED_EDGE('',*,*,#914,.T.);
#1247=ORIENTED_EDGE('',*,*,#915,.T.);
#1248=ORIENTED_EDGE('',*,*,#916,.T.);
#1249=ORIENTED_EDGE('',*,*,#917,.T.);
#1250=ORIENTED_EDGE('',*,*,#895,.T.);
#1251=ORIENTED_EDGE('',*,*,#915,.F.);
#1252=ORIENTED_EDGE('',*,*,#918,.T.);
#1253=ORIENTED_EDGE('',*,*,#913,.F.);
#1254=ORIENTED_EDGE('',*,*,#919,.T.);
#1255=ORIENTED_EDGE('',*,*,#911,.F.);
#1256=ORIENTED_EDGE('',*,*,#884,.T.);
#1257=ORIENTED_EDGE('',*,*,#917,.F.);
#1258=ORIENTED_EDGE('',*,*,#920,.T.);
#1259=ORIENTED_EDGE('',*,*,#921,.T.);
#1260=ORIENTED_EDGE('',*,*,#918,.F.);
#1261=ORIENTED_EDGE('',*,*,#894,.T.);
#1262=ORIENTED_EDGE('',*,*,#922,.F.);
#1263=ORIENTED_EDGE('',*,*,#923,.T.);
#1264=ORIENTED_EDGE('',*,*,#924,.F.);
#1265=ORIENTED_EDGE('',*,*,#925,.T.);
#1266=ORIENTED_EDGE('',*,*,#926,.F.);
#1267=ORIENTED_EDGE('',*,*,#927,.T.);
#1268=ORIENTED_EDGE('',*,*,#916,.F.);
#1269=ORIENTED_EDGE('',*,*,#919,.F.);
#1270=ORIENTED_EDGE('',*,*,#912,.F.);
#1271=ORIENTED_EDGE('',*,*,#921,.F.);
#1272=ORIENTED_EDGE('',*,*,#928,.T.);
#1273=ORIENTED_EDGE('',*,*,#929,.F.);
#1274=ORIENTED_EDGE('',*,*,#928,.F.);
#1275=ORIENTED_EDGE('',*,*,#920,.F.);
#1276=ORIENTED_EDGE('',*,*,#930,.T.);
#1277=ORIENTED_EDGE('',*,*,#931,.T.);
#1278=ORIENTED_EDGE('',*,*,#932,.T.);
#1279=ORIENTED_EDGE('',*,*,#933,.T.);
#1280=ORIENTED_EDGE('',*,*,#934,.T.);
#1281=ORIENTED_EDGE('',*,*,#935,.T.);
#1282=ORIENTED_EDGE('',*,*,#936,.T.);
#1283=ORIENTED_EDGE('',*,*,#937,.T.);
#1284=ORIENTED_EDGE('',*,*,#893,.T.);
#1285=ORIENTED_EDGE('',*,*,#934,.F.);
#1286=ORIENTED_EDGE('',*,*,#938,.T.);
#1287=ORIENTED_EDGE('',*,*,#932,.F.);
#1288=ORIENTED_EDGE('',*,*,#939,.T.);
#1289=ORIENTED_EDGE('',*,*,#930,.F.);
#1290=ORIENTED_EDGE('',*,*,#922,.T.);
#1291=ORIENTED_EDGE('',*,*,#937,.F.);
#1292=ORIENTED_EDGE('',*,*,#940,.T.);
#1293=ORIENTED_EDGE('',*,*,#938,.F.);
#1294=ORIENTED_EDGE('',*,*,#892,.T.);
#1295=ORIENTED_EDGE('',*,*,#941,.F.);
#1296=ORIENTED_EDGE('',*,*,#942,.T.);
#1297=ORIENTED_EDGE('',*,*,#943,.F.);
#1298=ORIENTED_EDGE('',*,*,#944,.T.);
#1299=ORIENTED_EDGE('',*,*,#945,.F.);
#1300=ORIENTED_EDGE('',*,*,#946,.T.);
#1301=ORIENTED_EDGE('',*,*,#935,.F.);
#1302=ORIENTED_EDGE('',*,*,#939,.F.);
#1303=ORIENTED_EDGE('',*,*,#931,.F.);
#1304=ORIENTED_EDGE('',*,*,#940,.F.);
#1305=ORIENTED_EDGE('',*,*,#936,.F.);
#1306=ORIENTED_EDGE('',*,*,#947,.T.);
#1307=ORIENTED_EDGE('',*,*,#948,.F.);
#1308=ORIENTED_EDGE('',*,*,#947,.F.);
#1309=ORIENTED_EDGE('',*,*,#949,.T.);
#1310=ORIENTED_EDGE('',*,*,#950,.T.);
#1311=ORIENTED_EDGE('',*,*,#951,.T.);
#1312=ORIENTED_EDGE('',*,*,#952,.T.);
#1313=ORIENTED_EDGE('',*,*,#953,.T.);
#1314=ORIENTED_EDGE('',*,*,#954,.T.);
#1315=ORIENTED_EDGE('',*,*,#955,.T.);
#1316=ORIENTED_EDGE('',*,*,#956,.T.);
#1317=ORIENTED_EDGE('',*,*,#891,.T.);
#1318=ORIENTED_EDGE('',*,*,#953,.F.);
#1319=ORIENTED_EDGE('',*,*,#957,.T.);
#1320=ORIENTED_EDGE('',*,*,#951,.F.);
#1321=ORIENTED_EDGE('',*,*,#958,.T.);
#1322=ORIENTED_EDGE('',*,*,#949,.F.);
#1323=ORIENTED_EDGE('',*,*,#941,.T.);
#1324=ORIENTED_EDGE('',*,*,#956,.F.);
#1325=ORIENTED_EDGE('',*,*,#959,.T.);
#1326=ORIENTED_EDGE('',*,*,#881,.F.);
#1327=ORIENTED_EDGE('',*,*,#960,.T.);
#1328=ORIENTED_EDGE('',*,*,#961,.F.);
#1329=ORIENTED_EDGE('',*,*,#962,.T.);
#1330=ORIENTED_EDGE('',*,*,#963,.F.);
#1331=ORIENTED_EDGE('',*,*,#964,.T.);
#1332=ORIENTED_EDGE('',*,*,#957,.F.);
#1333=ORIENTED_EDGE('',*,*,#890,.T.);
#1334=ORIENTED_EDGE('',*,*,#954,.F.);
#1335=ORIENTED_EDGE('',*,*,#958,.F.);
#1336=ORIENTED_EDGE('',*,*,#950,.F.);
#1337=ORIENTED_EDGE('',*,*,#959,.F.);
#1338=ORIENTED_EDGE('',*,*,#955,.F.);
#1339=ORIENTED_EDGE('',*,*,#965,.T.);
#1340=ORIENTED_EDGE('',*,*,#966,.F.);
#1341=ORIENTED_EDGE('',*,*,#965,.F.);
#1342=ORIENTED_EDGE('',*,*,#952,.F.);
#1343=ORIENTED_EDGE('',*,*,#964,.F.);
#1344=ORIENTED_EDGE('',*,*,#942,.F.);
#1345=ORIENTED_EDGE('',*,*,#873,.F.);
#1346=ORIENTED_EDGE('',*,*,#889,.F.);
#1347=ORIENTED_EDGE('',*,*,#960,.F.);
#1348=ORIENTED_EDGE('',*,*,#933,.F.);
#1349=ORIENTED_EDGE('',*,*,#946,.F.);
#1350=ORIENTED_EDGE('',*,*,#923,.F.);
#1351=ORIENTED_EDGE('',*,*,#914,.F.);
#1352=ORIENTED_EDGE('',*,*,#927,.F.);
#1353=ORIENTED_EDGE('',*,*,#885,.F.);
#1354=ORIENTED_EDGE('',*,*,#967,.T.);
#1355=ORIENTED_EDGE('',*,*,#943,.T.);
#1356=ORIENTED_EDGE('',*,*,#963,.T.);
#1357=ORIENTED_EDGE('',*,*,#968,.T.);
#1358=ORIENTED_EDGE('',*,*,#969,.T.);
#1359=ORIENTED_EDGE('',*,*,#967,.F.);
#1360=ORIENTED_EDGE('',*,*,#970,.T.);
#1361=ORIENTED_EDGE('',*,*,#968,.F.);
#1362=ORIENTED_EDGE('',*,*,#971,.T.);
#1363=ORIENTED_EDGE('',*,*,#972,.F.);
#1364=ORIENTED_EDGE('',*,*,#973,.T.);
#1365=ORIENTED_EDGE('',*,*,#974,.F.);
#1366=ORIENTED_EDGE('',*,*,#975,.T.);
#1367=ORIENTED_EDGE('',*,*,#976,.F.);
#1368=ORIENTED_EDGE('',*,*,#977,.T.);
#1369=ORIENTED_EDGE('',*,*,#978,.F.);
#1370=ORIENTED_EDGE('',*,*,#979,.F.);
#1371=ORIENTED_EDGE('',*,*,#980,.F.);
#1372=ORIENTED_EDGE('',*,*,#981,.F.);
#1373=ORIENTED_EDGE('',*,*,#982,.F.);
#1374=ORIENTED_EDGE('',*,*,#983,.F.);
#1375=ORIENTED_EDGE('',*,*,#984,.F.);
#1376=ORIENTED_EDGE('',*,*,#985,.F.);
#1377=ORIENTED_EDGE('',*,*,#986,.F.);
#1378=ORIENTED_EDGE('',*,*,#987,.F.);
#1379=ORIENTED_EDGE('',*,*,#988,.F.);
#1380=ORIENTED_EDGE('',*,*,#989,.F.);
#1381=ORIENTED_EDGE('',*,*,#990,.F.);
#1382=ORIENTED_EDGE('',*,*,#966,.T.);
#1383=ORIENTED_EDGE('',*,*,#910,.T.);
#1384=ORIENTED_EDGE('',*,*,#948,.T.);
#1385=ORIENTED_EDGE('',*,*,#929,.T.);
#1386=ORIENTED_EDGE('',*,*,#970,.F.);
#1387=ORIENTED_EDGE('',*,*,#962,.F.);
#1388=ORIENTED_EDGE('',*,*,#991,.F.);
#1389=ORIENTED_EDGE('',*,*,#971,.F.);
#1390=ORIENTED_EDGE('',*,*,#992,.T.);
#1391=ORIENTED_EDGE('',*,*,#961,.T.);
#1392=ORIENTED_EDGE('',*,*,#888,.T.);
#1393=ORIENTED_EDGE('',*,*,#972,.T.);
#1394=ORIENTED_EDGE('',*,*,#991,.T.);
#1395=ORIENTED_EDGE('',*,*,#992,.F.);
#1396=ORIENTED_EDGE('',*,*,#993,.T.);
#1397=ORIENTED_EDGE('',*,*,#976,.T.);
#1398=ORIENTED_EDGE('',*,*,#994,.T.);
#1399=ORIENTED_EDGE('',*,*,#995,.T.);
#1400=ORIENTED_EDGE('',*,*,#996,.T.);
#1401=ORIENTED_EDGE('',*,*,#995,.F.);
#1402=ORIENTED_EDGE('',*,*,#924,.T.);
#1403=ORIENTED_EDGE('',*,*,#945,.T.);
#1404=ORIENTED_EDGE('',*,*,#994,.F.);
#1405=ORIENTED_EDGE('',*,*,#975,.F.);
#1406=ORIENTED_EDGE('',*,*,#997,.F.);
#1407=ORIENTED_EDGE('',*,*,#925,.F.);
#1408=ORIENTED_EDGE('',*,*,#974,.T.);
#1409=ORIENTED_EDGE('',*,*,#998,.T.);
#1410=ORIENTED_EDGE('',*,*,#999,.T.);
#1411=ORIENTED_EDGE('',*,*,#997,.T.);
#1412=ORIENTED_EDGE('',*,*,#999,.F.);
#1413=ORIENTED_EDGE('',*,*,#886,.T.);
#1414=ORIENTED_EDGE('',*,*,#926,.T.);
#1415=ORIENTED_EDGE('',*,*,#993,.F.);
#1416=ORIENTED_EDGE('',*,*,#887,.F.);
#1417=ORIENTED_EDGE('',*,*,#998,.F.);
#1418=ORIENTED_EDGE('',*,*,#973,.F.);
#1419=ORIENTED_EDGE('',*,*,#969,.F.);
#1420=ORIENTED_EDGE('',*,*,#977,.F.);
#1421=ORIENTED_EDGE('',*,*,#996,.F.);
#1422=ORIENTED_EDGE('',*,*,#944,.F.);
#1423=ORIENTED_EDGE('',*,*,#979,.T.);
#1424=ORIENTED_EDGE('',*,*,#1000,.T.);
#1425=ORIENTED_EDGE('',*,*,#908,.F.);
#1426=ORIENTED_EDGE('',*,*,#1001,.F.);
#1427=ORIENTED_EDGE('',*,*,#980,.T.);
#1428=ORIENTED_EDGE('',*,*,#1001,.T.);
#1429=ORIENTED_EDGE('',*,*,#907,.F.);
#1430=ORIENTED_EDGE('',*,*,#1002,.F.);
#1431=ORIENTED_EDGE('',*,*,#981,.T.);
#1432=ORIENTED_EDGE('',*,*,#1002,.T.);
#1433=ORIENTED_EDGE('',*,*,#906,.F.);
#1434=ORIENTED_EDGE('',*,*,#1003,.F.);
#1435=ORIENTED_EDGE('',*,*,#982,.T.);
#1436=ORIENTED_EDGE('',*,*,#1003,.T.);
#1437=ORIENTED_EDGE('',*,*,#905,.F.);
#1438=ORIENTED_EDGE('',*,*,#1004,.F.);
#1439=ORIENTED_EDGE('',*,*,#983,.T.);
#1440=ORIENTED_EDGE('',*,*,#1004,.T.);
#1441=ORIENTED_EDGE('',*,*,#904,.F.);
#1442=ORIENTED_EDGE('',*,*,#1005,.F.);
#1443=ORIENTED_EDGE('',*,*,#984,.T.);
#1444=ORIENTED_EDGE('',*,*,#1005,.T.);
#1445=ORIENTED_EDGE('',*,*,#903,.F.);
#1446=ORIENTED_EDGE('',*,*,#1006,.F.);
#1447=ORIENTED_EDGE('',*,*,#985,.T.);
#1448=ORIENTED_EDGE('',*,*,#1006,.T.);
#1449=ORIENTED_EDGE('',*,*,#902,.F.);
#1450=ORIENTED_EDGE('',*,*,#1007,.F.);
#1451=ORIENTED_EDGE('',*,*,#978,.T.);
#1452=ORIENTED_EDGE('',*,*,#1007,.T.);
#1453=ORIENTED_EDGE('',*,*,#901,.F.);
#1454=ORIENTED_EDGE('',*,*,#1000,.F.);
#1455=ORIENTED_EDGE('',*,*,#900,.F.);
#1456=ORIENTED_EDGE('',*,*,#1008,.T.);
#1457=ORIENTED_EDGE('',*,*,#986,.T.);
#1458=ORIENTED_EDGE('',*,*,#1008,.F.);
#1459=ORIENTED_EDGE('',*,*,#988,.T.);
#1460=ORIENTED_EDGE('',*,*,#1009,.T.);
#1461=ORIENTED_EDGE('',*,*,#899,.F.);
#1462=ORIENTED_EDGE('',*,*,#1010,.F.);
#1463=ORIENTED_EDGE('',*,*,#989,.T.);
#1464=ORIENTED_EDGE('',*,*,#1010,.T.);
#1465=ORIENTED_EDGE('',*,*,#898,.F.);
#1466=ORIENTED_EDGE('',*,*,#1011,.F.);
#1467=ORIENTED_EDGE('',*,*,#990,.T.);
#1468=ORIENTED_EDGE('',*,*,#1011,.T.);
#1469=ORIENTED_EDGE('',*,*,#897,.F.);
#1470=ORIENTED_EDGE('',*,*,#1012,.F.);
#1471=ORIENTED_EDGE('',*,*,#987,.T.);
#1472=ORIENTED_EDGE('',*,*,#1012,.T.);
#1473=ORIENTED_EDGE('',*,*,#896,.F.);
#1474=ORIENTED_EDGE('',*,*,#1009,.F.);
#1475=PLANE('',#1627);
#1476=PLANE('',#1628);
#1477=PLANE('',#1629);
#1478=PLANE('',#1630);
#1479=PLANE('',#1631);
#1480=PLANE('',#1637);
#1481=PLANE('',#1641);
#1482=PLANE('',#1645);
#1483=PLANE('',#1649);
#1484=PLANE('',#1653);
#1485=PLANE('',#1657);
#1486=PLANE('',#1661);
#1487=PLANE('',#1668);
#1488=PLANE('',#1669);
#1489=PLANE('',#1675);
#1490=PLANE('',#1678);
#1491=PLANE('',#1681);
#1492=PLANE('',#1682);
#1493=PLANE('',#1683);
#1494=PLANE('',#1684);
#1495=PLANE('',#1685);
#1496=PLANE('',#1686);
#1497=PLANE('',#1687);
#1498=PLANE('',#1688);
#1499=PLANE('',#1702);
#1500=PLANE('',#1753);
#1501=PLANE('',#1754);
#1502=PLANE('',#1755);
#1503=PLANE('',#1756);
#1504=PLANE('',#1761);
#1505=PLANE('',#1766);
#1506=PLANE('',#1773);
#1507=PLANE('',#1777);
#1508=PLANE('',#1778);
#1509=PLANE('',#1779);
#1510=PLANE('',#1780);
#1511=PLANE('',#1781);
#1512=PLANE('',#1782);
#1513=PLANE('',#1783);
#1514=PLANE('',#1784);
#1515=PLANE('',#1785);
#1516=PLANE('',#1786);
#1517=PLANE('',#1788);
#1518=PLANE('',#1789);
#1519=PLANE('',#1790);
#1520=PLANE('',#1791);
#1521=ADVANCED_FACE('',(#178),#1475,.F.);
#1522=ADVANCED_FACE('',(#179),#1476,.F.);
#1523=ADVANCED_FACE('',(#180),#1477,.F.);
#1524=ADVANCED_FACE('',(#181),#1478,.F.);
#1525=ADVANCED_FACE('',(#182),#1479,.F.);
#1526=ADVANCED_FACE('',(#183),#71,.F.);
#1527=ADVANCED_FACE('',(#184),#1480,.T.);
#1528=ADVANCED_FACE('',(#185),#72,.F.);
#1529=ADVANCED_FACE('',(#186),#1481,.T.);
#1530=ADVANCED_FACE('',(#187),#73,.F.);
#1531=ADVANCED_FACE('',(#188),#1482,.T.);
#1532=ADVANCED_FACE('',(#189),#74,.F.);
#1533=ADVANCED_FACE('',(#190),#1483,.T.);
#1534=ADVANCED_FACE('',(#191),#75,.F.);
#1535=ADVANCED_FACE('',(#192),#1484,.F.);
#1536=ADVANCED_FACE('',(#193),#76,.F.);
#1537=ADVANCED_FACE('',(#194),#1485,.F.);
#1538=ADVANCED_FACE('',(#195),#77,.F.);
#1539=ADVANCED_FACE('',(#196),#1486,.F.);
#1540=ADVANCED_FACE('',(#197),#78,.F.);
#1541=ADVANCED_FACE('',(#198),#79,.T.);
#1542=ADVANCED_FACE('',(#199,#55),#1487,.T.);
#1543=ADVANCED_FACE('',(#200,#56,#57,#58,#59,#60),#1488,.T.);
#1544=ADVANCED_FACE('',(#201),#80,.T.);
#1545=ADVANCED_FACE('',(#202),#1489,.T.);
#1546=ADVANCED_FACE('',(#203),#81,.T.);
#1547=ADVANCED_FACE('',(#204),#1490,.T.);
#1548=ADVANCED_FACE('',(#205),#82,.T.);
#1549=ADVANCED_FACE('',(#206),#1491,.F.);
#1550=ADVANCED_FACE('',(#207),#1492,.F.);
#1551=ADVANCED_FACE('',(#208),#1493,.F.);
#1552=ADVANCED_FACE('',(#209),#1494,.F.);
#1553=ADVANCED_FACE('',(#210),#1495,.F.);
#1554=ADVANCED_FACE('',(#211),#1496,.T.);
#1555=ADVANCED_FACE('',(#212),#1497,.T.);
#1556=ADVANCED_FACE('',(#213),#1498,.F.);
#1557=ADVANCED_FACE('',(#214),#43,.T.);
#1558=ADVANCED_FACE('',(#215),#44,.T.);
#1559=ADVANCED_FACE('',(#216),#35,.F.);
#1560=ADVANCED_FACE('',(#217),#36,.F.);
#1561=ADVANCED_FACE('',(#218),#83,.T.);
#1562=ADVANCED_FACE('',(#219,#61,#62,#63),#1499,.T.);
#1563=ADVANCED_FACE('',(#220),#84,.F.);
#1564=ADVANCED_FACE('',(#221),#45,.T.);
#1565=ADVANCED_FACE('',(#222),#46,.T.);
#1566=ADVANCED_FACE('',(#223),#37,.F.);
#1567=ADVANCED_FACE('',(#224),#38,.F.);
#1568=ADVANCED_FACE('',(#225),#85,.T.);
#1569=ADVANCED_FACE('',(#226),#86,.F.);
#1570=ADVANCED_FACE('',(#227),#47,.T.);
#1571=ADVANCED_FACE('',(#228),#48,.T.);
#1572=ADVANCED_FACE('',(#229),#39,.F.);
#1573=ADVANCED_FACE('',(#230),#40,.F.);
#1574=ADVANCED_FACE('',(#231),#87,.T.);
#1575=ADVANCED_FACE('',(#232),#88,.F.);
#1576=ADVANCED_FACE('',(#233),#49,.T.);
#1577=ADVANCED_FACE('',(#234),#50,.T.);
#1578=ADVANCED_FACE('',(#235),#41,.F.);
#1579=ADVANCED_FACE('',(#236),#42,.F.);
#1580=ADVANCED_FACE('',(#237),#89,.T.);
#1581=ADVANCED_FACE('',(#238),#90,.F.);
#1582=ADVANCED_FACE('',(#239),#1500,.T.);
#1583=ADVANCED_FACE('',(#240),#1501,.T.);
#1584=ADVANCED_FACE('',(#241),#1502,.T.);
#1585=ADVANCED_FACE('',(#242),#1503,.T.);
#1586=ADVANCED_FACE('',(#243),#13,.T.);
#1587=ADVANCED_FACE('',(#244),#91,.T.);
#1588=ADVANCED_FACE('',(#245,#64,#65,#66,#67,#68,#69,#70),#1504,.F.);
#1589=ADVANCED_FACE('',(#246),#1505,.T.);
#1590=ADVANCED_FACE('',(#247),#14,.T.);
#1591=ADVANCED_FACE('',(#248),#92,.T.);
#1592=ADVANCED_FACE('',(#249),#93,.T.);
#1593=ADVANCED_FACE('',(#250),#15,.T.);
#1594=ADVANCED_FACE('',(#251),#1506,.T.);
#1595=ADVANCED_FACE('',(#252),#94,.T.);
#1596=ADVANCED_FACE('',(#253),#16,.T.);
#1597=ADVANCED_FACE('',(#254),#1507,.T.);
#1598=ADVANCED_FACE('',(#255),#1508,.T.);
#1599=ADVANCED_FACE('',(#256),#1509,.T.);
#1600=ADVANCED_FACE('',(#257),#1510,.T.);
#1601=ADVANCED_FACE('',(#258),#1511,.T.);
#1602=ADVANCED_FACE('',(#259),#1512,.T.);
#1603=ADVANCED_FACE('',(#260),#1513,.T.);
#1604=ADVANCED_FACE('',(#261),#1514,.T.);
#1605=ADVANCED_FACE('',(#262),#1515,.T.);
#1606=ADVANCED_FACE('',(#263),#1516,.T.);
#1607=ADVANCED_FACE('',(#264),#95,.F.);
#1608=ADVANCED_FACE('',(#265),#1517,.T.);
#1609=ADVANCED_FACE('',(#266),#1518,.T.);
#1610=ADVANCED_FACE('',(#267),#1519,.T.);
#1611=ADVANCED_FACE('',(#268),#1520,.T.);
#1612=CLOSED_SHELL('',(#1521,#1522,#1523,#1524,#1525,#1526,#1527,#1528,
#1529,#1530,#1531,#1532,#1533,#1534,#1535,#1536,#1537,#1538,#1539,#1540,
#1541,#1542,#1543,#1544,#1545,#1546,#1547,#1548,#1549,#1550,#1551,#1552,
#1553,#1554,#1555,#1556));
#1613=CLOSED_SHELL('',(#1557,#1558,#1559,#1560,#1561,#1562,#1563,#1564,
#1565,#1566,#1567,#1568,#1569,#1570,#1571,#1572,#1573,#1574,#1575,#1576,
#1577,#1578,#1579,#1580,#1581,#1582,#1583,#1584,#1585,#1586,#1587,#1588,
#1589,#1590,#1591,#1592,#1593,#1594,#1595,#1596,#1597,#1598,#1599,#1600,
#1601,#1602,#1603,#1604,#1605,#1606,#1607,#1608,#1609,#1610,#1611));
#1614=DERIVED_UNIT_ELEMENT(#1616,1.);
#1615=DERIVED_UNIT_ELEMENT(#3240,-3.);
#1616=(
MASS_UNIT()
NAMED_UNIT(*)
SI_UNIT(.KILO.,.GRAM.)
);
#1617=DERIVED_UNIT((#1614,#1615));
#1618=MEASURE_REPRESENTATION_ITEM('density measure',
POSITIVE_RATIO_MEASURE(7850.),#1617);
#1619=PROPERTY_DEFINITION_REPRESENTATION(#1624,#1621);
#1620=PROPERTY_DEFINITION_REPRESENTATION(#1625,#1622);
#1621=REPRESENTATION('material name',(#1623),#3237);
#1622=REPRESENTATION('density',(#1618),#3237);
#1623=DESCRIPTIVE_REPRESENTATION_ITEM('Steel','Steel');
#1624=PROPERTY_DEFINITION('material property','material name',#3247);
#1625=PROPERTY_DEFINITION('material property','density of part',#3247);
#1626=AXIS2_PLACEMENT_3D('',#2255,#1792,#1793);
#1627=AXIS2_PLACEMENT_3D('',#2256,#1794,#1795);
#1628=AXIS2_PLACEMENT_3D('',#2265,#1800,#1801);
#1629=AXIS2_PLACEMENT_3D('',#2274,#1806,#1807);
#1630=AXIS2_PLACEMENT_3D('',#2277,#1810,#1811);
#1631=AXIS2_PLACEMENT_3D('',#2283,#1815,#1816);
#1632=AXIS2_PLACEMENT_3D('',#2285,#1817,#1818);
#1633=AXIS2_PLACEMENT_3D('',#2288,#1820,#1821);
#1634=AXIS2_PLACEMENT_3D('',#2289,#1822,#1823);
#1635=AXIS2_PLACEMENT_3D('',#2291,#1824,#1825);
#1636=AXIS2_PLACEMENT_3D('',#2294,#1827,#1828);
#1637=AXIS2_PLACEMENT_3D('',#2295,#1829,#1830);
#1638=AXIS2_PLACEMENT_3D('',#2296,#1831,#1832);
#1639=AXIS2_PLACEMENT_3D('',#2298,#1833,#1834);
#1640=AXIS2_PLACEMENT_3D('',#2301,#1836,#1837);
#1641=AXIS2_PLACEMENT_3D('',#2302,#1838,#1839);
#1642=AXIS2_PLACEMENT_3D('',#2303,#1840,#1841);
#1643=AXIS2_PLACEMENT_3D('',#2305,#1842,#1843);
#1644=AXIS2_PLACEMENT_3D('',#2308,#1845,#1846);
#1645=AXIS2_PLACEMENT_3D('',#2309,#1847,#1848);
#1646=AXIS2_PLACEMENT_3D('',#2310,#1849,#1850);
#1647=AXIS2_PLACEMENT_3D('',#2312,#1851,#1852);
#1648=AXIS2_PLACEMENT_3D('',#2315,#1854,#1855);
#1649=AXIS2_PLACEMENT_3D('',#2316,#1856,#1857);
#1650=AXIS2_PLACEMENT_3D('',#2317,#1858,#1859);
#1651=AXIS2_PLACEMENT_3D('',#2320,#1860,#1861);
#1652=AXIS2_PLACEMENT_3D('',#2324,#1863,#1864);
#1653=AXIS2_PLACEMENT_3D('',#2326,#1866,#1867);
#1654=AXIS2_PLACEMENT_3D('',#2332,#1871,#1872);
#1655=AXIS2_PLACEMENT_3D('',#2336,#1874,#1875);
#1656=AXIS2_PLACEMENT_3D('',#2339,#1877,#1878);
#1657=AXIS2_PLACEMENT_3D('',#2340,#1879,#1880);
#1658=AXIS2_PLACEMENT_3D('',#2344,#1883,#1884);
#1659=AXIS2_PLACEMENT_3D('',#2346,#1885,#1886);
#1660=AXIS2_PLACEMENT_3D('',#2349,#1888,#1889);
#1661=AXIS2_PLACEMENT_3D('',#2350,#1890,#1891);
#1662=AXIS2_PLACEMENT_3D('',#2356,#1895,#1896);
#1663=AXIS2_PLACEMENT_3D('',#2357,#1897,#1898);
#1664=AXIS2_PLACEMENT_3D('',#2358,#1899,#1900);
#1665=AXIS2_PLACEMENT_3D('',#2359,#1901,#1902);
#1666=AXIS2_PLACEMENT_3D('',#2362,#1903,#1904);
#1667=AXIS2_PLACEMENT_3D('',#2366,#1906,#1907);
#1668=AXIS2_PLACEMENT_3D('',#2368,#1909,#1910);
#1669=AXIS2_PLACEMENT_3D('',#2375,#1915,#1916);
#1670=AXIS2_PLACEMENT_3D('',#2379,#1918,#1919);
#1671=AXIS2_PLACEMENT_3D('',#2383,#1921,#1922);
#1672=AXIS2_PLACEMENT_3D('',#2386,#1924,#1925);
#1673=AXIS2_PLACEMENT_3D('',#2395,#1930,#1931);
#1674=AXIS2_PLACEMENT_3D('',#2398,#1933,#1934);
#1675=AXIS2_PLACEMENT_3D('',#2399,#1935,#1936);
#1676=AXIS2_PLACEMENT_3D('',#2403,#1939,#1940);
#1677=AXIS2_PLACEMENT_3D('',#2406,#1942,#1943);
#1678=AXIS2_PLACEMENT_3D('',#2407,#1944,#1945);
#1679=AXIS2_PLACEMENT_3D('',#2411,#1948,#1949);
#1680=AXIS2_PLACEMENT_3D('',#2414,#1951,#1952);
#1681=AXIS2_PLACEMENT_3D('',#2415,#1953,#1954);
#1682=AXIS2_PLACEMENT_3D('',#2417,#1956,#1957);
#1683=AXIS2_PLACEMENT_3D('',#2423,#1961,#1962);
#1684=AXIS2_PLACEMENT_3D('',#2428,#1966,#1967);
#1685=AXIS2_PLACEMENT_3D('',#2432,#1970,#1971);
#1686=AXIS2_PLACEMENT_3D('',#2434,#1973,#1974);
#1687=AXIS2_PLACEMENT_3D('',#2435,#1975,#1976);
#1688=AXIS2_PLACEMENT_3D('',#2437,#1978,#1979);
#1689=AXIS2_PLACEMENT_3D('',#2438,#1980,#1981);
#1690=AXIS2_PLACEMENT_3D('',#2441,#1982,#1983);
#1691=AXIS2_PLACEMENT_3D('',#2443,#1984,#1985);
#1692=AXIS2_PLACEMENT_3D('',#2445,#1986,#1987);
#1693=AXIS2_PLACEMENT_3D('',#2446,#1988,#1989);
#1694=AXIS2_PLACEMENT_3D('',#2447,#1990,#1991);
#1695=AXIS2_PLACEMENT_3D('',#2450,#1992,#1993);
#1696=AXIS2_PLACEMENT_3D('',#2452,#1994,#1995);
#1697=AXIS2_PLACEMENT_3D('',#2454,#1996,#1997);
#1698=AXIS2_PLACEMENT_3D('',#2455,#1998,#1999);
#1699=AXIS2_PLACEMENT_3D('',#2589,#2000,#2001);
#1700=AXIS2_PLACEMENT_3D('',#2606,#2004,#2005);
#1701=AXIS2_PLACEMENT_3D('',#2610,#2007,#2008);
#1702=AXIS2_PLACEMENT_3D('',#2612,#2010,#2011);
#1703=AXIS2_PLACEMENT_3D('',#2616,#2013,#2014);
#1704=AXIS2_PLACEMENT_3D('',#2620,#2016,#2017);
#1705=AXIS2_PLACEMENT_3D('',#2623,#2019,#2020);
#1706=AXIS2_PLACEMENT_3D('',#2633,#2025,#2026);
#1707=AXIS2_PLACEMENT_3D('',#2650,#2035,#2036);
#1708=AXIS2_PLACEMENT_3D('',#2653,#2038,#2039);
#1709=AXIS2_PLACEMENT_3D('',#2654,#2040,#2041);
#1710=AXIS2_PLACEMENT_3D('',#2656,#2042,#2043);
#1711=AXIS2_PLACEMENT_3D('',#2658,#2044,#2045);
#1712=AXIS2_PLACEMENT_3D('',#2660,#2046,#2047);
#1713=AXIS2_PLACEMENT_3D('',#2661,#2048,#2049);
#1714=AXIS2_PLACEMENT_3D('',#2662,#2050,#2051);
#1715=AXIS2_PLACEMENT_3D('',#2664,#2052,#2053);
#1716=AXIS2_PLACEMENT_3D('',#2666,#2054,#2055);
#1717=AXIS2_PLACEMENT_3D('',#2667,#2056,#2057);
#1718=AXIS2_PLACEMENT_3D('',#2810,#2058,#2059);
#1719=AXIS2_PLACEMENT_3D('',#2823,#2061,#2062);
#1720=AXIS2_PLACEMENT_3D('',#2826,#2064,#2065);
#1721=AXIS2_PLACEMENT_3D('',#2828,#2067,#2068);
#1722=AXIS2_PLACEMENT_3D('',#2831,#2070,#2071);
#1723=AXIS2_PLACEMENT_3D('',#2832,#2072,#2073);
#1724=AXIS2_PLACEMENT_3D('',#2834,#2074,#2075);
#1725=AXIS2_PLACEMENT_3D('',#2836,#2076,#2077);
#1726=AXIS2_PLACEMENT_3D('',#2838,#2078,#2079);
#1727=AXIS2_PLACEMENT_3D('',#2839,#2080,#2081);
#1728=AXIS2_PLACEMENT_3D('',#2840,#2082,#2083);
#1729=AXIS2_PLACEMENT_3D('',#2842,#2084,#2085);
#1730=AXIS2_PLACEMENT_3D('',#2844,#2086,#2087);
#1731=AXIS2_PLACEMENT_3D('',#2846,#2088,#2089);
#1732=AXIS2_PLACEMENT_3D('',#2847,#2090,#2091);
#1733=AXIS2_PLACEMENT_3D('',#2968,#2092,#2093);
#1734=AXIS2_PLACEMENT_3D('',#2981,#2095,#2096);
#1735=AXIS2_PLACEMENT_3D('',#2984,#2098,#2099);
#1736=AXIS2_PLACEMENT_3D('',#2986,#2101,#2102);
#1737=AXIS2_PLACEMENT_3D('',#2989,#2104,#2105);
#1738=AXIS2_PLACEMENT_3D('',#2990,#2106,#2107);
#1739=AXIS2_PLACEMENT_3D('',#2992,#2108,#2109);
#1740=AXIS2_PLACEMENT_3D('',#2994,#2110,#2111);
#1741=AXIS2_PLACEMENT_3D('',#2996,#2112,#2113);
#1742=AXIS2_PLACEMENT_3D('',#2997,#2114,#2115);
#1743=AXIS2_PLACEMENT_3D('',#2998,#2116,#2117);
#1744=AXIS2_PLACEMENT_3D('',#3000,#2118,#2119);
#1745=AXIS2_PLACEMENT_3D('',#3002,#2120,#2121);
#1746=AXIS2_PLACEMENT_3D('',#3004,#2122,#2123);
#1747=AXIS2_PLACEMENT_3D('',#3005,#2124,#2125);
#1748=AXIS2_PLACEMENT_3D('',#3126,#2126,#2127);
#1749=AXIS2_PLACEMENT_3D('',#3129,#2129,#2130);
#1750=AXIS2_PLACEMENT_3D('',#3132,#2132,#2133);
#1751=AXIS2_PLACEMENT_3D('',#3134,#2135,#2136);
#1752=AXIS2_PLACEMENT_3D('',#3137,#2138,#2139);
#1753=AXIS2_PLACEMENT_3D('',#3138,#2140,#2141);
#1754=AXIS2_PLACEMENT_3D('',#3139,#2142,#2143);
#1755=AXIS2_PLACEMENT_3D('',#3140,#2144,#2145);
#1756=AXIS2_PLACEMENT_3D('',#3141,#2146,#2147);
#1757=AXIS2_PLACEMENT_3D('',#3142,#2148,#2149);
#1758=AXIS2_PLACEMENT_3D('',#3143,#2150,#2151);
#1759=AXIS2_PLACEMENT_3D('',#3144,#2152,#2153);
#1760=AXIS2_PLACEMENT_3D('',#3147,#2154,#2155);
#1761=AXIS2_PLACEMENT_3D('',#3150,#2158,#2159);
#1762=AXIS2_PLACEMENT_3D('',#3154,#2161,#2162);
#1763=AXIS2_PLACEMENT_3D('',#3158,#2164,#2165);
#1764=AXIS2_PLACEMENT_3D('',#3162,#2167,#2168);
#1765=AXIS2_PLACEMENT_3D('',#3181,#2178,#2179);
#1766=AXIS2_PLACEMENT_3D('',#3190,#2184,#2185);
#1767=AXIS2_PLACEMENT_3D('',#3192,#2187,#2188);
#1768=AXIS2_PLACEMENT_3D('',#3193,#2189,#2190);
#1769=AXIS2_PLACEMENT_3D('',#3194,#2191,#2192);
#1770=AXIS2_PLACEMENT_3D('',#3196,#2194,#2195);
#1771=AXIS2_PLACEMENT_3D('',#3198,#2197,#2198);
#1772=AXIS2_PLACEMENT_3D('',#3200,#2200,#2201);
#1773=AXIS2_PLACEMENT_3D('',#3201,#2202,#2203);
#1774=AXIS2_PLACEMENT_3D('',#3203,#2205,#2206);
#1775=AXIS2_PLACEMENT_3D('',#3205,#2208,#2209);
#1776=AXIS2_PLACEMENT_3D('',#3206,#2210,#2211);
#1777=AXIS2_PLACEMENT_3D('',#3207,#2212,#2213);
#1778=AXIS2_PLACEMENT_3D('',#3208,#2214,#2215);
#1779=AXIS2_PLACEMENT_3D('',#3209,#2216,#2217);
#1780=AXIS2_PLACEMENT_3D('',#3212,#2220,#2221);
#1781=AXIS2_PLACEMENT_3D('',#3214,#2223,#2224);
#1782=AXIS2_PLACEMENT_3D('',#3216,#2226,#2227);
#1783=AXIS2_PLACEMENT_3D('',#3218,#2229,#2230);
#1784=AXIS2_PLACEMENT_3D('',#3220,#2232,#2233);
#1785=AXIS2_PLACEMENT_3D('',#3222,#2235,#2236);
#1786=AXIS2_PLACEMENT_3D('',#3224,#2238,#2239);
#1787=AXIS2_PLACEMENT_3D('',#3225,#2240,#2241);
#1788=AXIS2_PLACEMENT_3D('',#3227,#2243,#2244);
#1789=AXIS2_PLACEMENT_3D('',#3230,#2247,#2248);
#1790=AXIS2_PLACEMENT_3D('',#3232,#2250,#2251);
#1791=AXIS2_PLACEMENT_3D('',#3234,#2253,#2254);
#1792=DIRECTION('axis',(0.,0.,1.));
#1793=DIRECTION('refdir',(1.,0.,0.));
#1794=DIRECTION('center_axis',(1.,0.,0.));
#1795=DIRECTION('ref_axis',(0.,-1.,0.));
#1796=DIRECTION('',(0.,-1.,0.));
#1797=DIRECTION('',(0.,0.,-1.));
#1798=DIRECTION('',(0.,-1.,0.));
#1799=DIRECTION('',(0.,0.,-1.));
#1800=DIRECTION('center_axis',(-1.,0.,0.));
#1801=DIRECTION('ref_axis',(0.,1.,0.));
#1802=DIRECTION('',(0.,1.,0.));
#1803=DIRECTION('',(0.,0.,-1.));
#1804=DIRECTION('',(0.,1.,0.));
#1805=DIRECTION('',(0.,0.,-1.));
#1806=DIRECTION('center_axis',(0.,-1.,0.));
#1807=DIRECTION('ref_axis',(-1.,0.,0.));
#1808=DIRECTION('',(-1.,0.,0.));
#1809=DIRECTION('',(-1.,0.,0.));
#1810=DIRECTION('center_axis',(0.,0.,-1.));
#1811=DIRECTION('ref_axis',(-1.,0.,0.));
#1812=DIRECTION('',(1.,0.,0.));
#1813=DIRECTION('',(1.,0.,0.));
#1814=DIRECTION('',(1.,0.,0.));
#1815=DIRECTION('center_axis',(0.,-1.,0.));
#1816=DIRECTION('ref_axis',(0.,0.,-1.));
#1817=DIRECTION('center_axis',(0.,1.,0.));
#1818=DIRECTION('ref_axis',(0.707106781186552,0.,-0.707106781186543));
#1819=DIRECTION('',(1.,0.,0.));
#1820=DIRECTION('center_axis',(0.,1.,0.));
#1821=DIRECTION('ref_axis',(-0.707106781186552,0.,-0.707106781186543));
#1822=DIRECTION('center_axis',(0.,0.,-1.));
#1823=DIRECTION('ref_axis',(-1.,0.,0.));
#1824=DIRECTION('center_axis',(0.,0.,-1.));
#1825=DIRECTION('ref_axis',(-1.,0.,0.));
#1826=DIRECTION('',(0.,0.,-1.));
#1827=DIRECTION('center_axis',(0.,0.,-1.));
#1828=DIRECTION('ref_axis',(-1.,0.,0.));
#1829=DIRECTION('center_axis',(0.,0.,1.));
#1830=DIRECTION('ref_axis',(-1.,0.,0.));
#1831=DIRECTION('center_axis',(0.,0.,-1.));
#1832=DIRECTION('ref_axis',(-1.,0.,0.));
#1833=DIRECTION('center_axis',(0.,0.,-1.));
#1834=DIRECTION('ref_axis',(-1.,0.,0.));
#1835=DIRECTION('',(0.,0.,-1.));
#1836=DIRECTION('center_axis',(0.,0.,-1.));
#1837=DIRECTION('ref_axis',(-1.,0.,0.));
#1838=DIRECTION('center_axis',(0.,0.,1.));
#1839=DIRECTION('ref_axis',(-1.,0.,0.));
#1840=DIRECTION('center_axis',(0.,0.,-1.));
#1841=DIRECTION('ref_axis',(-1.,0.,0.));
#1842=DIRECTION('center_axis',(0.,0.,-1.));
#1843=DIRECTION('ref_axis',(-1.,0.,0.));
#1844=DIRECTION('',(0.,0.,-1.));
#1845=DIRECTION('center_axis',(0.,0.,-1.));
#1846=DIRECTION('ref_axis',(-1.,0.,0.));
#1847=DIRECTION('center_axis',(0.,0.,1.));
#1848=DIRECTION('ref_axis',(-1.,0.,0.));
#1849=DIRECTION('center_axis',(0.,0.,-1.));
#1850=DIRECTION('ref_axis',(-1.,0.,0.));
#1851=DIRECTION('center_axis',(0.,0.,-1.));
#1852=DIRECTION('ref_axis',(-1.,0.,0.));
#1853=DIRECTION('',(0.,0.,-1.));
#1854=DIRECTION('center_axis',(0.,0.,-1.));
#1855=DIRECTION('ref_axis',(-1.,0.,0.));
#1856=DIRECTION('center_axis',(0.,0.,1.));
#1857=DIRECTION('ref_axis',(-1.,0.,0.));
#1858=DIRECTION('center_axis',(0.,-1.,0.));
#1859=DIRECTION('ref_axis',(-0.707106781186553,0.,0.707106781186543));
#1860=DIRECTION('center_axis',(0.,1.,0.));
#1861=DIRECTION('ref_axis',(-0.707106781186553,0.,0.707106781186543));
#1862=DIRECTION('',(0.,-1.,0.));
#1863=DIRECTION('center_axis',(0.,-1.,0.));
#1864=DIRECTION('ref_axis',(-0.707106781186553,0.,0.707106781186543));
#1865=DIRECTION('',(0.,1.,0.));
#1866=DIRECTION('center_axis',(0.,0.,1.));
#1867=DIRECTION('ref_axis',(-1.,0.,0.));
#1868=DIRECTION('',(-1.,0.,0.));
#1869=DIRECTION('',(0.,1.,0.));
#1870=DIRECTION('',(1.,0.,0.));
#1871=DIRECTION('center_axis',(0.,-1.,0.));
#1872=DIRECTION('ref_axis',(-0.707106781186552,0.,-0.707106781186543));
#1873=DIRECTION('',(0.,1.,0.));
#1874=DIRECTION('center_axis',(0.,1.,0.));
#1875=DIRECTION('ref_axis',(-0.707106781186552,0.,-0.707106781186543));
#1876=DIRECTION('',(0.,-1.,0.));
#1877=DIRECTION('center_axis',(0.,1.,0.));
#1878=DIRECTION('ref_axis',(-0.707106781186552,0.,-0.707106781186543));
#1879=DIRECTION('center_axis',(0.,0.,-1.));
#1880=DIRECTION('ref_axis',(1.,0.,0.));
#1881=DIRECTION('',(0.,-1.,0.));
#1882=DIRECTION('',(1.,0.,0.));
#1883=DIRECTION('center_axis',(0.,-1.,0.));
#1884=DIRECTION('ref_axis',(0.70710678118654,0.,0.707106781186555));
#1885=DIRECTION('center_axis',(0.,1.,0.));
#1886=DIRECTION('ref_axis',(0.70710678118654,0.,0.707106781186555));
#1887=DIRECTION('',(0.,-1.,0.));
#1888=DIRECTION('center_axis',(0.,-1.,0.));
#1889=DIRECTION('ref_axis',(0.70710678118654,0.,0.707106781186555));
#1890=DIRECTION('center_axis',(1.,0.,0.));
#1891=DIRECTION('ref_axis',(0.,0.,1.));
#1892=DIRECTION('',(0.,0.,1.));
#1893=DIRECTION('',(0.,1.,0.));
#1894=DIRECTION('',(0.,0.,1.));
#1895=DIRECTION('center_axis',(0.,-1.,0.));
#1896=DIRECTION('ref_axis',(0.707106781186552,0.,-0.707106781186543));
#1897=DIRECTION('center_axis',(0.,1.,0.));
#1898=DIRECTION('ref_axis',(0.707106781186552,0.,-0.707106781186543));
#1899=DIRECTION('center_axis',(0.,1.,0.));
#1900=DIRECTION('ref_axis',(0.707106781186552,0.,-0.707106781186543));
#1901=DIRECTION('center_axis',(0.,0.,1.));
#1902=DIRECTION('ref_axis',(-0.707106781186541,0.707106781186554,0.));
#1903=DIRECTION('center_axis',(0.,0.,-1.));
#1904=DIRECTION('ref_axis',(-0.707106781186541,0.707106781186554,0.));
#1905=DIRECTION('',(0.,0.,-1.));
#1906=DIRECTION('center_axis',(0.,0.,1.));
#1907=DIRECTION('ref_axis',(-0.707106781186541,0.707106781186554,0.));
#1908=DIRECTION('',(0.,0.,1.));
#1909=DIRECTION('center_axis',(0.,1.,0.));
#1910=DIRECTION('ref_axis',(-1.,0.,0.));
#1911=DIRECTION('',(1.,0.,0.));
#1912=DIRECTION('',(0.,0.,1.));
#1913=DIRECTION('',(1.,0.,0.));
#1914=DIRECTION('',(0.,0.,-1.));
#1915=DIRECTION('center_axis',(0.,0.,1.));
#1916=DIRECTION('ref_axis',(1.,0.,0.));
#1917=DIRECTION('',(0.,1.,0.));
#1918=DIRECTION('center_axis',(0.,0.,-1.));
#1919=DIRECTION('ref_axis',(-0.707106781186552,-0.707106781186543,0.));
#1920=DIRECTION('',(-1.,0.,0.));
#1921=DIRECTION('center_axis',(0.,0.,-1.));
#1922=DIRECTION('ref_axis',(0.707106781186549,-0.707106781186546,0.));
#1923=DIRECTION('',(0.,-1.,0.));
#1924=DIRECTION('center_axis',(0.,0.,-1.));
#1925=DIRECTION('ref_axis',(0.707106781186548,0.707106781186548,0.));
#1926=DIRECTION('',(0.,1.,0.));
#1927=DIRECTION('',(1.,0.,0.));
#1928=DIRECTION('',(0.,-1.,0.));
#1929=DIRECTION('',(-1.,0.,0.));
#1930=DIRECTION('center_axis',(0.,0.,1.));
#1931=DIRECTION('ref_axis',(0.707106781186548,0.707106781186548,0.));
#1932=DIRECTION('',(0.,0.,-1.));
#1933=DIRECTION('center_axis',(0.,0.,1.));
#1934=DIRECTION('ref_axis',(0.707106781186548,0.707106781186548,0.));
#1935=DIRECTION('center_axis',(1.,0.,0.));
#1936=DIRECTION('ref_axis',(0.,1.,0.));
#1937=DIRECTION('',(0.,0.,1.));
#1938=DIRECTION('',(0.,-1.,0.));
#1939=DIRECTION('center_axis',(0.,0.,1.));
#1940=DIRECTION('ref_axis',(0.707106781186549,-0.707106781186546,0.));
#1941=DIRECTION('',(0.,0.,-1.));
#1942=DIRECTION('center_axis',(0.,0.,1.));
#1943=DIRECTION('ref_axis',(0.707106781186549,-0.707106781186546,0.));
#1944=DIRECTION('center_axis',(0.,-1.,0.));
#1945=DIRECTION('ref_axis',(1.,0.,0.));
#1946=DIRECTION('',(0.,0.,1.));
#1947=DIRECTION('',(-1.,0.,0.));
#1948=DIRECTION('center_axis',(0.,0.,1.));
#1949=DIRECTION('ref_axis',(-0.707106781186552,-0.707106781186543,0.));
#1950=DIRECTION('',(0.,0.,-1.));
#1951=DIRECTION('center_axis',(0.,0.,1.));
#1952=DIRECTION('ref_axis',(-0.707106781186552,-0.707106781186543,0.));
#1953=DIRECTION('center_axis',(-1.,0.,0.));
#1954=DIRECTION('ref_axis',(0.,0.,-1.));
#1955=DIRECTION('',(0.,0.,-1.));
#1956=DIRECTION('center_axis',(-1.,0.,0.));
#1957=DIRECTION('ref_axis',(0.,-1.,0.));
#1958=DIRECTION('',(0.,1.,0.));
#1959=DIRECTION('',(0.,0.,1.));
#1960=DIRECTION('',(0.,0.,1.));
#1961=DIRECTION('center_axis',(0.,1.,0.));
#1962=DIRECTION('ref_axis',(-1.,0.,0.));
#1963=DIRECTION('',(1.,0.,0.));
#1964=DIRECTION('',(0.,0.,1.));
#1965=DIRECTION('',(1.,0.,0.));
#1966=DIRECTION('center_axis',(1.,0.,0.));
#1967=DIRECTION('ref_axis',(0.,1.,0.));
#1968=DIRECTION('',(0.,-1.,0.));
#1969=DIRECTION('',(0.,0.,1.));
#1970=DIRECTION('center_axis',(0.,-1.,0.));
#1971=DIRECTION('ref_axis',(1.,0.,0.));
#1972=DIRECTION('',(-1.,0.,0.));
#1973=DIRECTION('center_axis',(0.,0.,1.));
#1974=DIRECTION('ref_axis',(1.,0.,0.));
#1975=DIRECTION('center_axis',(-1.,0.,0.));
#1976=DIRECTION('ref_axis',(0.,-1.,0.));
#1977=DIRECTION('',(0.,1.,0.));
#1978=DIRECTION('center_axis',(0.,0.,1.));
#1979=DIRECTION('ref_axis',(1.,0.,0.));
#1980=DIRECTION('center_axis',(0.,0.,-1.));
#1981=DIRECTION('ref_axis',(-1.,0.,0.));
#1982=DIRECTION('center_axis',(0.843749999999999,-0.536736376166179,0.));
#1983=DIRECTION('ref_axis',(0.,0.,1.));
#1984=DIRECTION('center_axis',(0.,0.,-1.));
#1985=DIRECTION('ref_axis',(0.707106781186548,0.707106781186548,0.));
#1986=DIRECTION('center_axis',(-0.536736376166179,0.843749999999999,-9.53435332757702E-15));
#1987=DIRECTION('ref_axis',(-0.843749999999999,-0.536736376166179,0.));
#1988=DIRECTION('center_axis',(0.,0.,1.));
#1989=DIRECTION('ref_axis',(0.707106781186547,0.707106781186547,0.));
#1990=DIRECTION('center_axis',(0.,0.,-1.));
#1991=DIRECTION('ref_axis',(-1.,0.,0.));
#1992=DIRECTION('center_axis',(-0.536736376166187,-0.843749999999994,0.));
#1993=DIRECTION('ref_axis',(0.,0.,1.));
#1994=DIRECTION('center_axis',(0.,0.,-1.));
#1995=DIRECTION('ref_axis',(-0.707106781186548,-0.707106781186548,0.));
#1996=DIRECTION('center_axis',(-0.843749999999999,-0.536736376166179,0.));
#1997=DIRECTION('ref_axis',(0.536736376166179,-0.843749999999999,0.));
#1998=DIRECTION('center_axis',(0.,0.,1.));
#1999=DIRECTION('ref_axis',(-0.707106781186547,-0.707106781186547,0.));
#2000=DIRECTION('center_axis',(0.,1.,0.));
#2001=DIRECTION('ref_axis',(0.707106781186548,0.,0.707106781186548));
#2002=DIRECTION('',(0.,-1.,0.));
#2003=DIRECTION('',(0.,-1.,0.));
#2004=DIRECTION('center_axis',(0.,-1.,0.));
#2005=DIRECTION('ref_axis',(0.707106781186546,0.,0.707106781186549));
#2006=DIRECTION('',(0.,1.,0.));
#2007=DIRECTION('center_axis',(0.,1.,0.));
#2008=DIRECTION('ref_axis',(0.707106781186546,0.,0.707106781186549));
#2009=DIRECTION('',(0.,-1.,0.));
#2010=DIRECTION('center_axis',(0.,0.,1.));
#2011=DIRECTION('ref_axis',(1.,0.,0.));
#2012=DIRECTION('',(1.,0.,0.));
#2013=DIRECTION('center_axis',(0.,0.,1.));
#2014=DIRECTION('ref_axis',(0.707106781186547,-0.707106781186547,0.));
#2015=DIRECTION('',(0.,1.,0.));
#2016=DIRECTION('center_axis',(0.,0.,1.));
#2017=DIRECTION('ref_axis',(0.707106781186547,0.707106781186548,0.));
#2018=DIRECTION('',(-1.,0.,0.));
#2019=DIRECTION('center_axis',(0.,0.,1.));
#2020=DIRECTION('ref_axis',(-0.707106781186547,0.707106781186548,0.));
#2021=DIRECTION('',(-1.,0.,0.));
#2022=DIRECTION('',(0.,1.,0.));
#2023=DIRECTION('',(1.,0.,0.));
#2024=DIRECTION('',(0.,-1.,0.));
#2025=DIRECTION('center_axis',(0.,0.,-1.));
#2026=DIRECTION('ref_axis',(1.,0.,0.));
#2027=DIRECTION('',(0.,-1.,0.));
#2028=DIRECTION('',(1.,0.,0.));
#2029=DIRECTION('',(0.,-1.,0.));
#2030=DIRECTION('',(-1.,0.,0.));
#2031=DIRECTION('',(0.,1.,0.));
#2032=DIRECTION('',(1.,0.,0.));
#2033=DIRECTION('',(0.,1.,0.));
#2034=DIRECTION('',(1.,0.,0.));
#2035=DIRECTION('center_axis',(0.,0.,-1.));
#2036=DIRECTION('ref_axis',(-1.,0.,0.));
#2037=DIRECTION('',(0.,0.,-1.));
#2038=DIRECTION('center_axis',(0.,0.,1.));
#2039=DIRECTION('ref_axis',(-1.,0.,0.));
#2040=DIRECTION('center_axis',(0.,0.,-1.));
#2041=DIRECTION('ref_axis',(-1.,0.,0.));
#2042=DIRECTION('center_axis',(-0.536736376166183,-0.843749999999997,-3.51281503885303E-16));
#2043=DIRECTION('ref_axis',(0.,-4.16333634234435E-16,1.));
#2044=DIRECTION('center_axis',(0.,0.,-1.));
#2045=DIRECTION('ref_axis',(0.707106781186547,-0.707106781186548,0.));
#2046=DIRECTION('center_axis',(0.843750000000003,0.536736376166172,0.));
#2047=DIRECTION('ref_axis',(-0.536736376166172,0.843750000000003,0.));
#2048=DIRECTION('center_axis',(0.,0.,1.));
#2049=DIRECTION('ref_axis',(0.707106781186547,-0.707106781186548,0.));
#2050=DIRECTION('center_axis',(0.,0.,-1.));
#2051=DIRECTION('ref_axis',(-1.,0.,0.));
#2052=DIRECTION('center_axis',(-0.843750000000003,0.536736376166172,0.));
#2053=DIRECTION('ref_axis',(0.,0.,1.));
#2054=DIRECTION('center_axis',(0.,0.,-1.));
#2055=DIRECTION('ref_axis',(-0.707106781186547,0.707106781186548,0.));
#2056=DIRECTION('center_axis',(-0.536736376166183,0.843749999999997,0.));
#2057=DIRECTION('ref_axis',(-0.843749999999997,-0.536736376166183,0.));
#2058=DIRECTION('center_axis',(1.,0.,0.));
#2059=DIRECTION('ref_axis',(0.,-0.707106781186546,0.707106781186549));
#2060=DIRECTION('',(-1.,0.,0.));
#2061=DIRECTION('center_axis',(-1.,0.,0.));
#2062=DIRECTION('ref_axis',(0.,-0.707106781186546,0.707106781186549));
#2063=DIRECTION('',(1.,0.,0.));
#2064=DIRECTION('center_axis',(1.,0.,0.));
#2065=DIRECTION('ref_axis',(0.,-0.707106781186546,0.707106781186549));
#2066=DIRECTION('',(-1.,0.,0.));
#2067=DIRECTION('center_axis',(0.,0.,-1.));
#2068=DIRECTION('ref_axis',(-1.,0.,0.));
#2069=DIRECTION('',(0.,0.,-1.));
#2070=DIRECTION('center_axis',(0.,0.,1.));
#2071=DIRECTION('ref_axis',(-1.,0.,0.));
#2072=DIRECTION('center_axis',(0.,0.,-1.));
#2073=DIRECTION('ref_axis',(-1.,0.,0.));
#2074=DIRECTION('center_axis',(-0.843750000000026,0.536736376166136,3.57538249784109E-15));
#2075=DIRECTION('ref_axis',(0.,-6.66133814775096E-15,1.));
#2076=DIRECTION('center_axis',(0.,0.,-1.));
#2077=DIRECTION('ref_axis',(-0.707106781186547,-0.707106781186548,0.));
#2078=DIRECTION('center_axis',(0.536736376166171,-0.843750000000004,-2.34187669256871E-16));
#2079=DIRECTION('ref_axis',(0.843750000000004,0.536736376166171,0.));
#2080=DIRECTION('center_axis',(0.,0.,1.));
#2081=DIRECTION('ref_axis',(-0.707106781186547,-0.707106781186548,0.));
#2082=DIRECTION('center_axis',(0.,0.,-1.));
#2083=DIRECTION('ref_axis',(0.707106781186546,0.707106781186549,0.));
#2084=DIRECTION('center_axis',(0.536736376166204,0.843749999999983,0.));
#2085=DIRECTION('ref_axis',(0.,0.,1.));
#2086=DIRECTION('center_axis',(0.,0.,-1.));
#2087=DIRECTION('ref_axis',(0.707106781186547,0.707106781186548,0.));
#2088=DIRECTION('center_axis',(0.,0.,-1.));
#2089=DIRECTION('ref_axis',(0.707106781186547,0.707106781186548,0.));
#2090=DIRECTION('center_axis',(0.843750000000026,0.536736376166136,-5.63766608319194E-14));
#2091=DIRECTION('ref_axis',(-0.536736376166136,0.843750000000026,0.));
#2092=DIRECTION('center_axis',(0.,-1.,0.));
#2093=DIRECTION('ref_axis',(-0.707106781186538,0.,0.707106781186557));
#2094=DIRECTION('',(0.,1.,0.));
#2095=DIRECTION('center_axis',(0.,1.,0.));
#2096=DIRECTION('ref_axis',(-0.707106781186542,0.,0.707106781186553));
#2097=DIRECTION('',(0.,-1.,0.));
#2098=DIRECTION('center_axis',(0.,-1.,0.));
#2099=DIRECTION('ref_axis',(-0.707106781186542,0.,0.707106781186553));
#2100=DIRECTION('',(0.,1.,0.));
#2101=DIRECTION('center_axis',(0.,0.,-1.));
#2102=DIRECTION('ref_axis',(-1.,0.,0.));
#2103=DIRECTION('',(0.,0.,-1.));
#2104=DIRECTION('center_axis',(0.,0.,1.));
#2105=DIRECTION('ref_axis',(-1.,0.,0.));
#2106=DIRECTION('center_axis',(0.,0.,-1.));
#2107=DIRECTION('ref_axis',(-1.,0.,0.));
#2108=DIRECTION('center_axis',(0.536736376166211,0.843749999999978,0.));
#2109=DIRECTION('ref_axis',(0.,0.,1.));
#2110=DIRECTION('center_axis',(0.,0.,-1.));
#2111=DIRECTION('ref_axis',(-0.707106781186548,0.707106781186548,0.));
#2112=DIRECTION('center_axis',(-0.843749999999999,-0.536736376166179,0.));
#2113=DIRECTION('ref_axis',(0.536736376166179,-0.843749999999999,0.));
#2114=DIRECTION('center_axis',(0.,0.,1.));
#2115=DIRECTION('ref_axis',(-0.707106781186547,0.707106781186547,0.));
#2116=DIRECTION('center_axis',(0.,0.,-1.));
#2117=DIRECTION('ref_axis',(0.707106781186548,-0.707106781186548,0.));
#2118=DIRECTION('center_axis',(0.843749999999999,-0.536736376166179,0.));
#2119=DIRECTION('ref_axis',(0.,0.,1.));
#2120=DIRECTION('center_axis',(0.,0.,-1.));
#2121=DIRECTION('ref_axis',(0.707106781186548,-0.707106781186548,0.));
#2122=DIRECTION('center_axis',(0.,0.,-1.));
#2123=DIRECTION('ref_axis',(0.707106781186548,-0.707106781186548,0.));
#2124=DIRECTION('center_axis',(0.536736376166211,-0.843749999999978,0.));
#2125=DIRECTION('ref_axis',(0.843749999999978,0.536736376166212,0.));
#2126=DIRECTION('center_axis',(-1.,0.,0.));
#2127=DIRECTION('ref_axis',(0.,0.707106781186544,0.707106781186551));
#2128=DIRECTION('',(1.,0.,0.));
#2129=DIRECTION('center_axis',(1.,0.,0.));
#2130=DIRECTION('ref_axis',(0.,0.707106781186545,0.70710678118655));
#2131=DIRECTION('',(-1.,0.,0.));
#2132=DIRECTION('center_axis',(-1.,0.,0.));
#2133=DIRECTION('ref_axis',(0.,0.707106781186545,0.70710678118655));
#2134=DIRECTION('',(1.,0.,0.));
#2135=DIRECTION('center_axis',(0.,0.,-1.));
#2136=DIRECTION('ref_axis',(-1.,0.,0.));
#2137=DIRECTION('',(0.,0.,-1.));
#2138=DIRECTION('center_axis',(0.,0.,1.));
#2139=DIRECTION('ref_axis',(-1.,0.,0.));
#2140=DIRECTION('center_axis',(0.,0.,1.));
#2141=DIRECTION('ref_axis',(1.,0.,0.));
#2142=DIRECTION('center_axis',(0.,0.,1.));
#2143=DIRECTION('ref_axis',(1.,0.,0.));
#2144=DIRECTION('center_axis',(0.,0.,1.));
#2145=DIRECTION('ref_axis',(1.,0.,0.));
#2146=DIRECTION('center_axis',(0.,0.,1.));
#2147=DIRECTION('ref_axis',(1.,0.,0.));
#2148=DIRECTION('center_axis',(-0.40824829046386,-0.816496580927727,0.408248290463864));
#2149=DIRECTION('ref_axis',(-0.577350269189624,0.577350269189624,0.577350269189629));
#2150=DIRECTION('center_axis',(0.,0.,1.));
#2151=DIRECTION('ref_axis',(0.,1.,0.));
#2152=DIRECTION('center_axis',(0.,0.,1.));
#2153=DIRECTION('ref_axis',(-0.707106781186541,0.707106781186554,0.));
#2154=DIRECTION('center_axis',(0.,0.,1.));
#2155=DIRECTION('ref_axis',(-0.707106781186541,0.707106781186554,0.));
#2156=DIRECTION('',(0.,0.,1.));
#2157=DIRECTION('',(0.,0.,-1.));
#2158=DIRECTION('center_axis',(0.,0.,1.));
#2159=DIRECTION('ref_axis',(1.,0.,0.));
#2160=DIRECTION('',(1.,0.,0.));
#2161=DIRECTION('center_axis',(0.,0.,1.));
#2162=DIRECTION('ref_axis',(0.707106781186548,0.707106781186548,0.));
#2163=DIRECTION('',(0.,-1.,0.));
#2164=DIRECTION('center_axis',(0.,0.,1.));
#2165=DIRECTION('ref_axis',(0.707106781186549,-0.707106781186546,0.));
#2166=DIRECTION('',(-1.,0.,0.));
#2167=DIRECTION('center_axis',(0.,0.,1.));
#2168=DIRECTION('ref_axis',(-0.707106781186552,-0.707106781186543,0.));
#2169=DIRECTION('',(0.,1.,0.));
#2170=DIRECTION('',(0.,-1.,0.));
#2171=DIRECTION('',(1.,0.,0.));
#2172=DIRECTION('',(0.,1.,0.));
#2173=DIRECTION('',(1.,0.,0.));
#2174=DIRECTION('',(0.,1.,0.));
#2175=DIRECTION('',(-1.,0.,0.));
#2176=DIRECTION('',(0.,-1.,0.));
#2177=DIRECTION('',(1.,0.,0.));
#2178=DIRECTION('center_axis',(0.,0.,-1.));
#2179=DIRECTION('ref_axis',(1.,0.,0.));
#2180=DIRECTION('',(-1.,0.,0.));
#2181=DIRECTION('',(0.,-1.,0.));
#2182=DIRECTION('',(1.,0.,0.));
#2183=DIRECTION('',(0.,1.,0.));
#2184=DIRECTION('center_axis',(0.,1.,0.));
#2185=DIRECTION('ref_axis',(-1.,0.,0.));
#2186=DIRECTION('',(0.,0.,1.));
#2187=DIRECTION('center_axis',(0.40824829046386,-0.816496580927728,0.408248290463862));
#2188=DIRECTION('ref_axis',(0.577350269189626,0.577350269189623,0.577350269189628));
#2189=DIRECTION('center_axis',(0.,0.,1.));
#2190=DIRECTION('ref_axis',(1.,0.,0.));
#2191=DIRECTION('center_axis',(0.,0.,1.));
#2192=DIRECTION('ref_axis',(0.707106781186548,0.707106781186548,0.));
#2193=DIRECTION('',(0.,0.,-1.));
#2194=DIRECTION('center_axis',(0.,0.,1.));
#2195=DIRECTION('ref_axis',(-0.707106781186552,-0.707106781186543,0.));
#2196=DIRECTION('',(0.,0.,1.));
#2197=DIRECTION('center_axis',(0.,0.,-1.));
#2198=DIRECTION('ref_axis',(0.,-1.,0.));
#2199=DIRECTION('',(0.,0.,-1.));
#2200=DIRECTION('center_axis',(0.40824829046386,-0.816496580927723,-0.408248290463872));
#2201=DIRECTION('ref_axis',(-0.577350269189621,-0.577350269189629,0.577350269189628));
#2202=DIRECTION('center_axis',(0.,-1.,0.));
#2203=DIRECTION('ref_axis',(1.,0.,0.));
#2204=DIRECTION('',(0.,0.,-1.));
#2205=DIRECTION('center_axis',(0.,0.,1.));
#2206=DIRECTION('ref_axis',(0.707106781186549,-0.707106781186546,0.));
#2207=DIRECTION('',(0.,0.,1.));
#2208=DIRECTION('center_axis',(0.,0.,-1.));
#2209=DIRECTION('ref_axis',(1.,8.32667268468867E-16,0.));
#2210=DIRECTION('center_axis',(-0.408248290463863,-0.816496580927725,-0.408248290463865));
#2211=DIRECTION('ref_axis',(0.577350269189623,-0.577350269189626,0.577350269189628));
#2212=DIRECTION('center_axis',(1.,0.,0.));
#2213=DIRECTION('ref_axis',(0.,1.,0.));
#2214=DIRECTION('center_axis',(-1.,0.,0.));
#2215=DIRECTION('ref_axis',(0.,-1.,0.));
#2216=DIRECTION('center_axis',(0.,-1.,0.));
#2217=DIRECTION('ref_axis',(1.,0.,0.));
#2218=DIRECTION('',(0.,0.,1.));
#2219=DIRECTION('',(0.,0.,1.));
#2220=DIRECTION('center_axis',(1.,0.,0.));
#2221=DIRECTION('ref_axis',(0.,1.,0.));
#2222=DIRECTION('',(0.,0.,1.));
#2223=DIRECTION('center_axis',(0.,-1.,0.));
#2224=DIRECTION('ref_axis',(1.,0.,0.));
#2225=DIRECTION('',(0.,0.,1.));
#2226=DIRECTION('center_axis',(1.,0.,0.));
#2227=DIRECTION('ref_axis',(0.,1.,0.));
#2228=DIRECTION('',(0.,0.,1.));
#2229=DIRECTION('center_axis',(0.,1.,0.));
#2230=DIRECTION('ref_axis',(-1.,0.,0.));
#2231=DIRECTION('',(0.,0.,1.));
#2232=DIRECTION('center_axis',(-1.,0.,0.));
#2233=DIRECTION('ref_axis',(0.,-1.,0.));
#2234=DIRECTION('',(0.,0.,1.));
#2235=DIRECTION('center_axis',(0.,-1.,0.));
#2236=DIRECTION('ref_axis',(1.,0.,0.));
#2237=DIRECTION('',(0.,0.,1.));
#2238=DIRECTION('center_axis',(-1.,0.,0.));
#2239=DIRECTION('ref_axis',(0.,-1.,0.));
#2240=DIRECTION('center_axis',(0.,0.,1.));
#2241=DIRECTION('ref_axis',(1.,0.,0.));
#2242=DIRECTION('',(0.,0.,-1.));
#2243=DIRECTION('center_axis',(-1.,0.,0.));
#2244=DIRECTION('ref_axis',(0.,-1.,0.));
#2245=DIRECTION('',(0.,0.,1.));
#2246=DIRECTION('',(0.,0.,1.));
#2247=DIRECTION('center_axis',(0.,-1.,0.));
#2248=DIRECTION('ref_axis',(1.,0.,0.));
#2249=DIRECTION('',(0.,0.,1.));
#2250=DIRECTION('center_axis',(1.,0.,0.));
#2251=DIRECTION('ref_axis',(0.,1.,0.));
#2252=DIRECTION('',(0.,0.,1.));
#2253=DIRECTION('center_axis',(0.,1.,0.));
#2254=DIRECTION('ref_axis',(-1.,0.,0.));
#2255=CARTESIAN_POINT('',(0.,0.,0.));
#2256=CARTESIAN_POINT('Origin',(-67.6095820116159,59.8499986622483,0.));
#2257=CARTESIAN_POINT('',(-67.6095820116159,59.8499986622483,0.));
#2258=CARTESIAN_POINT('',(-67.6095820116159,35.5042962360597,0.));
#2259=CARTESIAN_POINT('',(-67.6095820116159,45.7499986622483,0.));
#2260=CARTESIAN_POINT('',(-67.6095820116159,59.8499986622483,-3.4));
#2261=CARTESIAN_POINT('',(-67.6095820116159,59.8499986622483,0.));
#2262=CARTESIAN_POINT('',(-67.6095820116159,35.5042962360597,-3.4));
#2263=CARTESIAN_POINT('',(-67.6095820116159,59.8499986622483,-3.4));
#2264=CARTESIAN_POINT('',(-67.6095820116159,35.5042962360597,0.));
#2265=CARTESIAN_POINT('Origin',(-90.4289828807134,35.5042962360597,0.));
#2266=CARTESIAN_POINT('',(-90.4289828807134,35.5042962360597,0.));
#2267=CARTESIAN_POINT('',(-90.4289828807134,59.8499986622483,0.));
#2268=CARTESIAN_POINT('',(-90.4289828807134,33.577147449154,0.));
#2269=CARTESIAN_POINT('',(-90.4289828807134,35.5042962360597,-3.4));
#2270=CARTESIAN_POINT('',(-90.4289828807134,35.5042962360597,0.));
#2271=CARTESIAN_POINT('',(-90.4289828807134,59.8499986622483,-3.4));
#2272=CARTESIAN_POINT('',(-90.4289828807134,35.5042962360597,-3.4));
#2273=CARTESIAN_POINT('',(-90.4289828807134,59.8499986622483,0.));
#2274=CARTESIAN_POINT('Origin',(-67.6095820116159,35.5042962360597,0.));
#2275=CARTESIAN_POINT('',(-63.4451794902648,35.5042962360597,0.));
#2276=CARTESIAN_POINT('',(-67.6095820116159,35.5042962360597,-3.4));
#2277=CARTESIAN_POINT('Origin',(-79.0192824461647,47.677147449154,-3.4));
#2278=CARTESIAN_POINT('',(-73.2000010728836,59.8499986622483,-3.4));
#2279=CARTESIAN_POINT('',(-90.4289828807134,59.8499986622483,-3.4));
#2280=CARTESIAN_POINT('',(-83.8000012367964,59.8499986622483,-3.4));
#2281=CARTESIAN_POINT('',(-78.7596418005023,59.8499986622483,-3.4));
#2282=CARTESIAN_POINT('',(-90.4289828807134,59.8499986622483,-3.4));
#2283=CARTESIAN_POINT('Origin',(-78.50000115484,59.8499986622483,-1.01214450571642));
#2284=CARTESIAN_POINT('',(-73.5000010728836,59.8499986622483,-3.5));
#2285=CARTESIAN_POINT('Origin',(-73.5000010728836,59.8499986622483,-3.));
#2286=CARTESIAN_POINT('',(-83.5000012367964,59.8499986622483,-3.5));
#2287=CARTESIAN_POINT('',(-73.0000010728836,59.8499986622483,-3.5));
#2288=CARTESIAN_POINT('Origin',(-83.5000012367964,59.8499986622483,-3.));
#2289=CARTESIAN_POINT('Origin',(-25.4305961813709,0.69987344646943,13.4));
#2290=CARTESIAN_POINT('',(-24.0805961813709,0.69987344646943,11.4));
#2291=CARTESIAN_POINT('Origin',(-25.4305961813709,0.69987344646943,11.4));
#2292=CARTESIAN_POINT('',(-24.0805961813709,0.69987344646943,6.4));
#2293=CARTESIAN_POINT('',(-24.0805961813709,0.69987344646943,13.4));
#2294=CARTESIAN_POINT('Origin',(-25.4305961813709,0.69987344646943,6.4));
#2295=CARTESIAN_POINT('Origin',(-25.4305961813709,0.69987344646943,6.4));
#2296=CARTESIAN_POINT('Origin',(-93.1300045350567,0.699873446469427,13.4));
#2297=CARTESIAN_POINT('',(-91.7800045350567,0.699873446469427,11.4));
#2298=CARTESIAN_POINT('Origin',(-93.1300045350567,0.699873446469427,11.4));
#2299=CARTESIAN_POINT('',(-91.7800045350567,0.699873446469427,6.4));
#2300=CARTESIAN_POINT('',(-91.7800045350567,0.699873446469427,13.4));
#2301=CARTESIAN_POINT('Origin',(-93.1300045350567,0.699873446469427,6.4));
#2302=CARTESIAN_POINT('Origin',(-93.1300045350567,0.699873446469427,6.4));
#2303=CARTESIAN_POINT('Origin',(-25.4305961813709,62.4999045464694,13.4));
#2304=CARTESIAN_POINT('',(-24.0805961813709,62.4999045464694,11.4));
#2305=CARTESIAN_POINT('Origin',(-25.4305961813709,62.4999045464694,11.4));
#2306=CARTESIAN_POINT('',(-24.0805961813709,62.4999045464694,6.4));
#2307=CARTESIAN_POINT('',(-24.0805961813709,62.4999045464694,13.4));
#2308=CARTESIAN_POINT('Origin',(-25.4305961813709,62.4999045464694,6.4));
#2309=CARTESIAN_POINT('Origin',(-25.4305961813709,62.4999045464694,6.4));
#2310=CARTESIAN_POINT('Origin',(-93.1300045350567,62.4999045464694,13.4));
#2311=CARTESIAN_POINT('',(-91.7800045350567,62.4999045464694,11.4));
#2312=CARTESIAN_POINT('Origin',(-93.1300045350567,62.4999045464694,11.4));
#2313=CARTESIAN_POINT('',(-91.7800045350567,62.4999045464694,6.4));
#2314=CARTESIAN_POINT('',(-91.7800045350567,62.4999045464694,13.4));
#2315=CARTESIAN_POINT('Origin',(-93.1300045350567,62.4999045464694,6.4));
#2316=CARTESIAN_POINT('Origin',(-93.1300045350567,62.4999045464694,6.4));
#2317=CARTESIAN_POINT('Origin',(-83.5000012367964,64.8499986622483,0.975710988567168));
#2318=CARTESIAN_POINT('',(-84.0000012367964,64.8499986622483,0.975710988567168));
#2319=CARTESIAN_POINT('',(-83.5000012367964,64.8499986622483,1.47571098856717));
#2320=CARTESIAN_POINT('Origin',(-83.5000012367964,64.8499986622483,0.975710988567168));
#2321=CARTESIAN_POINT('',(-83.5000012367964,59.8499986622483,1.47571098856717));
#2322=CARTESIAN_POINT('',(-83.5000012367964,64.8499986622483,1.47571098856717));
#2323=CARTESIAN_POINT('',(-84.0000012367964,59.8499986622483,0.975710988567168));
#2324=CARTESIAN_POINT('Origin',(-83.5000012367964,59.8499986622483,0.975710988567168));
#2325=CARTESIAN_POINT('',(-84.0000012367964,64.8499986622483,0.975710988567168));
#2326=CARTESIAN_POINT('Origin',(-73.0000010728836,64.8499986622483,1.47571098856717));
#2327=CARTESIAN_POINT('',(-73.5000010728836,64.8499986622483,1.47571098856717));
#2328=CARTESIAN_POINT('',(-50.5403890208986,64.8499986622483,1.47571098856717));
#2329=CARTESIAN_POINT('',(-73.5000010728836,59.8499986622483,1.47571098856717));
#2330=CARTESIAN_POINT('',(-73.5000010728836,64.8499986622483,1.47571098856717));
#2331=CARTESIAN_POINT('',(-50.5403890208986,59.8499986622483,1.47571098856717));
#2332=CARTESIAN_POINT('Origin',(-83.5000012367964,64.8499986622483,-3.));
#2333=CARTESIAN_POINT('',(-83.5000012367964,64.8499986622483,-3.5));
#2334=CARTESIAN_POINT('',(-83.5000012367964,64.8499986622483,-3.5));
#2335=CARTESIAN_POINT('',(-84.0000012367964,64.8499986622483,-3.));
#2336=CARTESIAN_POINT('Origin',(-83.5000012367964,64.8499986622483,-3.));
#2337=CARTESIAN_POINT('',(-84.0000012367964,59.8499986622483,-3.));
#2338=CARTESIAN_POINT('',(-84.0000012367964,64.8499986622483,-3.));
#2339=CARTESIAN_POINT('Origin',(-83.5000012367964,59.8499986622483,-3.));
#2340=CARTESIAN_POINT('Origin',(-84.0000012367964,64.8499986622483,-3.5));
#2341=CARTESIAN_POINT('',(-73.5000010728836,64.8499986622483,-3.5));
#2342=CARTESIAN_POINT('',(-73.5000010728836,64.8499986622483,-3.5));
#2343=CARTESIAN_POINT('',(-56.040389102855,64.8499986622483,-3.5));
#2344=CARTESIAN_POINT('Origin',(-73.5000010728836,64.8499986622483,0.975710988567168));
#2345=CARTESIAN_POINT('',(-73.0000010728836,64.8499986622483,0.975710988567168));
#2346=CARTESIAN_POINT('Origin',(-73.5000010728836,64.8499986622483,0.975710988567168));
#2347=CARTESIAN_POINT('',(-73.0000010728836,59.8499986622483,0.975710988567168));
#2348=CARTESIAN_POINT('',(-73.0000010728836,64.8499986622483,0.975710988567168));
#2349=CARTESIAN_POINT('Origin',(-73.5000010728836,59.8499986622483,0.975710988567168));
#2350=CARTESIAN_POINT('Origin',(-73.0000010728836,64.8499986622483,-3.5));
#2351=CARTESIAN_POINT('',(-73.0000010728836,64.8499986622483,-3.));
#2352=CARTESIAN_POINT('',(-73.0000010728836,64.8499986622483,-1.75));
#2353=CARTESIAN_POINT('',(-73.0000010728836,59.8499986622483,-3.));
#2354=CARTESIAN_POINT('',(-73.0000010728836,64.8499986622483,-3.));
#2355=CARTESIAN_POINT('',(-73.0000010728836,59.8499986622483,1.47571098856717));
#2356=CARTESIAN_POINT('Origin',(-73.5000010728836,64.8499986622483,-3.));
#2357=CARTESIAN_POINT('Origin',(-73.5000010728836,59.8499986622483,-3.));
#2358=CARTESIAN_POINT('Origin',(-73.5000010728836,64.8499986622483,-3.));
#2359=CARTESIAN_POINT('Origin',(-94.4807769689136,63.8499986622483,0.));
#2360=CARTESIAN_POINT('',(-95.4807769689136,63.8499986622483,11.4));
#2361=CARTESIAN_POINT('',(-94.4807769689136,64.8499986622483,11.4));
#2362=CARTESIAN_POINT('Origin',(-94.4807769689136,63.8499986622483,11.4));
#2363=CARTESIAN_POINT('',(-94.4807769689136,64.8499986622483,-5.));
#2364=CARTESIAN_POINT('',(-94.4807769689136,64.8499986622483,0.));
#2365=CARTESIAN_POINT('',(-95.4807769689136,63.8499986622483,-5.));
#2366=CARTESIAN_POINT('Origin',(-94.4807769689136,63.8499986622483,-5.));
#2367=CARTESIAN_POINT('',(-95.4807769689136,63.8499986622483,0.));
#2368=CARTESIAN_POINT('Origin',(-28.0807769689136,64.8499986622483,0.));
#2369=CARTESIAN_POINT('',(-24.0807769689136,64.8499986622483,11.4));
#2370=CARTESIAN_POINT('',(-43.6807769689136,64.8499986622483,11.4));
#2371=CARTESIAN_POINT('',(-24.0807769689136,64.8499986622483,-5.));
#2372=CARTESIAN_POINT('',(-24.0807769689136,64.8499986622483,0.));
#2373=CARTESIAN_POINT('',(-43.6807769689136,64.8499986622483,-5.));
#2374=CARTESIAN_POINT('',(-84.0000012367964,64.8499986622483,0.737855494283584));
#2375=CARTESIAN_POINT('Origin',(-59.2807769689136,31.6499986622483,11.4));
#2376=CARTESIAN_POINT('',(-95.4807769689136,-0.550001337751755,11.4));
#2377=CARTESIAN_POINT('',(-95.4807769689136,45.7499986622483,11.4));
#2378=CARTESIAN_POINT('',(-94.4807769689136,-1.55000133775175,11.4));
#2379=CARTESIAN_POINT('Origin',(-94.4807769689136,-0.550001337751751,11.4));
#2380=CARTESIAN_POINT('',(-24.0807769689136,-1.55000133775175,11.4));
#2381=CARTESIAN_POINT('',(-74.8807769689136,-1.55000133775175,11.4));
#2382=CARTESIAN_POINT('',(-23.0807769689136,-0.550001337751751,11.4));
#2383=CARTESIAN_POINT('Origin',(-24.0807769689136,-0.550001337751752,11.4));
#2384=CARTESIAN_POINT('',(-23.0807769689136,63.8499986622483,11.4));
#2385=CARTESIAN_POINT('',(-23.0807769689136,17.5499986622482,11.4));
#2386=CARTESIAN_POINT('Origin',(-24.0807769689136,63.8499986622483,11.4));
#2387=CARTESIAN_POINT('',(-90.4807769689136,3.44999866224825,11.4));
#2388=CARTESIAN_POINT('',(-90.4807769689136,59.8499986622483,11.4));
#2389=CARTESIAN_POINT('',(-90.4807769689136,3.44999866224825,11.4));
#2390=CARTESIAN_POINT('',(-28.0807769689136,59.8499986622483,11.4));
#2391=CARTESIAN_POINT('',(-90.4807769689136,59.8499986622483,11.4));
#2392=CARTESIAN_POINT('',(-28.0807769689136,3.44999866224825,11.4));
#2393=CARTESIAN_POINT('',(-28.0807769689136,59.8499986622483,11.4));
#2394=CARTESIAN_POINT('',(-28.0807769689136,3.44999866224825,11.4));
#2395=CARTESIAN_POINT('Origin',(-24.0807769689136,63.8499986622483,0.));
#2396=CARTESIAN_POINT('',(-23.0807769689136,63.8499986622483,-5.));
#2397=CARTESIAN_POINT('',(-23.0807769689136,63.8499986622483,0.));
#2398=CARTESIAN_POINT('Origin',(-24.0807769689136,63.8499986622483,-5.));
#2399=CARTESIAN_POINT('Origin',(-23.0807769689136,3.44999866224825,0.));
#2400=CARTESIAN_POINT('',(-23.0807769689136,-0.550001337751751,-5.));
#2401=CARTESIAN_POINT('',(-23.0807769689136,-0.550001337751752,0.));
#2402=CARTESIAN_POINT('',(-23.0807769689136,17.5499986622482,-5.));
#2403=CARTESIAN_POINT('Origin',(-24.0807769689136,-0.550001337751752,0.));
#2404=CARTESIAN_POINT('',(-24.0807769689136,-1.55000133775175,-5.));
#2405=CARTESIAN_POINT('',(-24.0807769689136,-1.55000133775175,0.));
#2406=CARTESIAN_POINT('Origin',(-24.0807769689136,-0.550001337751752,-5.));
#2407=CARTESIAN_POINT('Origin',(-90.4807769689136,-1.55000133775175,0.));
#2408=CARTESIAN_POINT('',(-94.4807769689136,-1.55000133775175,-5.));
#2409=CARTESIAN_POINT('',(-94.4807769689136,-1.55000133775175,0.));
#2410=CARTESIAN_POINT('',(-74.8807769689136,-1.55000133775175,-5.));
#2411=CARTESIAN_POINT('Origin',(-94.4807769689136,-0.550001337751751,0.));
#2412=CARTESIAN_POINT('',(-95.4807769689136,-0.550001337751755,-5.));
#2413=CARTESIAN_POINT('',(-95.4807769689136,-0.550001337751751,0.));
#2414=CARTESIAN_POINT('Origin',(-94.4807769689136,-0.550001337751751,-5.));
#2415=CARTESIAN_POINT('Origin',(-84.0000012367964,64.8499986622483,1.47571098856717));
#2416=CARTESIAN_POINT('',(-84.0000012367964,59.8499986622483,-3.5));
#2417=CARTESIAN_POINT('Origin',(-90.4807769689136,59.8499986622483,0.));
#2418=CARTESIAN_POINT('',(-90.4807769689136,3.44999866224825,0.));
#2419=CARTESIAN_POINT('',(-90.4807769689136,59.8499986622483,0.));
#2420=CARTESIAN_POINT('',(-90.4807769689136,3.44999866224825,0.));
#2421=CARTESIAN_POINT('',(-90.4807769689136,59.8499986622483,0.));
#2422=CARTESIAN_POINT('',(-90.4807769689136,3.44999866224825,0.));
#2423=CARTESIAN_POINT('Origin',(-28.0807769689136,59.8499986622483,0.));
#2424=CARTESIAN_POINT('',(-28.0807769689136,59.8499986622483,0.));
#2425=CARTESIAN_POINT('',(-90.4807769689136,59.8499986622483,0.));
#2426=CARTESIAN_POINT('',(-28.0807769689136,59.8499986622483,0.));
#2427=CARTESIAN_POINT('',(-90.4807769689136,59.8499986622483,0.));
#2428=CARTESIAN_POINT('Origin',(-28.0807769689136,3.44999866224825,0.));
#2429=CARTESIAN_POINT('',(-28.0807769689136,3.44999866224825,0.));
#2430=CARTESIAN_POINT('',(-28.0807769689136,59.8499986622483,0.));
#2431=CARTESIAN_POINT('',(-28.0807769689136,3.44999866224825,0.));
#2432=CARTESIAN_POINT('Origin',(-90.4807769689136,3.44999866224825,0.));
#2433=CARTESIAN_POINT('',(-28.0807769689136,3.44999866224825,0.));
#2434=CARTESIAN_POINT('Origin',(-59.2807769689136,31.6499986622483,0.));
#2435=CARTESIAN_POINT('Origin',(-95.4807769689136,59.8499986622483,0.));
#2436=CARTESIAN_POINT('',(-95.4807769689136,45.7499986622483,-5.));
#2437=CARTESIAN_POINT('Origin',(-59.2807769689136,31.6499986622483,-5.));
#2438=CARTESIAN_POINT('Origin',(-25.4305961813709,62.4999045464694,13.15));
#2439=CARTESIAN_POINT('',(-24.571817979505,63.8499045464694,13.4));
#2440=CARTESIAN_POINT('',(-24.7060020735465,63.6389670464694,13.15));
#2441=CARTESIAN_POINT('Origin',(-24.571817979505,63.8499045464694,13.15));
#2442=CARTESIAN_POINT('',(-24.2915336813709,63.2244986542938,13.15));
#2443=CARTESIAN_POINT('Origin',(-25.4305961813709,62.4999045464694,13.15));
#2444=CARTESIAN_POINT('',(-24.0805961813709,63.3586827483353,13.4));
#2445=CARTESIAN_POINT('Origin',(-24.0805961813709,63.3586827483353,13.15));
#2446=CARTESIAN_POINT('Origin',(-25.4305961813709,62.4999045464694,13.4));
#2447=CARTESIAN_POINT('Origin',(-25.4305961813709,62.4999045464694,13.15));
#2448=CARTESIAN_POINT('',(-24.0805961813709,61.6411263446035,13.4));
#2449=CARTESIAN_POINT('',(-24.2915336813709,61.7753104386451,13.15));
#2450=CARTESIAN_POINT('Origin',(-24.0805961813709,61.6411263446035,13.15));
#2451=CARTESIAN_POINT('',(-26.1551902891952,63.6389670464694,13.15));
#2452=CARTESIAN_POINT('Origin',(-25.4305961813709,62.4999045464694,13.15));
#2453=CARTESIAN_POINT('',(-26.2893743832368,63.8499045464694,13.4));
#2454=CARTESIAN_POINT('Origin',(-26.2893743832368,63.8499045464694,13.15));
#2455=CARTESIAN_POINT('Origin',(-25.4305961813709,62.4999045464694,13.4));
#2456=CARTESIAN_POINT('Ctrl Pts',(-24.2915336813709,63.2244986542938,13.15));
#2457=CARTESIAN_POINT('Ctrl Pts',(-24.2132317225235,63.1014079142001,13.15));
#2458=CARTESIAN_POINT('Ctrl Pts',(-24.1263820518504,62.8982764345114,13.1258931471434));
#2459=CARTESIAN_POINT('Ctrl Pts',(-24.0791838421533,62.6097771118802,13.1066994835775));
#2460=CARTESIAN_POINT('Ctrl Pts',(-24.0792074588437,62.3900468997593,13.1068069173217));
#2461=CARTESIAN_POINT('Ctrl Pts',(-24.1263466461586,62.1016170604155,13.1258196716702));
#2462=CARTESIAN_POINT('Ctrl Pts',(-24.2132317225235,61.8984011787387,13.15));
#2463=CARTESIAN_POINT('Ctrl Pts',(-24.2915336813709,61.7753104386451,13.15));
#2464=CARTESIAN_POINT('Ctrl Pts',(-24.2915336813709,63.2244986542938,13.1873999125427));
#2465=CARTESIAN_POINT('Ctrl Pts',(-24.211919581517,63.0993050628301,13.189912568774));
#2466=CARTESIAN_POINT('Ctrl Pts',(-24.1254339136027,62.8943477473035,13.1692136161127));
#2467=CARTESIAN_POINT('Ctrl Pts',(-24.0793355531919,62.6083246911831,13.1524121143504));
#2468=CARTESIAN_POINT('Ctrl Pts',(-24.0793573238769,62.3914666810947,13.1525207164601));
#2469=CARTESIAN_POINT('Ctrl Pts',(-24.1253933434488,62.1055445122012,13.1691345870646));
#2470=CARTESIAN_POINT('Ctrl Pts',(-24.211919581517,61.9005040301087,13.189912568774));
#2471=CARTESIAN_POINT('Ctrl Pts',(-24.2915336813709,61.7753104386451,13.1873999125427));
#2472=CARTESIAN_POINT('Ctrl Pts',(-24.2787995869822,63.232599219243,13.2525592402573));
#2473=CARTESIAN_POINT('Ctrl Pts',(-24.1942499140967,63.103474746744,13.2593516167573));
#2474=CARTESIAN_POINT('Ctrl Pts',(-24.1039875739098,62.8939276531949,13.2443781384363));
#2475=CARTESIAN_POINT('Ctrl Pts',(-24.0567748682046,62.6077231939015,13.2315665563089));
#2476=CARTESIAN_POINT('Ctrl Pts',(-24.0567961183806,62.392057507045,13.2316772752866));
#2477=CARTESIAN_POINT('Ctrl Pts',(-24.1039391954744,62.1059805830521,13.2442897726522));
#2478=CARTESIAN_POINT('Ctrl Pts',(-24.1942499140968,61.8963343461948,13.2593516167573));
#2479=CARTESIAN_POINT('Ctrl Pts',(-24.2787995869822,61.7672098736958,13.2525592402573));
#2480=CARTESIAN_POINT('Ctrl Pts',(-24.2141390296651,63.2737318689797,13.3613195821658));
#2481=CARTESIAN_POINT('Ctrl Pts',(-24.1131052083961,63.1367255655871,13.3724460533471));
#2482=CARTESIAN_POINT('Ctrl Pts',(-24.0036673132454,62.9146617784059,13.3616681049182));
#2483=CARTESIAN_POINT('Ctrl Pts',(-23.9457266001753,62.6132194400424,13.3514578954231));
#2484=CARTESIAN_POINT('Ctrl Pts',(-23.9457526584794,62.386567193722,13.3515762478486));
#2485=CARTESIAN_POINT('Ctrl Pts',(-24.0036130475863,62.0852614141383,13.3615684765425));
#2486=CARTESIAN_POINT('Ctrl Pts',(-24.1131052083962,61.8630835273517,13.3724460533471));
#2487=CARTESIAN_POINT('Ctrl Pts',(-24.2141390296651,61.7260772239592,13.3613195821658));
#2488=CARTESIAN_POINT('Ctrl Pts',(-24.1358194897348,63.3235534346629,13.4));
#2489=CARTESIAN_POINT('Ctrl Pts',(-24.0195547071471,63.181283206305,13.4069877073262));
#2490=CARTESIAN_POINT('Ctrl Pts',(-23.8903633968419,62.9480987380178,13.3869868930837));
#2491=CARTESIAN_POINT('Ctrl Pts',(-23.8201904738483,62.6230446764887,13.3697631633573));
#2492=CARTESIAN_POINT('Ctrl Pts',(-23.8202241134827,62.3767264639632,13.3698927763442));
#2493=CARTESIAN_POINT('Ctrl Pts',(-23.8903109132602,62.0517941285951,13.3868906228485));
#2494=CARTESIAN_POINT('Ctrl Pts',(-24.0195547071471,61.8185258866337,13.4069877073262));
#2495=CARTESIAN_POINT('Ctrl Pts',(-24.1358194897348,61.676255658276,13.4));
#2496=CARTESIAN_POINT('Ctrl Pts',(-24.0805961813709,63.3586827483353,13.4));
#2497=CARTESIAN_POINT('Ctrl Pts',(-23.956859752575,63.2127974267427,13.4));
#2498=CARTESIAN_POINT('Ctrl Pts',(-23.8196158285483,62.9720490063709,13.3678575295246));
#2499=CARTESIAN_POINT('Ctrl Pts',(-23.745031003348,62.6301238832525,13.3422659781034));
#2500=CARTESIAN_POINT('Ctrl Pts',(-23.7450683235502,62.3697028911092,13.3424092230957));
#2501=CARTESIAN_POINT('Ctrl Pts',(-23.8195598788132,62.0278601185536,13.367759562227));
#2502=CARTESIAN_POINT('Ctrl Pts',(-23.956859752575,61.787011666196,13.4));
#2503=CARTESIAN_POINT('Ctrl Pts',(-24.0805961813709,61.6411263446035,13.4));
#2504=CARTESIAN_POINT('Ctrl Pts',(-24.0805961813709,61.6411263446035,13.4));
#2505=CARTESIAN_POINT('Ctrl Pts',(-23.956859752575,61.787011666196,13.4));
#2506=CARTESIAN_POINT('Ctrl Pts',(-23.8195598788132,62.0278601185536,13.367759562227));
#2507=CARTESIAN_POINT('Ctrl Pts',(-23.7450683235502,62.3697028911092,13.3424092230957));
#2508=CARTESIAN_POINT('Ctrl Pts',(-23.745031003348,62.6301238832525,13.3422659781034));
#2509=CARTESIAN_POINT('Ctrl Pts',(-23.8196158285483,62.9720490063709,13.3678575295246));
#2510=CARTESIAN_POINT('Ctrl Pts',(-23.956859752575,63.2127974267427,13.4));
#2511=CARTESIAN_POINT('Ctrl Pts',(-24.0805961813709,63.3586827483353,13.4));
#2512=CARTESIAN_POINT('',(-24.0806436492124,62.499912808971,13.1072639895272));
#2513=CARTESIAN_POINT('Ctrl Pts',(-24.2915336813709,63.2244986542938,13.15));
#2514=CARTESIAN_POINT('Ctrl Pts',(-24.2132317225235,63.1014079142001,13.15));
#2515=CARTESIAN_POINT('Ctrl Pts',(-24.1263820518504,62.8982764345114,13.1258931471434));
#2516=CARTESIAN_POINT('Ctrl Pts',(-24.0850838473193,62.6458409266912,13.1090987846298));
#2517=CARTESIAN_POINT('Ctrl Pts',(-24.0806677567153,62.5363967176876,13.1073396187299));
#2518=CARTESIAN_POINT('Ctrl Pts',(-24.0806696720972,62.4999173386508,13.1073501744979));
#2519=CARTESIAN_POINT('Ctrl Pts',(-24.0806696720972,62.4999173386508,13.1073501744979));
#2520=CARTESIAN_POINT('Ctrl Pts',(-24.0806715876277,62.4634351281776,13.1073607310851));
#2521=CARTESIAN_POINT('Ctrl Pts',(-24.0850996285905,62.3539945689863,13.1091834193863));
#2522=CARTESIAN_POINT('Ctrl Pts',(-24.1263466461586,62.1016170604155,13.1258196716702));
#2523=CARTESIAN_POINT('Ctrl Pts',(-24.2132317225235,61.8984011787387,13.15));
#2524=CARTESIAN_POINT('Ctrl Pts',(-24.2915336813709,61.7753104386451,13.15));
#2525=CARTESIAN_POINT('Ctrl Pts',(-26.1551902891952,63.6389670464694,13.15));
#2526=CARTESIAN_POINT('Ctrl Pts',(-26.0320995491016,63.7172690053168,13.15));
#2527=CARTESIAN_POINT('Ctrl Pts',(-25.8289418664661,63.8041435096989,13.1258234897977));
#2528=CARTESIAN_POINT('Ctrl Pts',(-25.5404703089322,63.8512946358028,13.1068069000505));
#2529=CARTESIAN_POINT('Ctrl Pts',(-25.3207318146462,63.8513151225137,13.1067003241199));
#2530=CARTESIAN_POINT('Ctrl Pts',(-25.0322853083583,63.8041327778206,13.1258893613801));
#2531=CARTESIAN_POINT('Ctrl Pts',(-24.8290928136402,63.7172690053168,13.15));
#2532=CARTESIAN_POINT('Ctrl Pts',(-24.7060020735465,63.6389670464694,13.15));
#2533=CARTESIAN_POINT('Ctrl Pts',(-26.1551902891952,63.6389670464694,13.1873999125427));
#2534=CARTESIAN_POINT('Ctrl Pts',(-26.0299966977316,63.7185811463233,13.189912568774));
#2535=CARTESIAN_POINT('Ctrl Pts',(-25.8250141397493,63.805096934838,13.1691379700295));
#2536=CARTESIAN_POINT('Ctrl Pts',(-25.5390504128283,63.85114475472,13.1525207888319));
#2537=CARTESIAN_POINT('Ctrl Pts',(-25.3221842587673,63.8511634122918,13.1524129178408));
#2538=CARTESIAN_POINT('Ctrl Pts',(-25.0362139082508,63.8050807808876,13.1692104675132));
#2539=CARTESIAN_POINT('Ctrl Pts',(-24.8311956650102,63.7185811463233,13.189912568774));
#2540=CARTESIAN_POINT('Ctrl Pts',(-24.7060020735465,63.6389670464694,13.1873999125427));
#2541=CARTESIAN_POINT('Ctrl Pts',(-26.1632910083969,63.651701383343,13.2525588131082));
#2542=CARTESIAN_POINT('Ctrl Pts',(-26.0341665358979,63.7362510562284,13.2593511896082));
#2543=CARTESIAN_POINT('Ctrl Pts',(-25.8245784476456,63.8265510016221,13.2442919548684));
#2544=CARTESIAN_POINT('Ctrl Pts',(-25.5384596824255,63.8737063080492,13.2316770239087));
#2545=CARTESIAN_POINT('Ctrl Pts',(-25.3227858774415,63.8737243115976,13.2315668244194));
#2546=CARTESIAN_POINT('Ctrl Pts',(-25.0366345624301,63.8265279518548,13.2443755831708));
#2547=CARTESIAN_POINT('Ctrl Pts',(-24.8270258268439,63.7362510562285,13.2593511896082));
#2548=CARTESIAN_POINT('Ctrl Pts',(-24.6979013543449,63.651701383343,13.2525588131081));
#2549=CARTESIAN_POINT('Ctrl Pts',(-26.2044237123283,63.7163620258545,13.3613188927961));
#2550=CARTESIAN_POINT('Ctrl Pts',(-26.067417408936,63.8173958471234,13.3724453639773));
#2551=CARTESIAN_POINT('Ctrl Pts',(-25.8453008261974,63.9268748523857,13.361569780395));
#2552=CARTESIAN_POINT('Ctrl Pts',(-25.5439508954641,63.9847501356243,13.3515757297176));
#2553=CARTESIAN_POINT('Ctrl Pts',(-25.3172901103844,63.9847722552656,13.3514577432706));
#2554=CARTESIAN_POINT('Ctrl Pts',(-25.0159038670955,63.9268514105377,13.361665941598));
#2555=CARTESIAN_POINT('Ctrl Pts',(-24.7937749538058,63.8173958471234,13.3724453639773));
#2556=CARTESIAN_POINT('Ctrl Pts',(-24.6567686504134,63.7163620258545,13.3613188927961));
#2557=CARTESIAN_POINT('Ctrl Pts',(-26.2542450695643,63.7946812381055,13.4));
#2558=CARTESIAN_POINT('Ctrl Pts',(-26.1119748412067,63.9109460206931,13.4069877073262));
#2559=CARTESIAN_POINT('Ctrl Pts',(-25.8787724356217,64.0401740978536,13.3868942254557));
#2560=CARTESIAN_POINT('Ctrl Pts',(-25.5537928612313,64.110278654124,13.3698931088382));
#2561=CARTESIAN_POINT('Ctrl Pts',(-25.3074654022407,64.1103076372601,13.369764193272));
#2562=CARTESIAN_POINT('Ctrl Pts',(-24.9824712599759,64.0401583074659,13.3869840988716));
#2563=CARTESIAN_POINT('Ctrl Pts',(-24.7492175215352,63.9109460206932,13.4069877073262));
#2564=CARTESIAN_POINT('Ctrl Pts',(-24.6069472931775,63.7946812381055,13.4));
#2565=CARTESIAN_POINT('Ctrl Pts',(-26.2893743832368,63.8499045464694,13.4));
#2566=CARTESIAN_POINT('Ctrl Pts',(-26.1434890616444,63.9736409752652,13.4));
#2567=CARTESIAN_POINT('Ctrl Pts',(-25.9027095859283,64.110924142684,13.3677646530637));
#2568=CARTESIAN_POINT('Ctrl Pts',(-25.5608173695918,64.1854345641814,13.3424092000673));
#2569=CARTESIAN_POINT('Ctrl Pts',(-25.3003865615491,64.1854669382431,13.3422670988265));
#2570=CARTESIAN_POINT('Ctrl Pts',(-24.9585240355782,64.1109071836663,13.3678524818401));
#2571=CARTESIAN_POINT('Ctrl Pts',(-24.7177033010975,63.9736409752653,13.4));
#2572=CARTESIAN_POINT('Ctrl Pts',(-24.571817979505,63.8499045464694,13.4));
#2573=CARTESIAN_POINT('Ctrl Pts',(-24.571817979505,63.8499045464694,13.4));
#2574=CARTESIAN_POINT('Ctrl Pts',(-24.7177033010975,63.9736409752653,13.4));
#2575=CARTESIAN_POINT('Ctrl Pts',(-24.9585240355782,64.1109071836663,13.3678524818401));
#2576=CARTESIAN_POINT('Ctrl Pts',(-25.3003865615491,64.1854669382431,13.3422670988265));
#2577=CARTESIAN_POINT('Ctrl Pts',(-25.5608173695918,64.1854345641814,13.3424092000673));
#2578=CARTESIAN_POINT('Ctrl Pts',(-25.9027095859283,64.110924142684,13.3677646530637));
#2579=CARTESIAN_POINT('Ctrl Pts',(-26.1434890616444,63.9736409752652,13.4));
#2580=CARTESIAN_POINT('Ctrl Pts',(-26.2893743832368,63.8499045464694,13.4));
#2581=CARTESIAN_POINT('Ctrl Pts',(-26.1551902891952,63.6389670464694,13.15));
#2582=CARTESIAN_POINT('Ctrl Pts',(-26.0320995491016,63.7172690053168,13.15));
#2583=CARTESIAN_POINT('Ctrl Pts',(-25.8289418664661,63.8041435096989,13.1258234897977));
#2584=CARTESIAN_POINT('Ctrl Pts',(-25.5404703089322,63.8512946358028,13.1068069000505));
#2585=CARTESIAN_POINT('Ctrl Pts',(-25.3207318146462,63.8513151225137,13.1067003241199));
#2586=CARTESIAN_POINT('Ctrl Pts',(-25.0322853083583,63.8041327778206,13.1258893613801));
#2587=CARTESIAN_POINT('Ctrl Pts',(-24.8290928136402,63.7172690053168,13.15));
#2588=CARTESIAN_POINT('Ctrl Pts',(-24.7060020735465,63.6389670464694,13.15));
#2589=CARTESIAN_POINT('Origin',(-24.0805961813709,14.9748812214694,12.4));
#2590=CARTESIAN_POINT('',(-24.0805961813709,1.55865164833532,13.4));
#2591=CARTESIAN_POINT('',(-24.0805961813709,14.9748812214694,13.4));
#2592=CARTESIAN_POINT('',(-24.0805961813709,-0.15890475539646,13.4));
#2593=CARTESIAN_POINT('Ctrl Pts',(-24.0805961813709,-0.15890475539646,13.4));
#2594=CARTESIAN_POINT('Ctrl Pts',(-24.018727966973,-0.085962094600229,13.4));
#2595=CARTESIAN_POINT('Ctrl Pts',(-23.9109275098967,0.0673394044436214,
13.3886858720198));
#2596=CARTESIAN_POINT('Ctrl Pts',(-23.800907433563,0.313241277048592,13.3613187569358));
#2597=CARTESIAN_POINT('Ctrl Pts',(-23.7449620219797,0.569684200705834,13.3420530611088));
#2598=CARTESIAN_POINT('Ctrl Pts',(-23.7449388174235,0.830039295088128,13.3419765623079));
#2599=CARTESIAN_POINT('Ctrl Pts',(-23.8009258647251,1.08654458837199,13.3613157442331));
#2600=CARTESIAN_POINT('Ctrl Pts',(-23.9108976380594,1.33235573678676,13.3886631797896));
#2601=CARTESIAN_POINT('Ctrl Pts',(-24.0187279669729,1.48570898753906,13.4));
#2602=CARTESIAN_POINT('Ctrl Pts',(-24.0805961813709,1.55865164833532,13.4));
#2603=CARTESIAN_POINT('',(-24.0805961813709,-0.65012655353057,13.4));
#2604=CARTESIAN_POINT('',(-24.0805961813709,14.9748812214694,13.4));
#2605=CARTESIAN_POINT('',(-23.0805961813709,-0.65012655353057,12.4));
#2606=CARTESIAN_POINT('Origin',(-24.0805961813709,-0.65012655353057,12.4));
#2607=CARTESIAN_POINT('',(-23.0805961813709,63.8499045464694,12.4));
#2608=CARTESIAN_POINT('',(-23.0805961813709,14.9748812214694,12.4));
#2609=CARTESIAN_POINT('',(-24.0805961813709,63.8499045464694,13.4));
#2610=CARTESIAN_POINT('Origin',(-24.0805961813709,63.8499045464694,12.4));
#2611=CARTESIAN_POINT('',(-24.0805961813709,14.9748812214694,13.4));
#2612=CARTESIAN_POINT('Origin',(-59.2803003582138,31.5998889964694,13.4));
#2613=CARTESIAN_POINT('',(-92.2712263331908,63.8499045464694,13.4));
#2614=CARTESIAN_POINT('',(-41.1804482697923,63.8499045464694,13.4));
#2615=CARTESIAN_POINT('',(-94.4800045350567,61.6411263446036,13.4));
#2616=CARTESIAN_POINT('Origin',(-93.1300045350567,62.4999045464694,13.4));
#2617=CARTESIAN_POINT('',(-94.4800045350567,1.55865164833531,13.4));
#2618=CARTESIAN_POINT('',(-94.4800045350567,48.2248967714694,13.4));
#2619=CARTESIAN_POINT('',(-92.2712263331908,-0.65012655353057,13.4));
#2620=CARTESIAN_POINT('Origin',(-93.1300045350567,0.699873446469427,13.4));
#2621=CARTESIAN_POINT('',(-26.2893743832368,-0.65012655353057,13.4));
#2622=CARTESIAN_POINT('',(-77.3801524466352,-0.65012655353057,13.4));
#2623=CARTESIAN_POINT('Origin',(-25.4305961813709,0.69987344646943,13.4));
#2624=CARTESIAN_POINT('',(-48.1542066996624,45.6457116955938,13.4));
#2625=CARTESIAN_POINT('',(-85.1542066996624,45.6457116955938,13.4));
#2626=CARTESIAN_POINT('',(-48.1542066996624,45.6457116955938,13.4));
#2627=CARTESIAN_POINT('',(-85.1542066996624,58.1457116955938,13.4));
#2628=CARTESIAN_POINT('',(-85.1542066996624,45.6457116955938,13.4));
#2629=CARTESIAN_POINT('',(-48.1542066996624,58.1457116955938,13.4));
#2630=CARTESIAN_POINT('',(-85.1542066996624,58.1457116955938,13.4));
#2631=CARTESIAN_POINT('',(-48.1542066996624,58.1457116955938,13.4));
#2632=CARTESIAN_POINT('',(-41.0859763426801,52.0156954733428,13.4));
#2633=CARTESIAN_POINT('Origin',(-37.4459763426801,52.0156954733428,13.4));
#2634=CARTESIAN_POINT('',(-49.2669423703003,42.9032206774309,13.4));
#2635=CARTESIAN_POINT('',(-49.2669423703003,23.6829226108472,13.4));
#2636=CARTESIAN_POINT('',(-49.2669423703003,23.6829226108472,13.4));
#2637=CARTESIAN_POINT('',(-30.046180473051,23.6829226108472,13.4));
#2638=CARTESIAN_POINT('',(-88.0461791766499,23.6829226108472,13.4));
#2639=CARTESIAN_POINT('',(-30.046180473051,4.02487315701156,13.4));
#2640=CARTESIAN_POINT('',(-30.046180473051,23.6829226108472,13.4));
#2641=CARTESIAN_POINT('',(-88.0461791766499,4.02487315701156,13.4));
#2642=CARTESIAN_POINT('',(-30.046180473051,4.02487315701155,13.4));
#2643=CARTESIAN_POINT('',(-88.0461791766499,23.6829226108472,13.4));
#2644=CARTESIAN_POINT('',(-88.0461791766499,4.02487315701155,13.4));
#2645=CARTESIAN_POINT('',(-68.863143137734,23.6829226108472,13.4));
#2646=CARTESIAN_POINT('',(-88.0461791766499,23.6829226108472,13.4));
#2647=CARTESIAN_POINT('',(-68.863143137734,42.9032206774309,13.4));
#2648=CARTESIAN_POINT('',(-68.863143137734,42.9032206774309,13.4));
#2649=CARTESIAN_POINT('',(-49.2669423703003,42.9032206774309,13.4));
#2650=CARTESIAN_POINT('Origin',(-25.4305961813709,62.4999045464694,13.4));
#2651=CARTESIAN_POINT('',(-24.0805961813709,62.4999045464694,11.4));
#2652=CARTESIAN_POINT('',(-24.0805961813709,62.4999045464694,13.4));
#2653=CARTESIAN_POINT('Origin',(-25.4305961813709,62.4999045464694,11.4));
#2654=CARTESIAN_POINT('Origin',(-25.4305961813709,0.69987344646943,13.15));
#2655=CARTESIAN_POINT('',(-24.2915336813709,-0.0247206613549145,13.15));
#2656=CARTESIAN_POINT('Origin',(-24.0805961813709,-0.15890475539646,13.15));
#2657=CARTESIAN_POINT('',(-24.7060020735465,-0.43918905353057,13.15));
#2658=CARTESIAN_POINT('Origin',(-25.4305961813709,0.69987344646943,13.15));
#2659=CARTESIAN_POINT('',(-24.571817979505,-0.65012655353057,13.4));
#2660=CARTESIAN_POINT('Origin',(-24.571817979505,-0.65012655353057,13.15));
#2661=CARTESIAN_POINT('Origin',(-25.4305961813709,0.69987344646943,13.4));
#2662=CARTESIAN_POINT('Origin',(-25.4305961813709,0.69987344646943,13.15));
#2663=CARTESIAN_POINT('',(-26.1551902891952,-0.43918905353057,13.15));
#2664=CARTESIAN_POINT('Origin',(-26.2893743832368,-0.65012655353057,13.15));
#2665=CARTESIAN_POINT('',(-24.2915336813709,1.42446755429377,13.15));
#2666=CARTESIAN_POINT('Origin',(-25.4305961813709,0.69987344646943,13.15));
#2667=CARTESIAN_POINT('Origin',(-24.0805961813709,1.55865164833532,13.15));
#2668=CARTESIAN_POINT('Ctrl Pts',(-24.7060020735465,-0.439189053530573,
13.15));
#2669=CARTESIAN_POINT('Ctrl Pts',(-24.7675474435934,-0.478340032954253,
13.15));
#2670=CARTESIAN_POINT('Ctrl Pts',(-24.8969345463133,-0.546578753840262,
13.1414919057452));
#2671=CARTESIAN_POINT('Ctrl Pts',(-25.0697777070622,-0.604570261813479,
13.1243994403046));
#2672=CARTESIAN_POINT('Ctrl Pts',(-25.2125481643228,-0.633886234389146,
13.1137221799108));
#2673=CARTESIAN_POINT('Ctrl Pts',(-25.3573848106676,-0.651590822658826,
13.1065057153789));
#2674=CARTESIAN_POINT('Ctrl Pts',(-25.5404415208005,-0.651582214745012,
13.1065439085764));
#2675=CARTESIAN_POINT('Ctrl Pts',(-25.7568182825331,-0.616177959135517,
13.1209950320708));
#2676=CARTESIAN_POINT('Ctrl Pts',(-25.9642963061619,-0.546557241895451,
13.1415163388322));
#2677=CARTESIAN_POINT('Ctrl Pts',(-26.0936449191484,-0.478340032954251,
13.15));
#2678=CARTESIAN_POINT('Ctrl Pts',(-26.1551902891952,-0.43918905353057,13.15));
#2679=CARTESIAN_POINT('Ctrl Pts',(-24.7060020735465,-0.439189053530573,
13.2154498469498));
#2680=CARTESIAN_POINT('Ctrl Pts',(-24.7693987089921,-0.479433637298952,
13.217646260033));
#2681=CARTESIAN_POINT('Ctrl Pts',(-24.9019468424784,-0.548569860503532,
13.213233972403));
#2682=CARTESIAN_POINT('Ctrl Pts',(-25.0755166888184,-0.605576985458983,
13.2003849660928));
#2683=CARTESIAN_POINT('Ctrl Pts',(-25.2168147640357,-0.633910637501781,
13.1921167489258));
#2684=CARTESIAN_POINT('Ctrl Pts',(-25.3591495169206,-0.650828777375684,
13.1864625923877));
#2685=CARTESIAN_POINT('Ctrl Pts',(-25.5378827295864,-0.650834056739772,
13.1864918508783));
#2686=CARTESIAN_POINT('Ctrl Pts',(-25.7509945693928,-0.616989550623987,
13.1978279061977));
#2687=CARTESIAN_POINT('Ctrl Pts',(-25.9593447845876,-0.548549282257366,
13.2132555744369));
#2688=CARTESIAN_POINT('Ctrl Pts',(-26.0917936537497,-0.479433637298946,
13.217646260033));
#2689=CARTESIAN_POINT('Ctrl Pts',(-26.1551902891952,-0.43918905353057,13.2154498469498));
#2690=CARTESIAN_POINT('Ctrl Pts',(-24.6769133009783,-0.48491662658934,13.3458043578563));
#2691=CARTESIAN_POINT('Ctrl Pts',(-24.7443710990924,-0.532352455291151,
13.352196005819));
#2692=CARTESIAN_POINT('Ctrl Pts',(-24.8846855551807,-0.613849971395453,
13.3555288616912));
#2693=CARTESIAN_POINT('Ctrl Pts',(-25.0660464038931,-0.681015499265759,
13.3505032185255));
#2694=CARTESIAN_POINT('Ctrl Pts',(-25.2118676213339,-0.714330698616043,
13.3466323881382));
#2695=CARTESIAN_POINT('Ctrl Pts',(-25.3577601350362,-0.734196521913568,
13.343810036122));
#2696=CARTESIAN_POINT('Ctrl Pts',(-25.5398479085972,-0.734203515793591,
13.3438271522915));
#2697=CARTESIAN_POINT('Ctrl Pts',(-25.7588078664872,-0.694467327363783,
13.349505492819));
#2698=CARTESIAN_POINT('Ctrl Pts',(-25.9765359574097,-0.613833310934743,
13.3555406894828));
#2699=CARTESIAN_POINT('Ctrl Pts',(-26.1168212636494,-0.532352455291139,
13.352196005819));
#2700=CARTESIAN_POINT('Ctrl Pts',(-26.1842790617634,-0.484916626589338,
13.3458043578563));
#2701=CARTESIAN_POINT('Ctrl Pts',(-24.6069472931775,-0.594903245166687,
13.4));
#2702=CARTESIAN_POINT('Ctrl Pts',(-24.6780795431642,-0.653049177054026,
13.4034937801425));
#2703=CARTESIAN_POINT('Ctrl Pts',(-24.8271665344574,-0.754476073138339,
13.3996626870179));
#2704=CARTESIAN_POINT('Ctrl Pts',(-25.0241923765125,-0.84077872152041,13.3853694988565));
#2705=CARTESIAN_POINT('Ctrl Pts',(-25.1855498935027,-0.884401645155538,
13.3759619275899));
#2706=CARTESIAN_POINT('Ctrl Pts',(-25.348540607805,-0.910741741054726,13.3694675496273));
#2707=CARTESIAN_POINT('Ctrl Pts',(-25.5537329379667,-0.910730486532411,
13.3695026907365));
#2708=CARTESIAN_POINT('Ctrl Pts',(-25.7975746557392,-0.858054940799,13.3825282950284));
#2709=CARTESIAN_POINT('Ctrl Pts',(-26.0340867831001,-0.754446117013638,
13.3996912934062));
#2710=CARTESIAN_POINT('Ctrl Pts',(-26.1831128195776,-0.653049177054013,
13.4034937801425));
#2711=CARTESIAN_POINT('Ctrl Pts',(-26.2542450695643,-0.594903245166686,
13.4));
#2712=CARTESIAN_POINT('Ctrl Pts',(-24.571817979505,-0.650126553530569,13.4));
#2713=CARTESIAN_POINT('Ctrl Pts',(-24.6447606403012,-0.711994767928486,
13.4));
#2714=CARTESIAN_POINT('Ctrl Pts',(-24.798108317599,-0.819828795995268,13.3886558743269));
#2715=CARTESIAN_POINT('Ctrl Pts',(-25.0029594710792,-0.911469697483807,
13.3658659204061));
#2716=CARTESIAN_POINT('Ctrl Pts',(-25.1721689019065,-0.957796172665107,
13.3516295732144));
#2717=CARTESIAN_POINT('Ctrl Pts',(-25.3438271494262,-0.985773793634477,
13.3420076205052));
#2718=CARTESIAN_POINT('Ctrl Pts',(-25.5607832503245,-0.985760191005239,
13.3420585447685));
#2719=CARTESIAN_POINT('Ctrl Pts',(-25.8172297827483,-0.929812725350726,
13.3613267094277));
#2720=CARTESIAN_POINT('Ctrl Pts',(-26.0631296626047,-0.819794801810869,
13.3886884517763));
#2721=CARTESIAN_POINT('Ctrl Pts',(-26.2164317224406,-0.711994767928474,
13.4));
#2722=CARTESIAN_POINT('Ctrl Pts',(-26.2893743832368,-0.650126553530569,
13.4));
#2723=CARTESIAN_POINT('Ctrl Pts',(-26.2893743832368,-0.650126553530569,
13.4));
#2724=CARTESIAN_POINT('Ctrl Pts',(-26.2164317224406,-0.711994767928474,
13.4));
#2725=CARTESIAN_POINT('Ctrl Pts',(-26.0631296626047,-0.819794801810869,
13.3886884517763));
#2726=CARTESIAN_POINT('Ctrl Pts',(-25.8172297827483,-0.929812725350726,
13.3613267094277));
#2727=CARTESIAN_POINT('Ctrl Pts',(-25.5607832503245,-0.985760191005239,
13.3420585447685));
#2728=CARTESIAN_POINT('Ctrl Pts',(-25.3438271494262,-0.985773793634477,
13.3420076205052));
#2729=CARTESIAN_POINT('Ctrl Pts',(-25.1721689019065,-0.957796172665107,
13.3516295732144));
#2730=CARTESIAN_POINT('Ctrl Pts',(-25.0029594710792,-0.911469697483807,
13.3658659204061));
#2731=CARTESIAN_POINT('Ctrl Pts',(-24.798108317599,-0.819828795995268,13.3886558743269));
#2732=CARTESIAN_POINT('Ctrl Pts',(-24.6447606403012,-0.711994767928486,
13.4));
#2733=CARTESIAN_POINT('Ctrl Pts',(-24.571817979505,-0.650126553530569,13.4));
#2734=CARTESIAN_POINT('Ctrl Pts',(-24.7060020735465,-0.439189053530573,
13.15));
#2735=CARTESIAN_POINT('Ctrl Pts',(-24.7675474435934,-0.478340032954253,
13.15));
#2736=CARTESIAN_POINT('Ctrl Pts',(-24.8969345463133,-0.546578753840262,
13.1414919057452));
#2737=CARTESIAN_POINT('Ctrl Pts',(-25.0697777070622,-0.604570261813479,
13.1243994403046));
#2738=CARTESIAN_POINT('Ctrl Pts',(-25.2125481643228,-0.633886234389146,
13.1137221799108));
#2739=CARTESIAN_POINT('Ctrl Pts',(-25.3573848106676,-0.651590822658826,
13.1065057153789));
#2740=CARTESIAN_POINT('Ctrl Pts',(-25.5404415208005,-0.651582214745012,
13.1065439085764));
#2741=CARTESIAN_POINT('Ctrl Pts',(-25.7568182825331,-0.616177959135517,
13.1209950320708));
#2742=CARTESIAN_POINT('Ctrl Pts',(-25.9642963061619,-0.546557241895451,
13.1415163388322));
#2743=CARTESIAN_POINT('Ctrl Pts',(-26.0936449191484,-0.478340032954251,
13.15));
#2744=CARTESIAN_POINT('Ctrl Pts',(-26.1551902891952,-0.43918905353057,13.15));
#2745=CARTESIAN_POINT('Ctrl Pts',(-24.2915336813709,1.42446755429377,13.15));
#2746=CARTESIAN_POINT('Ctrl Pts',(-24.2523827019472,1.36292218424696,13.15));
#2747=CARTESIAN_POINT('Ctrl Pts',(-24.1841463219316,1.23353037892468,13.1414973848422));
#2748=CARTESIAN_POINT('Ctrl Pts',(-24.1145548091185,1.02612722244973,13.1209868081748));
#2749=CARTESIAN_POINT('Ctrl Pts',(-24.0791255057479,0.809700881241462,13.1064824217309));
#2750=CARTESIAN_POINT('Ctrl Pts',(-24.0791401898811,0.590026270356399,13.1065397958316));
#2751=CARTESIAN_POINT('Ctrl Pts',(-24.1145431456487,0.373652553520596,13.1209890677018));
#2752=CARTESIAN_POINT('Ctrl Pts',(-24.1841652252037,0.16617284851015,13.1415144040149));
#2753=CARTESIAN_POINT('Ctrl Pts',(-24.2523827019472,0.0368247086918956,
13.15));
#2754=CARTESIAN_POINT('Ctrl Pts',(-24.2915336813709,-0.0247206613549145,
13.15));
#2755=CARTESIAN_POINT('Ctrl Pts',(-24.2915336813709,1.42446755429377,13.2154498469498));
#2756=CARTESIAN_POINT('Ctrl Pts',(-24.2512890976025,1.36107091884824,13.217646260033));
#2757=CARTESIAN_POINT('Ctrl Pts',(-24.1821589254497,1.22852062891138,13.2132411763238));
#2758=CARTESIAN_POINT('Ctrl Pts',(-24.1137458484304,1.0202748081883,13.1978194569839));
#2759=CARTESIAN_POINT('Ctrl Pts',(-24.0798959510125,0.807033431832929,13.1864435576388));
#2760=CARTESIAN_POINT('Ctrl Pts',(-24.0798935891592,0.592567072153648,13.1864903201765));
#2761=CARTESIAN_POINT('Ctrl Pts',(-24.1137347474175,0.379459998511907,13.1978233628539));
#2762=CARTESIAN_POINT('Ctrl Pts',(-24.1821753058947,0.171116941300402,13.2132546490911));
#2763=CARTESIAN_POINT('Ctrl Pts',(-24.2512890976025,0.0386759740906156,
13.217646260033));
#2764=CARTESIAN_POINT('Ctrl Pts',(-24.2915336813709,-0.0247206613549145,
13.2154498469498));
#2765=CARTESIAN_POINT('Ctrl Pts',(-24.2458077049766,1.45355531117266,13.3458062501993));
#2766=CARTESIAN_POINT('Ctrl Pts',(-24.1983718762747,1.3860975130586,13.3521978981621));
#2767=CARTESIAN_POINT('Ctrl Pts',(-24.1168776248926,1.24579873010457,13.3555364683805));
#2768=CARTESIAN_POINT('Ctrl Pts',(-24.0362688629625,1.02812841198024,13.3494954070208));
#2769=CARTESIAN_POINT('Ctrl Pts',(-23.9965264007617,0.809121931053199,13.3437964351809));
#2770=CARTESIAN_POINT('Ctrl Pts',(-23.9965229666912,0.590633232868778,13.3438279368013));
#2771=CARTESIAN_POINT('Ctrl Pts',(-24.0362564025989,0.371662777787478,13.349503080718));
#2772=CARTESIAN_POINT('Ctrl Pts',(-24.1168916333591,0.15393804849704,13.3555417442826));
#2773=CARTESIAN_POINT('Ctrl Pts',(-24.1983718762747,0.0136493798802405,
13.3521978981621));
#2774=CARTESIAN_POINT('Ctrl Pts',(-24.2458077049766,-0.0538084182337973,
13.3458062501993));
#2775=CARTESIAN_POINT('Ctrl Pts',(-24.1358194897348,1.52352233466286,13.4));
#2776=CARTESIAN_POINT('Ctrl Pts',(-24.0776735578474,1.45239008467609,13.4034937801425));
#2777=CARTESIAN_POINT('Ctrl Pts',(-23.9762502029902,1.3033027206575,13.3996731792939));
#2778=CARTESIAN_POINT('Ctrl Pts',(-23.8726824833263,1.06688146608543,13.3825194502878));
#2779=CARTESIAN_POINT('Ctrl Pts',(-23.8199705928611,0.822958248896007,13.369445829683));
#2780=CARTESIAN_POINT('Ctrl Pts',(-23.8199914964525,0.576731419465493,13.3695023506067));
#2781=CARTESIAN_POINT('Ctrl Pts',(-23.8726648588328,0.332890839361271,13.3825236899314));
#2782=CARTESIAN_POINT('Ctrl Pts',(-23.9762760623914,0.0963807282727006,
13.3996908183885));
#2783=CARTESIAN_POINT('Ctrl Pts',(-24.0776735578474,-0.0526431917372594,
13.4034937801425));
#2784=CARTESIAN_POINT('Ctrl Pts',(-24.1358194897348,-0.123775441724,13.4));
#2785=CARTESIAN_POINT('Ctrl Pts',(-24.0805961813709,1.55865164833532,13.4));
#2786=CARTESIAN_POINT('Ctrl Pts',(-24.0187279669729,1.48570898753906,13.4));
#2787=CARTESIAN_POINT('Ctrl Pts',(-23.9108976380594,1.33235573678676,13.3886631797896));
#2788=CARTESIAN_POINT('Ctrl Pts',(-23.8009258647251,1.08654458837199,13.3613157442331));
#2789=CARTESIAN_POINT('Ctrl Pts',(-23.7449388174235,0.830039295088128,13.3419765623079));
#2790=CARTESIAN_POINT('Ctrl Pts',(-23.7449620219797,0.569684200705834,13.3420530611088));
#2791=CARTESIAN_POINT('Ctrl Pts',(-23.800907433563,0.313241277048592,13.3613187569358));
#2792=CARTESIAN_POINT('Ctrl Pts',(-23.9109275098967,0.0673394044436214,
13.3886858720198));
#2793=CARTESIAN_POINT('Ctrl Pts',(-24.018727966973,-0.085962094600229,13.4));
#2794=CARTESIAN_POINT('Ctrl Pts',(-24.0805961813709,-0.15890475539646,13.4));
#2795=CARTESIAN_POINT('',(-24.0806085197368,0.699868918735842,13.1071143092976));
#2796=CARTESIAN_POINT('Ctrl Pts',(-24.2915336813709,1.42446755429377,13.15));
#2797=CARTESIAN_POINT('Ctrl Pts',(-24.2523827019472,1.36292218424696,13.15));
#2798=CARTESIAN_POINT('Ctrl Pts',(-24.1841463219316,1.23353037892468,13.1414973848422));
#2799=CARTESIAN_POINT('Ctrl Pts',(-24.1145548091185,1.02612722244973,13.1209868081748));
#2800=CARTESIAN_POINT('Ctrl Pts',(-24.0850306187952,0.845773337926951,13.108899913284));
#2801=CARTESIAN_POINT('Ctrl Pts',(-24.0806073477075,0.736343497525338,13.1071083328043));
#2802=CARTESIAN_POINT('Ctrl Pts',(-24.0806085197368,0.699868918735842,13.1071143092976));
#2803=CARTESIAN_POINT('Ctrl Pts',(-24.0806085197368,0.699868918735842,13.1071143092976));
#2804=CARTESIAN_POINT('Ctrl Pts',(-24.0806096918571,0.663391508882463,13.1071202862547));
#2805=CARTESIAN_POINT('Ctrl Pts',(-24.0850404535274,0.553965383694175,13.1089479143539));
#2806=CARTESIAN_POINT('Ctrl Pts',(-24.1145431456487,0.373652553520596,13.1209890677018));
#2807=CARTESIAN_POINT('Ctrl Pts',(-24.1841652252037,0.16617284851015,13.1415144040149));
#2808=CARTESIAN_POINT('Ctrl Pts',(-24.2523827019472,0.0368247086918956,
13.15));
#2809=CARTESIAN_POINT('Ctrl Pts',(-24.2915336813709,-0.0247206613549145,
13.15));
#2810=CARTESIAN_POINT('Origin',(-77.3801524466352,-0.65012655353057,12.4));
#2811=CARTESIAN_POINT('',(-93.9887827369225,-0.65012655353057,13.4));
#2812=CARTESIAN_POINT('Ctrl Pts',(-93.9887827369225,-0.650126553530565,
13.4));
#2813=CARTESIAN_POINT('Ctrl Pts',(-93.84289741533,-0.77386298232643,13.4));
#2814=CARTESIAN_POINT('Ctrl Pts',(-93.602048956992,-0.911162753174233,13.3677598435489));
#2815=CARTESIAN_POINT('Ctrl Pts',(-93.2602061797602,-0.985654309988006,
13.3424094984669));
#2816=CARTESIAN_POINT('Ctrl Pts',(-92.9997851858553,-0.985691631356672,
13.3422662476073));
#2817=CARTESIAN_POINT('Ctrl Pts',(-92.6578600511393,-0.911106794426886,
13.367857826846));
#2818=CARTESIAN_POINT('Ctrl Pts',(-92.4171116547832,-0.773862982326409,
13.4));
#2819=CARTESIAN_POINT('Ctrl Pts',(-92.2712263331908,-0.650126553530566,
13.4));
#2820=CARTESIAN_POINT('',(-94.4800045350567,-0.650126553530574,13.4));
#2821=CARTESIAN_POINT('',(-77.3801524466352,-0.65012655353057,13.4));
#2822=CARTESIAN_POINT('',(-94.4800045350566,-1.65012655353057,12.4));
#2823=CARTESIAN_POINT('Origin',(-94.4800045350567,-0.65012655353057,12.4));
#2824=CARTESIAN_POINT('',(-24.0805961813709,-1.65012655353057,12.4));
#2825=CARTESIAN_POINT('',(-77.3801524466352,-1.65012655353057,12.4));
#2826=CARTESIAN_POINT('Origin',(-24.0805961813709,-0.65012655353057,12.4));
#2827=CARTESIAN_POINT('',(-77.3801524466352,-0.65012655353057,13.4));
#2828=CARTESIAN_POINT('Origin',(-25.4305961813709,0.69987344646943,13.4));
#2829=CARTESIAN_POINT('',(-24.0805961813709,0.69987344646943,11.4));
#2830=CARTESIAN_POINT('',(-24.0805961813709,0.69987344646943,13.4));
#2831=CARTESIAN_POINT('Origin',(-25.4305961813709,0.69987344646943,11.4));
#2832=CARTESIAN_POINT('Origin',(-93.1300045350567,0.699873446469427,13.15));
#2833=CARTESIAN_POINT('',(-93.854598642881,-0.439189053530569,13.15));
#2834=CARTESIAN_POINT('Origin',(-93.9887827369225,-0.650126553530568,13.15));
#2835=CARTESIAN_POINT('',(-94.2690670350567,-0.024720661354912,13.15));
#2836=CARTESIAN_POINT('Origin',(-93.1300045350567,0.699873446469427,13.15));
#2837=CARTESIAN_POINT('',(-94.4800045350567,-0.158904755396456,13.4));
#2838=CARTESIAN_POINT('Origin',(-94.4800045350567,-0.158904755396456,13.15));
#2839=CARTESIAN_POINT('Origin',(-93.1300045350567,0.699873446469427,13.4));
#2840=CARTESIAN_POINT('Origin',(-93.1300045350567,0.699873446469427,13.15));
#2841=CARTESIAN_POINT('',(-94.2690670350567,1.42446755429377,13.15));
#2842=CARTESIAN_POINT('Origin',(-94.4800045350567,1.55865164833531,13.15));
#2843=CARTESIAN_POINT('',(-91.7800045350567,0.699873446469427,13.15));
#2844=CARTESIAN_POINT('Origin',(-93.1300045350567,0.699873446469427,13.15));
#2845=CARTESIAN_POINT('',(-92.4054104272323,-0.439189053530569,13.15));
#2846=CARTESIAN_POINT('Origin',(-93.1300045350567,0.699873446469427,13.15));
#2847=CARTESIAN_POINT('Origin',(-92.2712263331908,-0.650126553530568,13.15));
#2848=CARTESIAN_POINT('Ctrl Pts',(-94.2690670350567,-0.0247206613549072,
13.15));
#2849=CARTESIAN_POINT('Ctrl Pts',(-94.347368993904,0.0983700787387234,13.15));
#2850=CARTESIAN_POINT('Ctrl Pts',(-94.4342185810262,0.301501534525817,13.1258934101905));
#2851=CARTESIAN_POINT('Ctrl Pts',(-94.4814167994785,0.590000868698657,13.1066997220152));
#2852=CARTESIAN_POINT('Ctrl Pts',(-94.4813931819172,0.80973108257266,13.1068071609502));
#2853=CARTESIAN_POINT('Ctrl Pts',(-94.4342539934452,1.09816092657024,13.1258199205619));
#2854=CARTESIAN_POINT('Ctrl Pts',(-94.347368993904,1.30137681420013,13.15));
#2855=CARTESIAN_POINT('Ctrl Pts',(-94.2690670350567,1.42446755429376,13.15));
#2856=CARTESIAN_POINT('Ctrl Pts',(-94.2690670350567,-0.0247206613549072,
13.1873999125427));
#2857=CARTESIAN_POINT('Ctrl Pts',(-94.3486811349105,0.100472930108716,13.189912568774));
#2858=CARTESIAN_POINT('Ctrl Pts',(-94.4351665994461,0.305430236748356,13.169214028533));
#2859=CARTESIAN_POINT('Ctrl Pts',(-94.4812649749686,0.591453299879452,13.1524124947141));
#2860=CARTESIAN_POINT('Ctrl Pts',(-94.4812432014044,0.808311308502144,13.1525211047971));
#2861=CARTESIAN_POINT('Ctrl Pts',(-94.4352071836315,1.09423347872037,13.1691349767201));
#2862=CARTESIAN_POINT('Ctrl Pts',(-94.3486811349105,1.29927396283012,13.189912568774));
#2863=CARTESIAN_POINT('Ctrl Pts',(-94.2690670350567,1.42446755429376,13.1873999125427));
#2864=CARTESIAN_POINT('Ctrl Pts',(-94.2818018682296,-0.0328216962684782,
13.2525579379617));
#2865=CARTESIAN_POINT('Ctrl Pts',(-94.366351541115,0.0963027762305049,13.2593503144618));
#2866=CARTESIAN_POINT('Ctrl Pts',(-94.4566137279028,0.305850253753726,13.2443773524995));
#2867=CARTESIAN_POINT('Ctrl Pts',(-94.503826449384,0.592054801871746,13.2315657312307));
#2868=CARTESIAN_POINT('Ctrl Pts',(-94.5038051982439,0.807720652572243,13.2316764595802));
#2869=CARTESIAN_POINT('Ctrl Pts',(-94.4566621191429,1.09379758432897,13.2442889571136));
#2870=CARTESIAN_POINT('Ctrl Pts',(-94.3663515411151,1.3034441167083,13.2593503144618));
#2871=CARTESIAN_POINT('Ctrl Pts',(-94.2818018682296,1.43256858920733,13.2525579379617));
#2872=CARTESIAN_POINT('Ctrl Pts',(-94.3464626847957,-0.0739545109216279,
13.361317483431));
#2873=CARTESIAN_POINT('Ctrl Pts',(-94.4474965060645,0.0630517924707663,
13.3724439546123));
#2874=CARTESIAN_POINT('Ctrl Pts',(-94.5569342079384,0.285116090887371,13.3616663037197));
#2875=CARTESIAN_POINT('Ctrl Pts',(-94.6148749383308,0.586558554202054,13.351456060416));
#2876=CARTESIAN_POINT('Ctrl Pts',(-94.6148488780202,0.81321102545551,13.3515744167853));
#2877=CARTESIAN_POINT('Ctrl Pts',(-94.5569884886839,1.1145168189253,13.3615666559585));
#2878=CARTESIAN_POINT('Ctrl Pts',(-94.4474965060646,1.336695100468,13.3724439546123));
#2879=CARTESIAN_POINT('Ctrl Pts',(-94.3464626847957,1.47370140386048,13.361317483431));
#2880=CARTESIAN_POINT('Ctrl Pts',(-94.4247812266928,-0.123775441723985,
13.4));
#2881=CARTESIAN_POINT('Ctrl Pts',(-94.5410460092804,0.0184947866336673,
13.4069877073262));
#2882=CARTESIAN_POINT('Ctrl Pts',(-94.6702372185057,0.251679263220431,13.3869879314647));
#2883=CARTESIAN_POINT('Ctrl Pts',(-94.7404101548296,0.576733319021707,13.3697641414915));
#2884=CARTESIAN_POINT('Ctrl Pts',(-94.7403765148683,0.823051524276889,13.3698937755872));
#2885=CARTESIAN_POINT('Ctrl Pts',(-94.6702897111173,1.14798385388796,13.3868916053083));
#2886=CARTESIAN_POINT('Ctrl Pts',(-94.5410460092804,1.38125210630508,13.4069877073262));
#2887=CARTESIAN_POINT('Ctrl Pts',(-94.4247812266928,1.52352233466284,13.4));
#2888=CARTESIAN_POINT('Ctrl Pts',(-94.4800045350567,-0.158904755396443,
13.4));
#2889=CARTESIAN_POINT('Ctrl Pts',(-94.6037409638525,-0.0130194338040508,
13.4));
#2890=CARTESIAN_POINT('Ctrl Pts',(-94.740984755848,0.227728958239927,13.367857880254));
#2891=CARTESIAN_POINT('Ctrl Pts',(-94.8155695948837,0.56965409503737,13.3422662960203));
#2892=CARTESIAN_POINT('Ctrl Pts',(-94.8155322733055,0.830075089258404,13.3424095479336));
#2893=CARTESIAN_POINT('Ctrl Pts',(-94.7410407162138,1.17191786732963,13.3677598940825));
#2894=CARTESIAN_POINT('Ctrl Pts',(-94.6037409638525,1.4127663267428,13.4));
#2895=CARTESIAN_POINT('Ctrl Pts',(-94.4800045350567,1.5586516483353,13.4));
#2896=CARTESIAN_POINT('Ctrl Pts',(-94.4800045350567,1.5586516483353,13.4));
#2897=CARTESIAN_POINT('Ctrl Pts',(-94.6037409638525,1.4127663267428,13.4));
#2898=CARTESIAN_POINT('Ctrl Pts',(-94.7410407162138,1.17191786732963,13.3677598940825));
#2899=CARTESIAN_POINT('Ctrl Pts',(-94.8155322733055,0.830075089258404,13.3424095479336));
#2900=CARTESIAN_POINT('Ctrl Pts',(-94.8155695948837,0.56965409503737,13.3422662960203));
#2901=CARTESIAN_POINT('Ctrl Pts',(-94.740984755848,0.227728958239927,13.367857880254));
#2902=CARTESIAN_POINT('Ctrl Pts',(-94.6037409638525,-0.0130194338040508,
13.4));
#2903=CARTESIAN_POINT('Ctrl Pts',(-94.4800045350567,-0.158904755396443,
13.4));
#2904=CARTESIAN_POINT('Ctrl Pts',(-94.2690670350567,-0.0247206613549072,
13.15));
#2905=CARTESIAN_POINT('Ctrl Pts',(-94.347368993904,0.0983700787387234,13.15));
#2906=CARTESIAN_POINT('Ctrl Pts',(-94.4342185810262,0.301501534525817,13.1258934101905));
#2907=CARTESIAN_POINT('Ctrl Pts',(-94.4814167994785,0.590000868698657,13.1066997220152));
#2908=CARTESIAN_POINT('Ctrl Pts',(-94.4813931819172,0.80973108257266,13.1068071609502));
#2909=CARTESIAN_POINT('Ctrl Pts',(-94.4342539934452,1.09816092657024,13.1258199205619));
#2910=CARTESIAN_POINT('Ctrl Pts',(-94.347368993904,1.30137681420013,13.15));
#2911=CARTESIAN_POINT('Ctrl Pts',(-94.2690670350567,1.42446755429376,13.15));
#2912=CARTESIAN_POINT('Ctrl Pts',(-92.4054104272323,-0.43918905353057,13.15));
#2913=CARTESIAN_POINT('Ctrl Pts',(-92.5285011673259,-0.517491012377928,
13.15));
#2914=CARTESIAN_POINT('Ctrl Pts',(-92.7316326267514,-0.604340612222776,
13.1258933701345));
#2915=CARTESIAN_POINT('Ctrl Pts',(-93.020131959168,-0.651538829342392,13.1066996857055));
#2916=CARTESIAN_POINT('Ctrl Pts',(-93.2398621727752,-0.651515211913783,
13.1068071238502));
#2917=CARTESIAN_POINT('Ctrl Pts',(-93.5282920160646,-0.604376023617574,
13.1258198826617));
#2918=CARTESIAN_POINT('Ctrl Pts',(-93.7315079027874,-0.517491012377931,
13.15));
#2919=CARTESIAN_POINT('Ctrl Pts',(-93.854598642881,-0.439189053530566,13.15));
#2920=CARTESIAN_POINT('Ctrl Pts',(-92.4054104272323,-0.43918905353057,13.1873999125427));
#2921=CARTESIAN_POINT('Ctrl Pts',(-92.5306040186959,-0.518803153384402,
13.189912568774));
#2922=CARTESIAN_POINT('Ctrl Pts',(-92.7355613266882,-0.605288648890124,
13.1692139657304));
#2923=CARTESIAN_POINT('Ctrl Pts',(-93.0215843887526,-0.651387022111804,
13.1524124367919));
#2924=CARTESIAN_POINT('Ctrl Pts',(-93.2384423975983,-0.651365248986028,
13.1525210456611));
#2925=CARTESIAN_POINT('Ctrl Pts',(-93.5243645676149,-0.605329230938968,
13.1691349173843));
#2926=CARTESIAN_POINT('Ctrl Pts',(-93.7294050514174,-0.518803153384407,
13.189912568774));
#2927=CARTESIAN_POINT('Ctrl Pts',(-93.854598642881,-0.439189053530566,13.1873999125427));
#2928=CARTESIAN_POINT('Ctrl Pts',(-92.3973094645613,-0.451923773138098,
13.2525581383213));
#2929=CARTESIAN_POINT('Ctrl Pts',(-92.5264339370603,-0.536473446023561,
13.2593505148214));
#2930=CARTESIAN_POINT('Ctrl Pts',(-92.7359813555138,-0.626735656221039,
13.2443774740405));
#2931=CARTESIAN_POINT('Ctrl Pts',(-93.0221858900185,-0.67394837529859,13.2315658587381));
#2932=CARTESIAN_POINT('Ctrl Pts',(-93.2378517155401,-0.673927124306406,
13.2316765856566));
#2933=CARTESIAN_POINT('Ctrl Pts',(-93.5239286461201,-0.626784045509039,
13.2442890831724));
#2934=CARTESIAN_POINT('Ctrl Pts',(-93.733575133053,-0.536473446023568,13.2593505148214));
#2935=CARTESIAN_POINT('Ctrl Pts',(-93.862699605552,-0.451923773138094,13.2525581383213));
#2936=CARTESIAN_POINT('Ctrl Pts',(-92.3561766752205,-0.516584549913186,
13.361317805742));
#2937=CARTESIAN_POINT('Ctrl Pts',(-92.4931829786129,-0.617618371182085,
13.3724442769232));
#2938=CARTESIAN_POINT('Ctrl Pts',(-92.7152471984025,-0.727056102530709,
13.3616665804131));
#2939=CARTESIAN_POINT('Ctrl Pts',(-93.0166896425786,-0.784996830284011,
13.3514563422676));
#2940=CARTESIAN_POINT('Ctrl Pts',(-93.2433420792841,-0.784970770279805,
13.3515746980295));
#2941=CARTESIAN_POINT('Ctrl Pts',(-93.5446478706476,-0.727110380977052,
13.3615669356199));
#2942=CARTESIAN_POINT('Ctrl Pts',(-93.7668260915004,-0.6176183711821,13.3724442769232));
#2943=CARTESIAN_POINT('Ctrl Pts',(-93.9038323948929,-0.516584549913184,
13.361317805742));
#2944=CARTESIAN_POINT('Ctrl Pts',(-92.3063556468632,-0.594903245166684,
13.4));
#2945=CARTESIAN_POINT('Ctrl Pts',(-92.4486258752209,-0.711168027754316,
13.4069877073262));
#2946=CARTESIAN_POINT('Ctrl Pts',(-92.6818103505448,-0.840359252371214,
13.3869877733402));
#2947=CARTESIAN_POINT('Ctrl Pts',(-93.0068644072179,-0.9105321866662,13.3697639925412));
#2948=CARTESIAN_POINT('Ctrl Pts',(-93.2531826135794,-0.910498546754808,
13.3698936234232));
#2949=CARTESIAN_POINT('Ctrl Pts',(-93.5781149440664,-0.840411743608154,
13.3868914557003));
#2950=CARTESIAN_POINT('Ctrl Pts',(-93.8113831948923,-0.711168027754335,
13.4069877073262));
#2951=CARTESIAN_POINT('Ctrl Pts',(-93.9536534232501,-0.594903245166682,
13.4));
#2952=CARTESIAN_POINT('Ctrl Pts',(-92.2712263331908,-0.650126553530566,
13.4));
#2953=CARTESIAN_POINT('Ctrl Pts',(-92.4171116547832,-0.773862982326409,
13.4));
#2954=CARTESIAN_POINT('Ctrl Pts',(-92.6578600511393,-0.911106794426886,
13.367857826846));
#2955=CARTESIAN_POINT('Ctrl Pts',(-92.9997851858553,-0.985691631356672,
13.3422662476073));
#2956=CARTESIAN_POINT('Ctrl Pts',(-93.2602061797602,-0.985654309988006,
13.3424094984669));
#2957=CARTESIAN_POINT('Ctrl Pts',(-93.602048956992,-0.911162753174233,13.3677598435489));
#2958=CARTESIAN_POINT('Ctrl Pts',(-93.84289741533,-0.77386298232643,13.4));
#2959=CARTESIAN_POINT('Ctrl Pts',(-93.9887827369225,-0.650126553530565,
13.4));
#2960=CARTESIAN_POINT('Ctrl Pts',(-92.4054104272323,-0.43918905353057,13.15));
#2961=CARTESIAN_POINT('Ctrl Pts',(-92.5285011673259,-0.517491012377928,
13.15));
#2962=CARTESIAN_POINT('Ctrl Pts',(-92.7316326267514,-0.604340612222776,
13.1258933701345));
#2963=CARTESIAN_POINT('Ctrl Pts',(-93.020131959168,-0.651538829342392,13.1066996857055));
#2964=CARTESIAN_POINT('Ctrl Pts',(-93.2398621727752,-0.651515211913783,
13.1068071238502));
#2965=CARTESIAN_POINT('Ctrl Pts',(-93.5282920160646,-0.604376023617574,
13.1258198826617));
#2966=CARTESIAN_POINT('Ctrl Pts',(-93.7315079027874,-0.517491012377931,
13.15));
#2967=CARTESIAN_POINT('Ctrl Pts',(-93.854598642881,-0.439189053530566,13.15));
#2968=CARTESIAN_POINT('Origin',(-94.4800045350567,48.2248967714694,12.4));
#2969=CARTESIAN_POINT('',(-94.4800045350567,63.3586827483353,13.4));
#2970=CARTESIAN_POINT('Ctrl Pts',(-94.4800045350567,63.3586827483353,13.4));
#2971=CARTESIAN_POINT('Ctrl Pts',(-94.6037409638526,63.2127974267428,13.4));
#2972=CARTESIAN_POINT('Ctrl Pts',(-94.74100653242,62.9719766986155,13.367854211271));
#2973=CARTESIAN_POINT('Ctrl Pts',(-94.8155663465603,62.6301141159744,13.3422686684826));
#2974=CARTESIAN_POINT('Ctrl Pts',(-94.8155339641853,62.3696832943428,13.342410804123));
#2975=CARTESIAN_POINT('Ctrl Pts',(-94.7410235305808,62.027791048394,13.3677662921744));
#2976=CARTESIAN_POINT('Ctrl Pts',(-94.6037409638524,61.7870116661959,13.4));
#2977=CARTESIAN_POINT('Ctrl Pts',(-94.4800045350567,61.6411263446036,13.4));
#2978=CARTESIAN_POINT('',(-94.4800045350567,63.8499045464694,13.4));
#2979=CARTESIAN_POINT('',(-94.4800045350567,48.2248967714694,13.4));
#2980=CARTESIAN_POINT('',(-95.4800045350567,63.8499045464694,12.4));
#2981=CARTESIAN_POINT('Origin',(-94.4800045350567,63.8499045464694,12.4));
#2982=CARTESIAN_POINT('',(-95.4800045350567,-0.650126553530574,12.4));
#2983=CARTESIAN_POINT('',(-95.4800045350567,48.2248967714694,12.4));
#2984=CARTESIAN_POINT('Origin',(-94.4800045350567,-0.650126553530574,12.4));
#2985=CARTESIAN_POINT('',(-94.4800045350567,48.2248967714694,13.4));
#2986=CARTESIAN_POINT('Origin',(-93.1300045350567,0.699873446469427,13.4));
#2987=CARTESIAN_POINT('',(-91.7800045350567,0.699873446469427,11.4));
#2988=CARTESIAN_POINT('',(-91.7800045350567,0.699873446469427,13.4));
#2989=CARTESIAN_POINT('Origin',(-93.1300045350567,0.699873446469427,11.4));
#2990=CARTESIAN_POINT('Origin',(-93.1300045350567,62.4999045464694,13.15));
#2991=CARTESIAN_POINT('',(-94.2690670350567,63.2244986542938,13.15));
#2992=CARTESIAN_POINT('Origin',(-94.4800045350567,63.3586827483353,13.15));
#2993=CARTESIAN_POINT('',(-93.854598642881,63.6389670464694,13.15));
#2994=CARTESIAN_POINT('Origin',(-93.1300045350567,62.4999045464694,13.15));
#2995=CARTESIAN_POINT('',(-93.9887827369225,63.8499045464694,13.4));
#2996=CARTESIAN_POINT('Origin',(-93.9887827369225,63.8499045464694,13.15));
#2997=CARTESIAN_POINT('Origin',(-93.1300045350567,62.4999045464694,13.4));
#2998=CARTESIAN_POINT('Origin',(-93.1300045350567,62.4999045464694,13.15));
#2999=CARTESIAN_POINT('',(-92.4054104272323,63.6389670464694,13.15));
#3000=CARTESIAN_POINT('Origin',(-92.2712263331908,63.8499045464694,13.15));
#3001=CARTESIAN_POINT('',(-91.7800045350567,62.4999045464694,13.15));
#3002=CARTESIAN_POINT('Origin',(-93.1300045350567,62.4999045464694,13.15));
#3003=CARTESIAN_POINT('',(-94.2690670350567,61.7753104386451,13.15));
#3004=CARTESIAN_POINT('Origin',(-93.1300045350567,62.4999045464694,13.15));
#3005=CARTESIAN_POINT('Origin',(-94.4800045350567,61.6411263446036,13.15));
#3006=CARTESIAN_POINT('Ctrl Pts',(-93.854598642881,63.6389670464694,13.15));
#3007=CARTESIAN_POINT('Ctrl Pts',(-93.7315079027874,63.7172690053168,13.15));
#3008=CARTESIAN_POINT('Ctrl Pts',(-93.5283765486434,63.8041182364397,13.1258945310804));
#3009=CARTESIAN_POINT('Ctrl Pts',(-93.2398771654971,63.8513164921162,13.1067007382482));
#3010=CARTESIAN_POINT('Ctrl Pts',(-93.0201469441819,63.8512928708394,13.106808199271));
#3011=CARTESIAN_POINT('Ctrl Pts',(-92.7317170804413,63.8041536774949,13.1258209810924));
#3012=CARTESIAN_POINT('Ctrl Pts',(-92.528501167326,63.7172690053168,13.15));
#3013=CARTESIAN_POINT('Ctrl Pts',(-92.4054104272323,63.6389670464694,13.15));
#3014=CARTESIAN_POINT('Ctrl Pts',(-93.854598642881,63.6389670464694,13.1873999125427));
#3015=CARTESIAN_POINT('Ctrl Pts',(-93.7294050514174,63.7185811463233,13.189912568774));
#3016=CARTESIAN_POINT('Ctrl Pts',(-93.5244477825443,63.8050657441871,13.169215786021));
#3017=CARTESIAN_POINT('Ctrl Pts',(-93.238424689681,63.8511641840349,13.1524141157815));
#3018=CARTESIAN_POINT('Ctrl Pts',(-93.021566687267,63.8511423982001,13.1525227598004));
#3019=CARTESIAN_POINT('Ctrl Pts',(-92.7356445114302,63.8051063881391,13.1691366371461));
#3020=CARTESIAN_POINT('Ctrl Pts',(-92.530604018696,63.7185811463233,13.189912568774));
#3021=CARTESIAN_POINT('Ctrl Pts',(-92.4054104272323,63.6389670464694,13.1873999125427));
#3022=CARTESIAN_POINT('Ctrl Pts',(-93.8627018041056,63.651705222205,13.2525520143116));
#3023=CARTESIAN_POINT('Ctrl Pts',(-93.7335773316066,63.7362548950904,13.2593443908117));
#3024=CARTESIAN_POINT('Ctrl Pts',(-93.5240281085787,63.8265164190516,13.244373663856));
#3025=CARTESIAN_POINT('Ctrl Pts',(-93.2378231659795,63.8737292080068,13.2315618746655));
#3026=CARTESIAN_POINT('Ctrl Pts',(-93.022156575251,63.8737079525487,13.231672643665));
#3027=CARTESIAN_POINT('Ctrl Pts',(-92.7360796114312,63.8265648652748,13.2442851404832));
#3028=CARTESIAN_POINT('Ctrl Pts',(-92.5264317385067,63.7362548950904,13.2593443908117));
#3029=CARTESIAN_POINT('Ctrl Pts',(-92.3973072660077,63.651705222205,13.2525520143116));
#3030=CARTESIAN_POINT('Ctrl Pts',(-93.9038353578218,63.7163672005787,13.3613080439714));
#3031=CARTESIAN_POINT('Ctrl Pts',(-93.7668290544293,63.8174010218476,13.3724345151527));
#3032=CARTESIAN_POINT('Ctrl Pts',(-93.5447624357371,63.9268378921659,13.3616581883921));
#3033=CARTESIAN_POINT('Ctrl Pts',(-93.2433194196048,63.984778696633,13.3514477992079));
#3034=CARTESIAN_POINT('Ctrl Pts',(-93.016665935875,63.9847526276124,13.3515661736068));
#3035=CARTESIAN_POINT('Ctrl Pts',(-92.7153600847286,63.9268922375606,13.3615584551164));
#3036=CARTESIAN_POINT('Ctrl Pts',(-92.493180015684,63.8174010218476,13.3724345151527));
#3037=CARTESIAN_POINT('Ctrl Pts',(-92.3561737122915,63.7163672005787,13.3613080439714));
#3038=CARTESIAN_POINT('Ctrl Pts',(-93.9536534232501,63.7946812381055,13.4));
#3039=CARTESIAN_POINT('Ctrl Pts',(-93.8113831948924,63.9109460206932,13.4069877073262));
#3040=CARTESIAN_POINT('Ctrl Pts',(-93.5781986831241,64.0401367992787,13.3869923567327));
#3041=CARTESIAN_POINT('Ctrl Pts',(-93.2531446516421,64.1103097922449,13.3697683100302));
#3042=CARTESIAN_POINT('Ctrl Pts',(-93.0068264772226,64.1102761508719,13.3698980339665));
#3043=CARTESIAN_POINT('Ctrl Pts',(-92.6818941720313,64.040189330315,13.3868957921038));
#3044=CARTESIAN_POINT('Ctrl Pts',(-92.4486258752209,63.9109460206932,13.4069877073262));
#3045=CARTESIAN_POINT('Ctrl Pts',(-92.3063556468632,63.7946812381055,13.4));
#3046=CARTESIAN_POINT('Ctrl Pts',(-93.9887827369225,63.8499045464694,13.4));
#3047=CARTESIAN_POINT('Ctrl Pts',(-93.8428974153301,63.9736409752653,13.4));
#3048=CARTESIAN_POINT('Ctrl Pts',(-93.6021491437521,64.1108842046941,13.3678593747738));
#3049=CARTESIAN_POINT('Ctrl Pts',(-93.2602239489119,64.1854691025532,13.3422676509976));
#3050=CARTESIAN_POINT('Ctrl Pts',(-92.9998029458717,64.1854317751035,13.3424109323613));
#3051=CARTESIAN_POINT('Ctrl Pts',(-92.6579601444014,64.1109402103122,13.3677613081232));
#3052=CARTESIAN_POINT('Ctrl Pts',(-92.4171116547832,63.9736409752653,13.4));
#3053=CARTESIAN_POINT('Ctrl Pts',(-92.2712263331908,63.8499045464694,13.4));
#3054=CARTESIAN_POINT('Ctrl Pts',(-92.2712263331908,63.8499045464694,13.4));
#3055=CARTESIAN_POINT('Ctrl Pts',(-92.4171116547832,63.9736409752653,13.4));
#3056=CARTESIAN_POINT('Ctrl Pts',(-92.6579601444014,64.1109402103122,13.3677613081232));
#3057=CARTESIAN_POINT('Ctrl Pts',(-92.9998029458717,64.1854317751035,13.3424109323613));
#3058=CARTESIAN_POINT('Ctrl Pts',(-93.2602239489119,64.1854691025532,13.3422676509976));
#3059=CARTESIAN_POINT('Ctrl Pts',(-93.6021491437521,64.1108842046941,13.3678593747738));
#3060=CARTESIAN_POINT('Ctrl Pts',(-93.8428974153301,63.9736409752653,13.4));
#3061=CARTESIAN_POINT('Ctrl Pts',(-93.9887827369225,63.8499045464694,13.4));
#3062=CARTESIAN_POINT('Ctrl Pts',(-93.854598642881,63.6389670464694,13.15));
#3063=CARTESIAN_POINT('Ctrl Pts',(-93.7315079027874,63.7172690053168,13.15));
#3064=CARTESIAN_POINT('Ctrl Pts',(-93.5283765486434,63.8041182364397,13.1258945310804));
#3065=CARTESIAN_POINT('Ctrl Pts',(-93.2398771654971,63.8513164921162,13.1067007382482));
#3066=CARTESIAN_POINT('Ctrl Pts',(-93.0201469441819,63.8512928708394,13.106808199271));
#3067=CARTESIAN_POINT('Ctrl Pts',(-92.7317170804413,63.8041536774949,13.1258209810924));
#3068=CARTESIAN_POINT('Ctrl Pts',(-92.528501167326,63.7172690053168,13.15));
#3069=CARTESIAN_POINT('Ctrl Pts',(-92.4054104272323,63.6389670464694,13.15));
#3070=CARTESIAN_POINT('Ctrl Pts',(-94.2690670350567,61.7753104386451,13.15));
#3071=CARTESIAN_POINT('Ctrl Pts',(-94.347368993904,61.8984011787387,13.15));
#3072=CARTESIAN_POINT('Ctrl Pts',(-94.4342431181618,62.1015587824683,13.1258247191308));
#3073=CARTESIAN_POINT('Ctrl Pts',(-94.4813942519271,62.3900303649877,13.1068081030923));
#3074=CARTESIAN_POINT('Ctrl Pts',(-94.4814147438988,62.6097688707393,13.106701501362));
#3075=CARTESIAN_POINT('Ctrl Pts',(-94.4342323615132,62.8982154248427,13.1258906584532));
#3076=CARTESIAN_POINT('Ctrl Pts',(-94.347368993904,63.1014079142001,13.15));
#3077=CARTESIAN_POINT('Ctrl Pts',(-94.2690670350567,63.2244986542938,13.15));
#3078=CARTESIAN_POINT('Ctrl Pts',(-94.2690670350567,61.7753104386451,13.1873999125427));
#3079=CARTESIAN_POINT('Ctrl Pts',(-94.3486811349105,61.9005040301087,13.189912568774));
#3080=CARTESIAN_POINT('Ctrl Pts',(-94.435195988609,62.1054864901636,13.1691398933665));
#3081=CARTESIAN_POINT('Ctrl Pts',(-94.481243801572,62.3914502256839,13.1525227053931));
#3082=CARTESIAN_POINT('Ctrl Pts',(-94.4812624742995,62.6083163753262,13.1524147949314));
#3083=CARTESIAN_POINT('Ctrl Pts',(-94.4351797738235,62.8942867512573,13.1692125014055));
#3084=CARTESIAN_POINT('Ctrl Pts',(-94.3486811349105,63.0993050628301,13.189912568774));
#3085=CARTESIAN_POINT('Ctrl Pts',(-94.2690670350567,63.2244986542938,13.1873999125427));
#3086=CARTESIAN_POINT('Ctrl Pts',(-94.2818052107922,61.7672072774205,13.2525520143116));
#3087=CARTESIAN_POINT('Ctrl Pts',(-94.3663548836776,61.8963317499194,13.2593443908117));
#3088=CARTESIAN_POINT('Ctrl Pts',(-94.4566541260067,62.1059212687206,13.2442875910901));
#3089=CARTESIAN_POINT('Ctrl Pts',(-94.5038094440275,62.392040073272,13.2316726604176));
#3090=CARTESIAN_POINT('Ctrl Pts',(-94.5038274535418,62.6077147310412,13.2315624138658));
#3091=CARTESIAN_POINT('Ctrl Pts',(-94.4566310213702,62.8938664908649,13.2443713660408));
#3092=CARTESIAN_POINT('Ctrl Pts',(-94.3663548836776,63.1034773430193,13.2593443908117));
#3093=CARTESIAN_POINT('Ctrl Pts',(-94.2818052107922,63.2326018155183,13.2525520143116));
#3094=CARTESIAN_POINT('Ctrl Pts',(-94.3464671891659,61.7260737237043,13.3613080439714));
#3095=CARTESIAN_POINT('Ctrl Pts',(-94.4475010104347,61.8630800270967,13.3724345151527));
#3096=CARTESIAN_POINT('Ctrl Pts',(-94.5569791280397,62.0851985480319,13.3615603586303));
#3097=CARTESIAN_POINT('Ctrl Pts',(-94.6148544146703,62.3865485479117,13.3515662583907));
#3098=CARTESIAN_POINT('Ctrl Pts',(-94.6148765455781,62.6132104993487,13.3514482511767));
#3099=CARTESIAN_POINT('Ctrl Pts',(-94.5569556219692,62.9145973694366,13.3616566175896));
#3100=CARTESIAN_POINT('Ctrl Pts',(-94.4475010104349,63.1367290658421,13.3724345151527));
#3101=CARTESIAN_POINT('Ctrl Pts',(-94.3464671891659,63.2737353692346,13.3613080439714));
#3102=CARTESIAN_POINT('Ctrl Pts',(-94.4247812266928,61.676255658276,13.4));
#3103=CARTESIAN_POINT('Ctrl Pts',(-94.5410460092803,61.8185258866336,13.4069877073262));
#3104=CARTESIAN_POINT('Ctrl Pts',(-94.6702736306163,62.0517282209756,13.3868990723635));
#3105=CARTESIAN_POINT('Ctrl Pts',(-94.7403782093487,62.3767077694701,13.3698980381287));
#3106=CARTESIAN_POINT('Ctrl Pts',(-94.7404071955469,62.6230351959036,13.3697690184147));
#3107=CARTESIAN_POINT('Ctrl Pts',(-94.6702578082062,62.9480292997642,13.386989220106));
#3108=CARTESIAN_POINT('Ctrl Pts',(-94.5410460092805,63.1812832063051,13.4069877073262));
#3109=CARTESIAN_POINT('Ctrl Pts',(-94.4247812266928,63.3235534346629,13.4));
#3110=CARTESIAN_POINT('Ctrl Pts',(-94.4800045350567,61.6411263446036,13.4));
#3111=CARTESIAN_POINT('Ctrl Pts',(-94.6037409638524,61.7870116661959,13.4));
#3112=CARTESIAN_POINT('Ctrl Pts',(-94.7410235305808,62.027791048394,13.3677662921744));
#3113=CARTESIAN_POINT('Ctrl Pts',(-94.8155339641853,62.3696832943428,13.342410804123));
#3114=CARTESIAN_POINT('Ctrl Pts',(-94.8155663465603,62.6301141159744,13.3422686684826));
#3115=CARTESIAN_POINT('Ctrl Pts',(-94.74100653242,62.9719766986155,13.367854211271));
#3116=CARTESIAN_POINT('Ctrl Pts',(-94.6037409638526,63.2127974267428,13.4));
#3117=CARTESIAN_POINT('Ctrl Pts',(-94.4800045350567,63.3586827483353,13.4));
#3118=CARTESIAN_POINT('Ctrl Pts',(-94.2690670350567,61.7753104386451,13.15));
#3119=CARTESIAN_POINT('Ctrl Pts',(-94.347368993904,61.8984011787387,13.15));
#3120=CARTESIAN_POINT('Ctrl Pts',(-94.4342431181618,62.1015587824683,13.1258247191308));
#3121=CARTESIAN_POINT('Ctrl Pts',(-94.4813942519271,62.3900303649877,13.1068081030923));
#3122=CARTESIAN_POINT('Ctrl Pts',(-94.4814147438988,62.6097688707393,13.106701501362));
#3123=CARTESIAN_POINT('Ctrl Pts',(-94.4342323615132,62.8982154248427,13.1258906584532));
#3124=CARTESIAN_POINT('Ctrl Pts',(-94.347368993904,63.1014079142001,13.15));
#3125=CARTESIAN_POINT('Ctrl Pts',(-94.2690670350567,63.2244986542938,13.15));
#3126=CARTESIAN_POINT('Origin',(-41.1804482697923,63.8499045464694,12.4));
#3127=CARTESIAN_POINT('',(-41.1804482697923,63.8499045464694,13.4));
#3128=CARTESIAN_POINT('',(-24.0805961813709,64.8499045464694,12.4));
#3129=CARTESIAN_POINT('Origin',(-24.0805961813709,63.8499045464694,12.4));
#3130=CARTESIAN_POINT('',(-94.4800045350567,64.8499045464694,12.4));
#3131=CARTESIAN_POINT('',(-41.1804482697923,64.8499045464694,12.4));
#3132=CARTESIAN_POINT('Origin',(-94.4800045350567,63.8499045464694,12.4));
#3133=CARTESIAN_POINT('',(-41.1804482697923,63.8499045464694,13.4));
#3134=CARTESIAN_POINT('Origin',(-93.1300045350567,62.4999045464694,13.4));
#3135=CARTESIAN_POINT('',(-91.7800045350567,62.4999045464694,11.4));
#3136=CARTESIAN_POINT('',(-91.7800045350567,62.4999045464694,13.4));
#3137=CARTESIAN_POINT('Origin',(-93.1300045350567,62.4999045464694,11.4));
#3138=CARTESIAN_POINT('Origin',(-59.2803003582138,31.5998889964694,13.4));
#3139=CARTESIAN_POINT('Origin',(-59.2803003582138,31.5998889964694,13.4));
#3140=CARTESIAN_POINT('Origin',(-59.2803003582138,31.5998889964694,13.4));
#3141=CARTESIAN_POINT('Origin',(-59.2803003582138,31.5998889964694,13.4));
#3142=CARTESIAN_POINT('Origin',(-94.4800045350567,63.8499045464694,12.4));
#3143=CARTESIAN_POINT('Origin',(-94.4800045350567,63.8499045464694,12.4));
#3144=CARTESIAN_POINT('Origin',(-94.4800045350567,63.8499045464694,11.4));
#3145=CARTESIAN_POINT('',(-94.4800045350567,64.8499045464694,11.4));
#3146=CARTESIAN_POINT('',(-95.4800045350567,63.8499045464694,11.4));
#3147=CARTESIAN_POINT('Origin',(-94.4800045350567,63.8499045464694,11.4));
#3148=CARTESIAN_POINT('',(-95.4800045350567,63.8499045464694,11.4));
#3149=CARTESIAN_POINT('',(-94.4800045350567,64.8499045464694,11.4));
#3150=CARTESIAN_POINT('Origin',(-59.2803003582138,31.5998889964694,11.4));
#3151=CARTESIAN_POINT('',(-24.0805961813709,64.8499045464694,11.4));
#3152=CARTESIAN_POINT('',(-95.4800045350567,64.8499045464694,11.4));
#3153=CARTESIAN_POINT('',(-23.0805961813709,63.8499045464694,11.4));
#3154=CARTESIAN_POINT('Origin',(-24.0805961813709,63.8499045464694,11.4));
#3155=CARTESIAN_POINT('',(-23.0805961813709,-0.650126553530574,11.4));
#3156=CARTESIAN_POINT('',(-23.0805961813709,64.8499045464694,11.4));
#3157=CARTESIAN_POINT('',(-24.0805961813709,-1.65012655353057,11.4));
#3158=CARTESIAN_POINT('Origin',(-24.0805961813709,-0.650126553530571,11.4));
#3159=CARTESIAN_POINT('',(-94.4800045350566,-1.65012655353057,11.4));
#3160=CARTESIAN_POINT('',(-23.0805961813709,-1.65012655353057,11.4));
#3161=CARTESIAN_POINT('',(-95.4800045350567,-0.65012655353057,11.4));
#3162=CARTESIAN_POINT('Origin',(-94.4800045350566,-0.65012655353057,11.4));
#3163=CARTESIAN_POINT('',(-95.4800045350567,-1.65012655353057,11.4));
#3164=CARTESIAN_POINT('',(-49.2669423703003,42.9032206774309,11.4));
#3165=CARTESIAN_POINT('',(-49.2669423703003,23.6829226108472,11.4));
#3166=CARTESIAN_POINT('',(-49.2669423703003,23.6829226108472,11.4));
#3167=CARTESIAN_POINT('',(-68.863143137734,42.9032206774309,11.4));
#3168=CARTESIAN_POINT('',(-49.2669423703003,42.9032206774309,11.4));
#3169=CARTESIAN_POINT('',(-68.863143137734,23.6829226108472,11.4));
#3170=CARTESIAN_POINT('',(-68.863143137734,42.9032206774309,11.4));
#3171=CARTESIAN_POINT('',(-88.0461791766499,23.6829226108472,11.4));
#3172=CARTESIAN_POINT('',(-88.0461791766499,23.6829226108472,11.4));
#3173=CARTESIAN_POINT('',(-88.0461791766499,4.02487315701155,11.4));
#3174=CARTESIAN_POINT('',(-88.0461791766499,4.02487315701155,11.4));
#3175=CARTESIAN_POINT('',(-30.046180473051,4.02487315701155,11.4));
#3176=CARTESIAN_POINT('',(-30.046180473051,4.02487315701155,11.4));
#3177=CARTESIAN_POINT('',(-30.046180473051,23.6829226108472,11.4));
#3178=CARTESIAN_POINT('',(-30.046180473051,23.6829226108472,11.4));
#3179=CARTESIAN_POINT('',(-88.0461791766499,23.6829226108472,11.4));
#3180=CARTESIAN_POINT('',(-41.0859763426801,52.0156954733428,11.4));
#3181=CARTESIAN_POINT('Origin',(-37.4459763426801,52.0156954733428,11.4));
#3182=CARTESIAN_POINT('',(-48.1542066996624,45.6457116955938,11.4));
#3183=CARTESIAN_POINT('',(-85.1542066996624,45.6457116955938,11.4));
#3184=CARTESIAN_POINT('',(-48.1542066996624,45.6457116955938,11.4));
#3185=CARTESIAN_POINT('',(-48.1542066996624,58.1457116955938,11.4));
#3186=CARTESIAN_POINT('',(-48.1542066996624,58.1457116955938,11.4));
#3187=CARTESIAN_POINT('',(-85.1542066996624,58.1457116955938,11.4));
#3188=CARTESIAN_POINT('',(-85.1542066996624,58.1457116955938,11.4));
#3189=CARTESIAN_POINT('',(-85.1542066996624,45.6457116955938,11.4));
#3190=CARTESIAN_POINT('Origin',(-23.0805961813709,64.8499045464694,11.4));
#3191=CARTESIAN_POINT('',(-24.0805961813709,64.8499045464694,11.4));
#3192=CARTESIAN_POINT('Origin',(-24.0805961813709,63.8499045464694,12.4));
#3193=CARTESIAN_POINT('Origin',(-24.0805961813709,63.8499045464694,12.4));
#3194=CARTESIAN_POINT('Origin',(-24.0805961813709,63.8499045464694,11.4));
#3195=CARTESIAN_POINT('',(-23.0805961813709,63.8499045464694,11.4));
#3196=CARTESIAN_POINT('Origin',(-94.4800045350566,-0.65012655353057,11.4));
#3197=CARTESIAN_POINT('',(-94.4800045350566,-1.65012655353057,11.4));
#3198=CARTESIAN_POINT('Origin',(-94.4800045350566,-0.65012655353057,12.4));
#3199=CARTESIAN_POINT('',(-95.4800045350567,-0.65012655353057,11.4));
#3200=CARTESIAN_POINT('Origin',(-94.4800045350567,-0.650126553530572,12.4));
#3201=CARTESIAN_POINT('Origin',(-95.4800045350567,-1.65012655353057,11.4));
#3202=CARTESIAN_POINT('',(-24.0805961813709,-1.65012655353057,11.4));
#3203=CARTESIAN_POINT('Origin',(-24.0805961813709,-0.650126553530571,11.4));
#3204=CARTESIAN_POINT('',(-23.0805961813709,-0.650126553530571,11.4));
#3205=CARTESIAN_POINT('Origin',(-24.0805961813709,-0.650126553530571,12.4));
#3206=CARTESIAN_POINT('Origin',(-24.0805961813709,-0.65012655353057,12.4));
#3207=CARTESIAN_POINT('Origin',(-23.0805961813709,-1.65012655353057,11.4));
#3208=CARTESIAN_POINT('Origin',(-95.4800045350567,64.8499045464694,11.4));
#3209=CARTESIAN_POINT('Origin',(-68.863143137734,42.9032206774309,11.4));
#3210=CARTESIAN_POINT('',(-49.2669423703003,42.9032206774309,11.4));
#3211=CARTESIAN_POINT('',(-68.863143137734,42.9032206774309,11.4));
#3212=CARTESIAN_POINT('Origin',(-68.863143137734,23.6829226108472,11.4));
#3213=CARTESIAN_POINT('',(-68.863143137734,23.6829226108472,11.4));
#3214=CARTESIAN_POINT('Origin',(-88.0461791766499,23.6829226108472,11.4));
#3215=CARTESIAN_POINT('',(-88.0461791766499,23.6829226108472,11.4));
#3216=CARTESIAN_POINT('Origin',(-88.0461791766499,4.02487315701155,11.4));
#3217=CARTESIAN_POINT('',(-88.0461791766499,4.02487315701155,11.4));
#3218=CARTESIAN_POINT('Origin',(-30.046180473051,4.02487315701155,11.4));
#3219=CARTESIAN_POINT('',(-30.046180473051,4.02487315701155,11.4));
#3220=CARTESIAN_POINT('Origin',(-30.046180473051,23.6829226108472,11.4));
#3221=CARTESIAN_POINT('',(-30.046180473051,23.6829226108472,11.4));
#3222=CARTESIAN_POINT('Origin',(-49.2669423703003,23.6829226108472,11.4));
#3223=CARTESIAN_POINT('',(-49.2669423703003,23.6829226108472,11.4));
#3224=CARTESIAN_POINT('Origin',(-49.2669423703003,42.9032206774309,11.4));
#3225=CARTESIAN_POINT('Origin',(-37.4459763426801,52.0156954733428,11.4));
#3226=CARTESIAN_POINT('',(-41.0859763426801,52.0156954733428,11.4));
#3227=CARTESIAN_POINT('Origin',(-48.1542066996624,58.1457116955938,11.4));
#3228=CARTESIAN_POINT('',(-48.1542066996624,45.6457116955938,11.4));
#3229=CARTESIAN_POINT('',(-48.1542066996624,58.1457116955938,11.4));
#3230=CARTESIAN_POINT('Origin',(-85.1542066996624,58.1457116955938,11.4));
#3231=CARTESIAN_POINT('',(-85.1542066996624,58.1457116955938,11.4));
#3232=CARTESIAN_POINT('Origin',(-85.1542066996624,45.6457116955938,11.4));
#3233=CARTESIAN_POINT('',(-85.1542066996624,45.6457116955938,11.4));
#3234=CARTESIAN_POINT('Origin',(-48.1542066996624,45.6457116955938,11.4));
#3235=UNCERTAINTY_MEASURE_WITH_UNIT(LENGTH_MEASURE(0.01),#3239,
'DISTANCE_ACCURACY_VALUE',
'Maximum model space distance between geometric entities at asserted c
onnectivities');
#3236=UNCERTAINTY_MEASURE_WITH_UNIT(LENGTH_MEASURE(0.01),#3239,
'DISTANCE_ACCURACY_VALUE',
'Maximum model space distance between geometric entities at asserted c
onnectivities');
#3237=(
GEOMETRIC_REPRESENTATION_CONTEXT(3)
GLOBAL_UNCERTAINTY_ASSIGNED_CONTEXT((#3235))
GLOBAL_UNIT_ASSIGNED_CONTEXT((#3239,#3241,#3242))
REPRESENTATION_CONTEXT('','3D')
);
#3238=(
GEOMETRIC_REPRESENTATION_CONTEXT(3)
GLOBAL_UNCERTAINTY_ASSIGNED_CONTEXT((#3236))
GLOBAL_UNIT_ASSIGNED_CONTEXT((#3239,#3241,#3242))
REPRESENTATION_CONTEXT('','3D')
);
#3239=(
LENGTH_UNIT()
NAMED_UNIT(*)
SI_UNIT(.MILLI.,.METRE.)
);
#3240=(
LENGTH_UNIT()
NAMED_UNIT(*)
SI_UNIT($,.METRE.)
);
#3241=(
NAMED_UNIT(*)
PLANE_ANGLE_UNIT()
SI_UNIT($,.RADIAN.)
);
#3242=(
NAMED_UNIT(*)
SI_UNIT($,.STERADIAN.)
SOLID_ANGLE_UNIT()
);
#3243=SHAPE_DEFINITION_REPRESENTATION(#3244,#3245);
#3244=PRODUCT_DEFINITION_SHAPE('',$,#3247);
#3245=SHAPE_REPRESENTATION('',(#1626),#3237);
#3246=PRODUCT_DEFINITION_CONTEXT('part definition',#3251,'design');
#3247=PRODUCT_DEFINITION('hackpad','hackpad v9',#3248,#3246);
#3248=PRODUCT_DEFINITION_FORMATION('',$,#3253);
#3249=PRODUCT_RELATED_PRODUCT_CATEGORY('hackpad v9','hackpad v9',(#3253));
#3250=APPLICATION_PROTOCOL_DEFINITION('international standard',
'automotive_design',2009,#3251);
#3251=APPLICATION_CONTEXT(
'Core Data for Automotive Mechanical Design Process');
#3252=PRODUCT_CONTEXT('part definition',#3251,'mechanical');
#3253=PRODUCT('hackpad','hackpad v9',$,(#3252));
#3254=PRESENTATION_STYLE_ASSIGNMENT((#3255));
#3255=SURFACE_STYLE_USAGE(.BOTH.,#3256);
#3256=SURFACE_SIDE_STYLE('',(#3257));
#3257=SURFACE_STYLE_FILL_AREA(#3258);
#3258=FILL_AREA_STYLE('Steel - Satin',(#3259));
#3259=FILL_AREA_STYLE_COLOUR('Steel - Satin',#3260);
#3260=COLOUR_RGB('Steel - Satin',0.627450980392157,0.627450980392157,0.627450980392157);
ENDSEC;
END-ISO-10303-21;
